{"sections":{"collection-banner":{"type":"collection-banner","settings":{"show_collection_image":true,"show_collection_title":false,"show_collection_description":true,"section_height":"auto","text_width":"medium","image_text_color":"#ffffff","image_overlay_color":"#000000","image_overlay_opacity":0,"quick_links":""}},"80071cd7-a1ee-42ba-b477-5a9907224006":{"type":"Countdown-Timer","disabled":true,"settings":{"subheading":"","ending_text":"Ending In:","enddate":"2024-03-26 23:59:59","hours":10,"minutes":5,"seconds":30,"background_color":"#e71a1a","text_color":"#ffffff","custom_class":"flash_sale_banner_timer-collection"}},"featured_collections_9ggaQJ":{"type":"featured-collections","blocks":{"collection_yaUBpJ":{"type":"collection","settings":{"collection":"bestsellers","label":"","button_text":"View All","button_url":"shopify:\/\/collections\/bestsellers"}}},"block_order":["collection_yaUBpJ"],"settings":{"subheading":"","title":"In the Spotlight","content":"","scrollid":"","products_count":10,"products_per_row":4,"stack_products":false,"show_cta":true,"background":"rgba(0,0,0,0)","text_color":"rgba(0,0,0,0)","button_background":"rgba(0,0,0,0)","button_text_color":"rgba(0,0,0,0)"}},"featured_collections_XHteKF":{"type":"featured-collections","blocks":{"collection_VQXRtc":{"type":"collection","settings":{"collection":"face-care","label":"","button_text":"View All","button_url":"shopify:\/\/collections\/face-care"}}},"block_order":["collection_VQXRtc"],"settings":{"subheading":"","title":"Explore Skin Care","content":"","scrollid":"","products_count":10,"products_per_row":4,"stack_products":false,"show_cta":true,"background":"rgba(0,0,0,0)","text_color":"rgba(0,0,0,0)","button_background":"rgba(0,0,0,0)","button_text_color":"rgba(0,0,0,0)"}},"featured_collections_fEgyK7":{"type":"featured-collections","blocks":{"collection_zymKMK":{"type":"collection","settings":{"collection":"hair-care","label":"","button_text":"View All","button_url":"shopify:\/\/collections\/hair-care"}}},"block_order":["collection_zymKMK"],"settings":{"subheading":"","title":"Explore Hair Care","content":"","scrollid":"","products_count":10,"products_per_row":4,"stack_products":false,"show_cta":true,"background":"rgba(0,0,0,0)","text_color":"rgba(0,0,0,0)","button_background":"rgba(0,0,0,0)","button_text_color":"rgba(0,0,0,0)"}},"featured_collections_X49hPH":{"type":"featured-collections","blocks":{"collection_pVVVTY":{"type":"collection","settings":{"collection":"makeup","label":"","button_text":"View All","button_url":"shopify:\/\/collections\/makeup"}}},"block_order":["collection_pVVVTY"],"settings":{"subheading":"","title":"Explore Glam Essentials","content":"","scrollid":"","products_count":10,"products_per_row":4,"stack_products":false,"show_cta":true,"background":"rgba(0,0,0,0)","text_color":"rgba(0,0,0,0)","button_background":"rgba(0,0,0,0)","button_text_color":"rgba(0,0,0,0)"}},"featured_collections_RqLmGj":{"type":"featured-collections","blocks":{"collection_ai7CjM":{"type":"collection","settings":{"collection":"fragrances","label":"","button_text":"View All","button_url":"shopify:\/\/collections\/fragrances"}}},"block_order":["collection_ai7CjM"],"settings":{"subheading":"","title":"Explore Fragrances","content":"","scrollid":"","products_count":10,"products_per_row":4,"stack_products":false,"show_cta":true,"background":"rgba(0,0,0,0)","text_color":"rgba(0,0,0,0)","button_background":"rgba(0,0,0,0)","button_text_color":"rgba(0,0,0,0)"}},"featured_collections_3wjqF6":{"type":"featured-collections","blocks":{"collection_VDkbUz":{"type":"collection","settings":{"collection":"lip-care","label":"","button_text":"View All","button_url":"shopify:\/\/collections\/lip-care"}}},"block_order":["collection_VDkbUz"],"settings":{"subheading":"","title":"Explore Lip Care","content":"","scrollid":"","products_count":10,"products_per_row":4,"stack_products":false,"show_cta":true,"background":"rgba(0,0,0,0)","text_color":"rgba(0,0,0,0)","button_background":"rgba(0,0,0,0)","button_text_color":"rgba(0,0,0,0)"}},"bac80af5-2235-49c7-9e03-87c76e7c6bbb":{"type":"slideshow","blocks":{"template--16805255839973__bac80af5-2235-49c7-9e03-87c76e7c6bbb-image-1":{"type":"image","settings":{"image":"shopify:\/\/shop_images\/Flash-Sale-Rules-Banner-Desktop-Size_3d4e39f6-5e70-4166-8987-75446d6ae5ff.jpg","mobile_image":"shopify:\/\/shop_images\/Flash-Sale-Rules-Banner-Mobile-Size_c1516e35-7c93-4982-87a0-b5dfd19b65e5.jpg","text_position":"middle_center","subheading":"","title":"","button_1_text":"","button_1_link":"","button_2_text":"","button_2_link":"","text_color":"#ffffff","button_background":"#ffffff","button_text_color":"#000000","overlay_color":"#000000","overlay_opacity":0}}},"block_order":["template--16805255839973__bac80af5-2235-49c7-9e03-87c76e7c6bbb-image-1"],"disabled":true,"settings":{"subheading":"","title":"","content":"","custom_class":"","scrollid":"","section_height":"auto","transition_type":"sweep","autoplay":true,"cycle_speed":5,"background":"rgba(0,0,0,0)","text_width":"medium","text_position":"center","text_alignment":"center"}},"main":{"type":"main-collection","blocks":{"9e6300d5-6114-453b-9c2a-96af83809201":{"type":"image","settings":{"subheading":"","title":"","link_text":"","link_url":"","link_style":"link","text_position":"middle_left","background":"#f7f8fd","text_color":"#1e316a","button_background":"#ffffff","button_text_color":"#1e316a"}}},"block_order":["9e6300d5-6114-453b-9c2a-96af83809201"],"disabled":true,"settings":{"show_sort_by":true,"products_per_page":24,"mobile_products_per_row":"2","desktop_products_per_row":4,"show_cta":true,"show_pagination":false,"show_filters":true,"show_filter_group_name":false,"show_color_swatch":true,"open_first_filter_group":true,"filter_position":"always_visible","promotion_position":"top","promotion_height":"small"}},"ea30d4a4-d1c2-4fe9-8d4b-4fa820896978":{"type":"rich-text","disabled":true,"settings":{"subheading":"","title":"","content":"<p><strong>✨Only for you: ✨<br\/>-  <\/strong>Buy any 3 @ ₹999 and Get a <strong>FREE<\/strong> Jute Bag Worth ₹<strong>599<\/strong><\/p>","button_text":"","button_link":"","button_control":"","custom_class":"","background_type":"full_width","text_width":"medium","text_position":"left","text_alignment":"left","background":"#fff7e5","text_color":"rgba(0,0,0,0)","button_background":"rgba(0,0,0,0)","button_text_color":"rgba(0,0,0,0)"}},"16856236138cd51c4e":{"type":"apps","disabled":true,"settings":{"include_horizontal_margins":true,"include_vertical_margins":true}}},"order":["collection-banner","80071cd7-a1ee-42ba-b477-5a9907224006","featured_collections_9ggaQJ","featured_collections_XHteKF","featured_collections_fEgyK7","featured_collections_X49hPH","featured_collections_RqLmGj","featured_collections_3wjqF6","bac80af5-2235-49c7-9e03-87c76e7c6bbb","main","ea30d4a4-d1c2-4fe9-8d4b-4fa820896978","16856236138cd51c4e"]}