{"sections":{"collection-banner":{"type":"collection-banner","settings":{"show_collection_image":true,"show_collection_title":false,"show_collection_description":true,"section_height":"auto","text_width":"medium","image_text_color":"#ffffff","image_overlay_color":"#000000","image_overlay_opacity":0,"quick_links":""}},"rich_text_NeM8gq":{"type":"rich-text","settings":{"subheading":"H2","title":"{{ collection.title }}","content":"","button_text":"","button_link":"","button_control":"","custom_class":"","background_type":"full_width","text_width":"medium","text_position":"center","text_alignment":"center","background":"rgba(0,0,0,0)","text_color":"rgba(0,0,0,0)","button_background":"rgba(0,0,0,0)","button_text_color":"rgba(0,0,0,0)"}},"main":{"type":"main-collection","settings":{"show_sort_by":true,"products_per_page":24,"mobile_products_per_row":"2","desktop_products_per_row":4,"show_cta":true,"show_pagination":true,"show_filters":true,"show_filter_group_name":false,"show_color_swatch":true,"open_first_filter_group":true,"filter_position":"always_visible","promotion_position":"top","promotion_height":"small"}},"b99ff9c4-efd9-4568-a9d7-feed4e338f6c":{"type":"logo-list","blocks":{"template--16796137259237__b99ff9c4-efd9-4568-a9d7-feed4e338f6c-logo-1":{"type":"logo","settings":{"logo":"shopify:\/\/shop_images\/Yamis-Picks-Banner-1080x1080.jpg","link":""}},"template--16796137259237__b99ff9c4-efd9-4568-a9d7-feed4e338f6c-logo-2":{"type":"logo","settings":{"logo":"shopify:\/\/shop_images\/WhatsApp_Image_2023-01-11_at_6.02.38_PM.jpg","link":""}},"template--16796137259237__b99ff9c4-efd9-4568-a9d7-feed4e338f6c-logo-3":{"type":"logo","settings":{"logo":"shopify:\/\/shop_images\/WhatsApp_Image_2023-01-11_at_6.02.37_PM.jpg","link":""}},"template--16796137259237__b99ff9c4-efd9-4568-a9d7-feed4e338f6c-logo-4":{"type":"logo","settings":{"logo":"shopify:\/\/shop_images\/WhatsApp_Image_2023-01-11_at_5.58.21_PM_1.jpg","link":""}},"template--16796137259237__b99ff9c4-efd9-4568-a9d7-feed4e338f6c-logo-5":{"type":"logo","disabled":true,"settings":{"link":""}},"template--16796137259237__b99ff9c4-efd9-4568-a9d7-feed4e338f6c-logo-6":{"type":"logo","disabled":true,"settings":{"link":""}}},"block_order":["template--16796137259237__b99ff9c4-efd9-4568-a9d7-feed4e338f6c-logo-1","template--16796137259237__b99ff9c4-efd9-4568-a9d7-feed4e338f6c-logo-2","template--16796137259237__b99ff9c4-efd9-4568-a9d7-feed4e338f6c-logo-3","template--16796137259237__b99ff9c4-efd9-4568-a9d7-feed4e338f6c-logo-4","template--16796137259237__b99ff9c4-efd9-4568-a9d7-feed4e338f6c-logo-5","template--16796137259237__b99ff9c4-efd9-4568-a9d7-feed4e338f6c-logo-6"],"disabled":true,"settings":{"reveal_on_scroll":false,"subheading":"","title":"Play and Win","button_text":"","button_link":"","custom_class":"","stack_logos":true,"background":"rgba(0,0,0,0)","text_color":"rgba(0,0,0,0)","button_background":"rgba(0,0,0,0)","button_text_color":"rgba(0,0,0,0)","logo_background":"rgba(0,0,0,0)"}},"custom_content_VkMBCD":{"type":"custom-content","blocks":{"text_3UwMTN":{"type":"text","settings":{"title":"","subheading":"","text":"<p>Use this text to share information about your brand with your customers. Describe a product, share announcements, or welcome customers to your store.<\/p>","width":"50%","alignment":"center","align_text":"left","text_size":"medium","text_color":"black","button_label":"","button_link":"","button_style":"button--primary","button_size":"","block_custom_class":""}}},"block_order":["text_3UwMTN"],"settings":{"heading":"Custom content","subheading":"","description":"","header_alignment":"center","container":"container-fluid","background_color":"","gap":30,"use_scroll_mobile":false,"gap_mobile":16,"custom_class":""}},"collection_custom_product_lower_faqs_4ymTyf":{"type":"collection-custom-product-lower-faqs","settings":{"subheading":"","title":"FAQs","liquid":"<p style=\"text-align: center\">Write or copy\/paste Liquid code<\/p>","scrollid":"","add_vertical_spacing":true,"background_type":"full_width","background":"rgba(0,0,0,0)","text_color":"rgba(0,0,0,0)"}}},"order":["collection-banner","rich_text_NeM8gq","main","b99ff9c4-efd9-4568-a9d7-feed4e338f6c","custom_content_VkMBCD","collection_custom_product_lower_faqs_4ymTyf"]}