{"sections":{"main":{"type":"main-page","disabled":true,"settings":{"show_title":true,"page_width":"medium"}},"cca384c7-b4c4-4104-8d62-cf6333c5f2b3":{"type":"slideshow","blocks":{"template--16796815556837__cca384c7-b4c4-4104-8d62-cf6333c5f2b3-image-1":{"type":"image","settings":{"image":"shopify:\/\/shop_images\/about-us-1.jpg","mobile_image":"shopify:\/\/shop_images\/about-us-1-sm_fa4bd931-d305-4e8d-acab-bc9a52c60153.png","text_position":"middle_center","subheading":"","title":"","button_1_text":"","button_1_link":"","button_2_text":"","button_2_link":"","text_color":"#ffffff","button_background":"#ffffff","button_text_color":"#000000","overlay_color":"#000000","overlay_opacity":0}}},"block_order":["template--16796815556837__cca384c7-b4c4-4104-8d62-cf6333c5f2b3-image-1"],"settings":{"section_height":"auto","transition_type":"sweep","autoplay":true,"cycle_speed":5,"background":"rgba(0,0,0,0)"}}},"order":["main","cca384c7-b4c4-4104-8d62-cf6333c5f2b3"]}