{"sections":{"main":{"type":"main-page","disabled":true,"settings":{"show_title":true,"page_width":"medium"}},"0db9f9a3-6c0a-47e5-afcc-cb7c984e6774":{"type":"slideshow","blocks":{"template--16825137725669__0db9f9a3-6c0a-47e5-afcc-cb7c984e6774-image-1":{"type":"image","settings":{"image":"shopify:\/\/shop_images\/WBCS-B2G3-Homepage-Banner-1920x520_00043dd2-903f-4893-b5d0-00cb743b7db5.jpg","mobile_image":"shopify:\/\/shop_images\/WBCS-B2G3-Homepage-Banner-800x1000_dabdc5a7-2b75-4eb3-aa48-89c28e15ed1c.jpg","text_position":"middle_center","subheading":"","title":"","button_1_text":"","button_1_link":"https:\/\/discoverpilgrim.com\/collections\/buy-2-get-3-free?ref=offerbannerhomepage","button_2_text":"","button_2_link":"","text_color":"#ffffff","button_background":"#ffffff","button_text_color":"#000000","overlay_color":"#000000","overlay_opacity":0}}},"block_order":["template--16825137725669__0db9f9a3-6c0a-47e5-afcc-cb7c984e6774-image-1"],"custom_css":[".abcdef {margin-top: -17px;}"],"settings":{"subheading":"","title":"","content":"","custom_class":"","scrollid":"","section_height":"auto","transition_type":"sweep","autoplay":true,"cycle_speed":5,"background":"rgba(0,0,0,0)","text_width":"medium","text_position":"center","text_alignment":"center"}},"multi_column_BWCnpt":{"type":"multi-column","blocks":{"item_j6BqQx":{"type":"item","settings":{"image":"shopify:\/\/shop_images\/Face-Care-1_bb9bac00-88fa-4e94-a676-96038263a720.png","image_by_url":"","image_width":100,"image_border":"rgba(0,0,0,0)","image_background":"rgba(0,0,0,0)","title":"","content":"","link_text":"","link_url":"https:\/\/discoverpilgrim.com\/pages\/makeup","link_style":"link","text_alignment":"center","vertical_alignment":"start"}},"item_9LdacU":{"type":"item","settings":{"image":"shopify:\/\/shop_images\/Makeup-2.png","image_by_url":"","image_width":100,"image_border":"rgba(0,0,0,0)","image_background":"rgba(0,0,0,0)","title":"","content":"","link_text":"","link_url":"https:\/\/discoverpilgrim.com\/pages\/makeup","link_style":"link","text_alignment":"center","vertical_alignment":"start"}},"item_G4mVPb":{"type":"item","settings":{"image":"shopify:\/\/shop_images\/Hair-Care-3_e9726482-0ae6-4b55-9005-61c8fc4d8d29.png","image_by_url":"","image_width":100,"image_border":"rgba(0,0,0,0)","image_background":"rgba(0,0,0,0)","title":"","content":"","link_text":"","link_url":"https:\/\/discoverpilgrim.com\/pages\/makeup","link_style":"link","text_alignment":"center","vertical_alignment":"start"}},"item_Diq7Dh":{"type":"item","settings":{"image":"shopify:\/\/shop_images\/Under-499-1_d80e7782-e3c8-4e9f-b0d2-fefdcc73e76d.png","image_by_url":"","image_width":100,"image_border":"rgba(0,0,0,0)","image_background":"rgba(0,0,0,0)","title":"","content":"","link_text":"","link_url":"shopify:\/\/collections\/products-under-499","link_style":"link","text_alignment":"center","vertical_alignment":"start"}},"item_V9big4":{"type":"item","settings":{"image":"shopify:\/\/shop_images\/Under-699-2_8fa074dd-c550-45f8-8a78-43031bc1e714.png","image_by_url":"","image_width":100,"image_border":"rgba(0,0,0,0)","image_background":"rgba(0,0,0,0)","title":"","content":"","link_text":"","link_url":"shopify:\/\/collections\/products-under-699","link_style":"link","text_alignment":"center","vertical_alignment":"start"}},"item_UyM99g":{"type":"item","settings":{"image":"shopify:\/\/shop_images\/Under-999-3_acacc490-e163-4c0a-8402-f66b192423e3.png","image_by_url":"","image_width":100,"image_border":"rgba(0,0,0,0)","image_background":"rgba(0,0,0,0)","title":"","content":"","link_text":"","link_url":"shopify:\/\/collections\/products-under-999","link_style":"link","text_alignment":"center","vertical_alignment":"start"}}},"block_order":["item_j6BqQx","item_9LdacU","item_G4mVPb","item_Diq7Dh","item_V9big4","item_UyM99g"],"custom_css":[".flash_sale_collections {margin-top: 30px;}"],"settings":{"reveal_on_scroll":false,"stack_items":true,"subheading":"","title":"","content":"","button_text":"View all products  ➔","button_link":"https:\/\/discoverpilgrim.com\/pages\/buy-2-get-3-free","scrollid":"","custom_class":"flash_sale_collections","column_alignment":"center","mobile_item_size":"small","desktop_item_size":"small","spacing":"tight","background":"rgba(0,0,0,0)","text_color":"rgba(0,0,0,0)"}},"custom_product_tab_nav_tVBcWY":{"type":"custom-product-tab-nav","blocks":{"block_HKYy3B":{"type":"block","settings":{"title":"Flash Sale","scroll_id":"flashsale"}},"block_UFeLL4":{"type":"block","settings":{"title":"Happy Hour","scroll_id":"happyhour"}},"block_btXqgP":{"type":"block","settings":{"title":"Free Jute Bag","scroll_id":"jutebag"}},"block_Qc6qHN":{"type":"block","settings":{"title":"Free Perfume","scroll_id":"perfume"}},"block_PEb36q":{"type":"block","settings":{"title":"Free Makeup Bag","scroll_id":"makeupbag"}},"block_9QyjJN":{"type":"block","settings":{"title":"Free Gifts","scroll_id":"freegifts"}}},"block_order":["block_HKYy3B","block_UFeLL4","block_btXqgP","block_Qc6qHN","block_PEb36q","block_9QyjJN"],"settings":{"title":"Your title","custom_class":""}},"slideshow_Twz9Ht":{"type":"slideshow","blocks":{"image_EEmmge":{"type":"image","settings":{"image":"shopify:\/\/shop_images\/Lucky-Winners-Homepage-Banner-1920x520.jpg","mobile_image":"shopify:\/\/shop_images\/Lucky-Winners-Homepage-Banner-Mobile-Size_ceaf2b37-b49b-4aef-b836-24e305175d05.jpg","text_position":"middle_center","subheading":"","title":"","button_1_text":"","button_1_link":"https:\/\/discoverpilgrim.com\/products\/3-redensyl-4-anagain-hair-growth-serum?ref=homepagebanner","button_2_text":"","button_2_link":"","text_color":"#ffffff","button_background":"#ffffff","button_text_color":"#000000","overlay_color":"#000000","overlay_opacity":0}}},"block_order":["image_EEmmge"],"settings":{"subheading":"","title":"","content":"","custom_class":"","scrollid":"","section_height":"auto","transition_type":"sweep","autoplay":true,"cycle_speed":5,"background":"rgba(0,0,0,0)","text_width":"medium","text_position":"center","text_alignment":"center"}},"featured_collections_BRNRPw":{"type":"featured-collections","blocks":{"collection_dVzVpr":{"type":"collection","settings":{"collection":"bestsellers","label":"All Bestsellers","button_text":"View All","button_url":"shopify:\/\/collections\/bestsellers"}},"collection_aKErfy":{"type":"collection","settings":{"collection":"face-care","label":"","button_text":"View All","button_url":"shopify:\/\/collections\/face-care"}},"collection_fN3DVE":{"type":"collection","settings":{"collection":"makeup","label":"","button_text":"View All","button_url":"shopify:\/\/collections\/makeup"}},"collection_LLwjWr":{"type":"collection","settings":{"collection":"hair-care","label":"","button_text":"View All","button_url":"shopify:\/\/collections\/hair-care"}}},"block_order":["collection_dVzVpr","collection_aKErfy","collection_fN3DVE","collection_LLwjWr"],"custom_css":[],"settings":{"subheading":"","title":"Carnival's Most Loved","content":"","scrollid":"","products_count":8,"products_per_row":4,"stack_products":false,"show_cta":true,"background":"rgba(0,0,0,0)","text_color":"rgba(0,0,0,0)","button_background":"rgba(0,0,0,0)","button_text_color":"rgba(0,0,0,0)"}},"slideshow_BNb9Lp":{"type":"slideshow","blocks":{"image_ckdceT":{"type":"image","settings":{"image":"shopify:\/\/shop_images\/23-April-Flash-Sale-Rs1-Desktop-CS_97e01cf4-ceba-41de-8e42-622c52de1039.jpg","mobile_image":"shopify:\/\/shop_images\/23-April-Flash-Sale-Rs1-CS_7e1231a0-edad-4b02-a60e-4308cc08ccbb.jpg","text_position":"middle_center","subheading":"","title":"","button_1_text":"","button_1_link":"","button_2_text":"","button_2_link":"","text_color":"#ffffff","button_background":"#ffffff","button_text_color":"#000000","overlay_color":"#000000","overlay_opacity":0}}},"block_order":["image_ckdceT"],"settings":{"subheading":"","title":"","content":"","custom_class":"","scrollid":"flashsale","section_height":"auto","transition_type":"sweep","autoplay":true,"cycle_speed":5,"background":"rgba(0,0,0,0)","text_width":"medium","text_position":"center","text_alignment":"center"}},"slideshow_XzzGhY":{"type":"slideshow","blocks":{"image_ErxWz7":{"type":"image","settings":{"image":"shopify:\/\/shop_images\/23-April-Flash-Sale-Levels-Map-Desktop-Size.gif","mobile_image":"shopify:\/\/shop_images\/23-April-Flash-Sale-Levels-Map-Mobile-Size.gif","text_position":"middle_center","subheading":"","title":"","button_1_text":"","button_1_link":"","button_2_text":"","button_2_link":"","text_color":"#ffffff","button_background":"#ffffff","button_text_color":"#000000","overlay_color":"#000000","overlay_opacity":0}}},"block_order":["image_ErxWz7"],"settings":{"subheading":"","title":"","content":"","custom_class":"","scrollid":"","section_height":"auto","transition_type":"sweep","autoplay":true,"cycle_speed":5,"background":"rgba(0,0,0,0)","text_width":"medium","text_position":"center","text_alignment":"center"}},"slideshow_aD4rGx":{"type":"slideshow","blocks":{"image_VxEUNH":{"type":"image","settings":{"image":"shopify:\/\/shop_images\/Jute-Bag-Homepage-Banner-1920x520.jpg","mobile_image":"shopify:\/\/shop_images\/Jute-Bag-Homepage-Banner-Mobile-Size_f7bdbe28-ce9b-4499-bf5c-c155a1a38ed5.jpg","text_position":"middle_center","subheading":"","title":"","button_1_text":"","button_1_link":"https:\/\/discoverpilgrim.com\/products\/3-redensyl-4-anagain-hair-growth-serum?ref=homepagebanner","button_2_text":"","button_2_link":"","text_color":"#ffffff","button_background":"#ffffff","button_text_color":"#000000","overlay_color":"#000000","overlay_opacity":0}}},"block_order":["image_VxEUNH"],"custom_css":[],"settings":{"subheading":"","title":"","content":"","custom_class":"","scrollid":"jutebag","section_height":"auto","transition_type":"sweep","autoplay":true,"cycle_speed":5,"background":"rgba(0,0,0,0)","text_width":"medium","text_position":"center","text_alignment":"center"}},"featured_collections_4xJnaV":{"type":"featured-collections","blocks":{"collection_3CCWAC":{"type":"collection","settings":{"collection":"makeup","label":"","button_text":"","button_url":""}}},"block_order":["collection_3CCWAC"],"settings":{"subheading":"","title":"Explore Glam Essentials","content":"","scrollid":"","products_count":50,"products_per_row":4,"stack_products":false,"show_cta":true,"background":"rgba(0,0,0,0)","text_color":"rgba(0,0,0,0)","button_background":"rgba(0,0,0,0)","button_text_color":"rgba(0,0,0,0)"}},"slideshow_QxrVJQ":{"type":"slideshow","blocks":{"image_NYP3r6":{"type":"image","settings":{"image":"shopify:\/\/shop_images\/Perfume-Homepage-Banner-1920x520_05a8041c-19b5-4fad-a1b6-987e0b3dd6ce.jpg","mobile_image":"shopify:\/\/shop_images\/Perfume-Homepage-Banner-Mobile-Size_3eb4d636-4a4d-4f3d-8cd8-37e48414dedb.jpg","text_position":"middle_center","subheading":"","title":"","button_1_text":"","button_1_link":"","button_2_text":"","button_2_link":"","text_color":"#ffffff","button_background":"#ffffff","button_text_color":"#000000","overlay_color":"#000000","overlay_opacity":0}}},"block_order":["image_NYP3r6"],"disabled":true,"settings":{"subheading":"","title":"","content":"","custom_class":"","scrollid":"perfume","section_height":"auto","transition_type":"sweep","autoplay":true,"cycle_speed":5,"background":"rgba(0,0,0,0)","text_width":"medium","text_position":"center","text_alignment":"center"}},"featured_collections_j8RXdU":{"type":"featured-collections","blocks":{"collection_pDNFPG":{"type":"collection","settings":{"collection":"new-launch","label":"All New Arrivals","button_text":"All New Arrivals","button_url":"shopify:\/\/collections\/new-launch"}},"collection_Rc7QAB":{"type":"collection","settings":{"collection":"face-care-new-arrivals","label":"Face Care","button_text":"Face Care","button_url":"shopify:\/\/collections\/face-care-new-arrivals"}},"collection_9DCKW3":{"type":"collection","settings":{"collection":"makeup-new-arrivals","label":"Makeup","button_text":"Makeup","button_url":"shopify:\/\/collections\/makeup-new-arrivals"}},"collection_VWfcnB":{"type":"collection","settings":{"collection":"hair-care-new-arrivals","label":"Hair Care","button_text":"Hair Care","button_url":"shopify:\/\/collections\/hair-care-new-arrivals"}}},"block_order":["collection_pDNFPG","collection_Rc7QAB","collection_9DCKW3","collection_VWfcnB"],"settings":{"subheading":"","title":"Latest Arrivals at the Carnival","content":"","scrollid":"","products_count":8,"products_per_row":4,"stack_products":false,"show_cta":true,"background":"rgba(0,0,0,0)","text_color":"rgba(0,0,0,0)","button_background":"rgba(0,0,0,0)","button_text_color":"rgba(0,0,0,0)"}},"slideshow_heNPja":{"type":"slideshow","blocks":{"image_nmQNBw":{"type":"image","settings":{"image":"shopify:\/\/shop_images\/Makeup-Bag-Homepage-Banner-1920x520.jpg","mobile_image":"shopify:\/\/shop_images\/Makeup-Bag-Homepage-Banner-Mobile-Size_413ee6db-74bc-453b-961c-136aa42e3256.jpg","text_position":"middle_center","subheading":"","title":"","button_1_text":"","button_1_link":"https:\/\/discoverpilgrim.com\/products\/3-redensyl-4-anagain-hair-growth-serum?ref=homepagebanner","button_2_text":"","button_2_link":"","text_color":"#ffffff","button_background":"#ffffff","button_text_color":"#000000","overlay_color":"#000000","overlay_opacity":0}}},"block_order":["image_nmQNBw"],"settings":{"subheading":"","title":"","content":"","custom_class":"","scrollid":"makeupbag","section_height":"auto","transition_type":"sweep","autoplay":true,"cycle_speed":5,"background":"rgba(0,0,0,0)","text_width":"medium","text_position":"center","text_alignment":"center"}},"logo_list_HNTqze":{"type":"logo-list","blocks":{"logo_iygpby":{"type":"logo","settings":{"logo":"shopify:\/\/shop_images\/Korean-Beauty-450x175.png","link":"shopify:\/\/collections\/secrets-of-jeju-island"}},"logo_AiKyAM":{"type":"logo","settings":{"logo":"shopify:\/\/shop_images\/French-Beauty-450x175.png","link":"shopify:\/\/collections\/secrets-of-vinotherapie"}},"logo_k3QNmH":{"type":"logo","settings":{"logo":"shopify:\/\/shop_images\/Spanish-Beauty-450x175.png","link":"shopify:\/\/collections\/secrets-of-seville"}},"logo_QPnDV3":{"type":"logo","settings":{"logo":"shopify:\/\/shop_images\/Australian-Beauty-450x175.png","link":"shopify:\/\/collections\/secrets-of-a-beauty-australia"}}},"block_order":["logo_iygpby","logo_AiKyAM","logo_k3QNmH","logo_QPnDV3"],"settings":{"reveal_on_scroll":false,"subheading":"Shop from","title":"","button_text":"","button_link":"","custom_class":"concern_based_kits","stack_logos":true,"background":"rgba(0,0,0,0)","text_color":"rgba(0,0,0,0)","button_background":"rgba(0,0,0,0)","button_text_color":"rgba(0,0,0,0)","logo_background":"rgba(0,0,0,0)"}},"slideshow_zXCqCq":{"type":"slideshow","blocks":{"image_Qm97bh":{"type":"image","settings":{"image":"shopify:\/\/shop_images\/Happy-Hour-Homepage-Banner-1920x520.jpg","mobile_image":"shopify:\/\/shop_images\/Happy-Hour-Homepage-Banner-Mobile-Size_10c1bdec-ac96-4f27-80a9-e9fcbc705d90.jpg","text_position":"middle_center","subheading":"","title":"","button_1_text":"","button_1_link":"","button_2_text":"","button_2_link":"","text_color":"#ffffff","button_background":"#ffffff","button_text_color":"#000000","overlay_color":"#000000","overlay_opacity":0}}},"block_order":["image_Qm97bh"],"settings":{"subheading":"","title":"","content":"","custom_class":"","scrollid":"happyhour","section_height":"auto","transition_type":"sweep","autoplay":true,"cycle_speed":5,"background":"rgba(0,0,0,0)","text_width":"medium","text_position":"center","text_alignment":"center"}},"slideshow_niKAUd":{"type":"slideshow","blocks":{"image_46qDDb":{"type":"image","settings":{"image":"shopify:\/\/shop_images\/WBCS-Slap-Homepage-Banner-Desktop-1920x750_6c53869a-474a-46e6-ba96-f3c4eea001d4.jpg","mobile_image":"shopify:\/\/shop_images\/WBCS-Slap-Homepage-Banner-Mobile-Size_da6f8cb0-49dc-4ca1-bbcf-126294b5efec.jpg","text_position":"middle_center","subheading":"","title":"","button_1_text":"","button_1_link":"","button_2_text":"","button_2_link":"","text_color":"#ffffff","button_background":"#ffffff","button_text_color":"#000000","overlay_color":"#000000","overlay_opacity":0}}},"block_order":["image_46qDDb"],"settings":{"subheading":"","title":"","content":"","custom_class":"","scrollid":"freegifts","section_height":"auto","transition_type":"sweep","autoplay":true,"cycle_speed":5,"background":"rgba(0,0,0,0)","text_width":"medium","text_position":"center","text_alignment":"center"}},"image_with_text_bYUmAp":{"type":"image-with-text","blocks":{"item_HL7hbg":{"type":"item","settings":{"image":"shopify:\/\/shop_images\/tinified-New-Pilgrim-Code_1.png","tab_label":"Item","subheading":"","title":"Our Promise","content":"<p>Pilgrim is \"Clean Compatible\". Not just <strong>free of harmful and toxic chemicals <\/strong>but uses only those ingredients that either enhance the health of our hair &<br\/>skin or support the <strong>effectiveness of formulations<\/strong><\/p>","button_text":"","button_link":""}}},"block_order":["item_HL7hbg"],"settings":{"reveal_on_scroll":false,"background_type":"full_width","background_overlap":"image","image_position":"left","text_alignment":"center","cycle_speed":8,"accent_background":"rgba(0,0,0,0)","text_color":"rgba(0,0,0,0)","button_background":"rgba(0,0,0,0)","button_text_color":"rgba(0,0,0,0)"}}},"order":["main","0db9f9a3-6c0a-47e5-afcc-cb7c984e6774","multi_column_BWCnpt","custom_product_tab_nav_tVBcWY","slideshow_Twz9Ht","featured_collections_BRNRPw","slideshow_BNb9Lp","slideshow_XzzGhY","slideshow_aD4rGx","featured_collections_4xJnaV","slideshow_QxrVJQ","featured_collections_j8RXdU","slideshow_heNPja","logo_list_HNTqze","slideshow_zXCqCq","slideshow_niKAUd","image_with_text_bYUmAp"]}