{"sections":{"main":{"type":"main-page","disabled":true,"settings":{"show_title":true,"page_width":"medium"}},"slideshow_8XMjfe":{"type":"slideshow","blocks":{"image_na9P6p":{"type":"image","settings":{"image":"shopify:\/\/shop_images\/Pilgrim-X-Wander-On-Homepage-Banner-1920x520.jpg","mobile_image":"shopify:\/\/shop_images\/Pilgrim-X-Wander-On-Banner-800x1000.jpg","text_position":"middle_center","subheading":"","title":"","button_1_text":"","button_1_link":"","button_2_text":"","button_2_link":"","text_color":"#ffffff","button_background":"#ffffff","button_text_color":"#000000","overlay_color":"#000000","overlay_opacity":0}}},"block_order":["image_na9P6p"],"settings":{"subheading":"","title":"","content":"","custom_class":"","scrollid":"","section_height":"auto","transition_type":"sweep","autoplay":true,"cycle_speed":5,"background":"rgba(0,0,0,0)","text_width":"medium","text_position":"center","text_alignment":"center"}},"featured_collections_JdCYm9":{"type":"featured-collections","blocks":{"collection_g8Gkrp":{"type":"collection","settings":{"collection":"monsoon-must-haves","label":"","button_text":"View All","button_url":""}}},"block_order":["collection_g8Gkrp"],"settings":{"subheading":"","title":"Monsoon Must-Haves","content":"","scrollid":"","products_count":50,"products_per_row":4,"stack_products":false,"show_cta":true,"background":"rgba(0,0,0,0)","text_color":"rgba(0,0,0,0)","button_background":"rgba(0,0,0,0)","button_text_color":"rgba(0,0,0,0)"}},"featured_collections_bd8kR3":{"type":"featured-collections","blocks":{"collection_mMA6yn":{"type":"collection","settings":{"collection":"bestsellers","label":"","button_text":"View All","button_url":""}}},"block_order":["collection_mMA6yn"],"settings":{"subheading":"Explore","title":"Bestsellers","content":"","scrollid":"","products_count":50,"products_per_row":4,"stack_products":false,"show_cta":true,"background":"rgba(0,0,0,0)","text_color":"rgba(0,0,0,0)","button_background":"rgba(0,0,0,0)","button_text_color":"rgba(0,0,0,0)"}},"featured_collections_rxfNDA":{"type":"featured-collections","blocks":{"collection_CgPKqw":{"type":"collection","settings":{"collection":"face-care","label":"","button_text":"View All","button_url":""}}},"block_order":["collection_CgPKqw"],"settings":{"subheading":"Explore","title":"Face Care","content":"","scrollid":"","products_count":50,"products_per_row":4,"stack_products":false,"show_cta":true,"background":"rgba(0,0,0,0)","text_color":"rgba(0,0,0,0)","button_background":"rgba(0,0,0,0)","button_text_color":"rgba(0,0,0,0)"}},"featured_collections_7VYYxR":{"type":"featured-collections","blocks":{"collection_jYcDrt":{"type":"collection","settings":{"collection":"hair-care","label":"","button_text":"View All","button_url":""}}},"block_order":["collection_jYcDrt"],"settings":{"subheading":"Explore","title":"Hair Care","content":"","scrollid":"","products_count":50,"products_per_row":4,"stack_products":false,"show_cta":true,"background":"rgba(0,0,0,0)","text_color":"rgba(0,0,0,0)","button_background":"rgba(0,0,0,0)","button_text_color":"rgba(0,0,0,0)"}},"featured_collections_ipjtjQ":{"type":"featured-collections","blocks":{"collection_AWjfCh":{"type":"collection","settings":{"collection":"makeup","label":"","button_text":"View All","button_url":""}}},"block_order":["collection_AWjfCh"],"settings":{"subheading":"SKINCARE INFUSED","title":"Makeup","content":"","scrollid":"","products_count":50,"products_per_row":4,"stack_products":false,"show_cta":true,"background":"rgba(0,0,0,0)","text_color":"rgba(0,0,0,0)","button_background":"rgba(0,0,0,0)","button_text_color":"rgba(0,0,0,0)"}},"featured_collections_CdaR7a":{"type":"featured-collections","blocks":{"collection_QU6EYY":{"type":"collection","settings":{"collection":"fragrances","label":"","button_text":"View All","button_url":""}}},"block_order":["collection_QU6EYY"],"settings":{"subheading":"Explore","title":"Fragrances","content":"","scrollid":"","products_count":50,"products_per_row":4,"stack_products":false,"show_cta":true,"background":"rgba(0,0,0,0)","text_color":"rgba(0,0,0,0)","button_background":"rgba(0,0,0,0)","button_text_color":"rgba(0,0,0,0)"}},"featured_collections_bJdCdC":{"type":"featured-collections","blocks":{"collection_maVAqc":{"type":"collection","settings":{"collection":"new-launch","label":"","button_text":"View All","button_url":""}},"collection_YTiQpC":{"type":"collection","settings":{"collection":"face-care-new-arrivals","label":"Face Care","button_text":"View All","button_url":""}},"collection_VtkVce":{"type":"collection","settings":{"collection":"hair-care-new-arrivals","label":"Hair Care","button_text":"View All","button_url":""}},"collection_mYmzgX":{"type":"collection","settings":{"collection":"makeup-new-arrivals","label":"Makeup","button_text":"View All","button_url":""}}},"block_order":["collection_maVAqc","collection_YTiQpC","collection_VtkVce","collection_mYmzgX"],"settings":{"subheading":"","title":"New Arrivals","content":"","scrollid":"","products_count":50,"products_per_row":4,"stack_products":false,"show_cta":true,"background":"rgba(0,0,0,0)","text_color":"rgba(0,0,0,0)","button_background":"rgba(0,0,0,0)","button_text_color":"rgba(0,0,0,0)"}},"slideshow_AiMezA":{"type":"slideshow","blocks":{"image_MfxMAC":{"type":"image","settings":{"image":"shopify:\/\/shop_images\/Loved-By-Customers-Homepage-Banner-1920x520.jpg","mobile_image":"shopify:\/\/shop_images\/Loved-By-Customers-Homepage-Banner-800x600.jpg","text_position":"middle_center","subheading":"","title":"","button_1_text":"","button_1_link":"","button_2_text":"","button_2_link":"","text_color":"#ffffff","button_background":"#ffffff","button_text_color":"#000000","overlay_color":"#000000","overlay_opacity":0}}},"block_order":["image_MfxMAC"],"settings":{"subheading":"","title":"","content":"","custom_class":"","scrollid":"","section_height":"auto","transition_type":"sweep","autoplay":true,"cycle_speed":5,"background":"rgba(0,0,0,0)","text_width":"medium","text_position":"center","text_alignment":"center"}}},"order":["main","slideshow_8XMjfe","featured_collections_JdCYm9","featured_collections_bd8kR3","featured_collections_rxfNDA","featured_collections_7VYYxR","featured_collections_ipjtjQ","featured_collections_CdaR7a","featured_collections_bJdCdC","slideshow_AiMezA"]}