{"current":{"unserviceable_error":"Oops! We currently do not service in your area. Please try again with another address.","cod_error":"Unfortunately, Cash on Delivery (COD) is not available for your pincode!","enable_prepaid_discount":false,"main_banner_text":"Extra 5% off on online payment","main_banner_text_color":"#444444","main_banner_text_bg":"#fff7e5","banner_text_font_large":22,"banner_text_font_small":13,"before_discount_text":"Extra 5% off on online payment: NOT APPLIED","before_discount_color":"#444444","before_discount_bg":"#c9c9c9","after_discount_text":"Extra 5% off on online payment: APPLIED","after_discount_color":"#fff","after_discount_bg":"#056b2b","discount_text_font_small":13,"favicon":"shopify:\/\/shop_images\/Pilgrim-Logo-AI-Filecolor-1200X1200-for-GMC_1.png","use_ajax_atc":true,"enable_rtl":false,"container_width":1400,"container_fluid_width":1340,"container_fluid_offset":0,"color_primary":"#010145","color_field_bg":"#ffffff","color_body_text":"#000000","color_heading_text":"#000000","color_sub_text":"#666666","color_btn_bg":"#ffc105","color_btn_bg_hover":"#000025","color_btn_text":"#000025","color_btn_text_hover":"#ffc105","product_title_color":"#000025","prod_sale_price_color":"#e41e1e","prod_regular_price_color":"#000025","prod_type_color":"#666666","color_annoucement_bg":"#fff7e5","color_annoucement_text":"#51280a","color_topbar_bg":"#ffffff","color_topbar_text":"#000000","color_header_bg":"#ffffff","color_header_link":"#010145","color_header_transparent":"#000000","color_cart_wishlist_count":"#000025","bg_cart_wishlist_count":"#ffc105","color_menu_bar_bg":"#000000","color_menu_bar_text":"#f8f8f8","color_footer_bg":"#f5f5f5","color_footer_text":"#000000","color_footer_subtext":"#666666","color_footer_link_hover":"#000000","color_footer_bottom_bg":"#f5f5f5","color_border":"#dedede","img_overlay_opacity":20,"tooltip_background_color":"#000000","type_base_font":"montserrat_n4","use_custom_font_body":false,"custom_body_font":"https:\/\/cdn.shopify.com\/s\/files\/1\/0561\/2742\/2636\/files\/Jost-Regular.ttf?v=1618297125@400\nhttps:\/\/cdn.shopify.com\/s\/files\/1\/0561\/2742\/2636\/files\/Jost-Medium.ttf?v=1618297125@500\nhttps:\/\/cdn.shopify.com\/s\/files\/1\/0561\/2742\/2636\/files\/Jost-SemiBold.ttf?v=1618297125@600","custom_body_weight":"400","type_header_font":"montserrat_n7","use_custom_font_heading":false,"custom_heading_font":"https:\/\/cdn.shopify.com\/s\/files\/1\/0561\/2742\/2636\/files\/Jost-Regular.ttf?v=1618297125@400\nhttps:\/\/cdn.shopify.com\/s\/files\/1\/0561\/2742\/2636\/files\/Jost-Medium.ttf?v=1618297125@500\nhttps:\/\/cdn.shopify.com\/s\/files\/1\/0561\/2742\/2636\/files\/Jost-SemiBold.ttf?v=1618297125@600","custom_heading_weight":"400","type_header_base_size":40,"btn_line_height":22,"btn_weight":"500","pcard_layout":"4","pcard_alignment":"center","pcard_image_ratio":"1\/1","show_second_img":true,"show_wishlist_button":false,"show_compare_button":false,"show_countdown":true,"on_sale_badge":"hide","show_badge_soldout":true,"show_review_badge":true,"show_badge_sale":false,"show_vendor":false,"uppercase_prd_name":false,"pcard_title_line_clamp":"2","pcard_show_lowest_prices":true,"variant_option_design_default":"button","variant_option_title1":"Size","variant_option_display_name1":"Pack Selected","variant_option_design1":"button","variant_option_design2":"color","variant_option_design3":"color","product_colors":"red: #FF6961,\nyellow: #FDDA76,\nblack: #000000,\nblack band: #000000,\nblue: #8DB4D2,\ngreen: #C1E1C1,\npurple: #B19CD9,\nsilver: #EEEEEF,\nwhite: #FFFFFF,\nbrown: #836953,\nlight brown: #B5651D,\ndark turquoise: #23cddc,\norange: #FFB347,\ntan: #E9D1BF,\nviolet: #B490B0,\npink: #FFD1DC,\ngrey: #E0E0E0,\nsky: #96BDC6,\npale leaf: #CCD4BF,\nlight blue: #b1c5d4,\ndark grey: #aca69f,\nbeige: #EBE6DB,\nbeige band: #EED9C4,\ndark blue: #063e66,\ncream: #FFFFCC,\nlight pink: #FBCFCD,\nmint: #bedce3,\ndark gray: #3A3B3C,\nrosy brown: #c4a287,\nlight grey:#D3D3D3,\ncopper: #B87333,\nrose gold: #ECC5C0,\nnight blue: #151B54,\ncoral: #FF7F50,\nlight purple: #C6AEC7","filter_color1":"Gingham","filter_color2":"flannel","article_show_date":false,"article_show_excerpt":true,"article_show_button":true,"share_facebook":true,"share_twitter":false,"share_pinterest":true,"contact_phone_number":"+91 7400097974","contact_email":"hello@discoverpilgrim.com","find_store":"about-us","social_twitter_link":"","social_twitter_label":"","social_facebook_link":"https:\/\/facebook.com\/pilgrim.discover","social_facebook_label":"20K+ Followers","social_pinterest_link":"","social_pinterest_label":"","social_instagram_link":"https:\/\/www.instagram.com\/discover.pilgrim\/","social_instagram_label":"100K+ Followers","social_whatsapp_link":"https:\/\/wa.me\/917400097974?text=Hi","enable_cart_drawer":true,"cart_notes_enable":false,"discount_code_enable":false,"cart_estimate_shipping":false,"default_country_estimate_shipping":"IN","cart_drawer_trust_badge":"shopify:\/\/shop_images\/Free-Shipping-Banner-840x120_1.jpg","enable_upsell_product":false,"cart_drawer_subheading":"💥 Reach cart value of ₹749+ to unlock exclusive deals! 🎉🛍️","upsell_slider_heading":"🎁 One Time Offer for You!","upsell_slider_min_value":749,"upsell_slider_max_value":100000,"upsell_collection":"upsell","upsell_product_remark":"This product can only be added through the cart page if the cart value is above Rs.749\/-","enable_predictive_search":false,"search_by_tag":false,"search_by_body":false,"popular_search_queries":"24K Gold Serum, Face Wash, Lip Balm, Brightening Serum","search_unavailable_products":"LAST","show_agree_on_cart":false,"show_agree_on_product":false,"show_cookie_consent":false,"cookie_consent_placement":"bottom-left","cookie_consent_theme":"white","custom_css":".f-incart {\nborder-radius: 0px!important;\t\nbackground: #fff7e5;\n    margin-left: -15px!important;\n    margin-right: -18px!important;\n}\n\n.f-incart__title {\n    font-size: 14px!important;\nline-height: 1.5;\n    font-weight: 500!important;\n    display: block;\n    text-align: left!important;\n}\n\n.f-incart__product-title {\nfont-size: 14px!important;\n    font-weight: 700!important;\n    margin-bottom: 5px!important;\npadding-right: 20px;\n}\n\n.f-incart__product-prices.prod__price {\nfont-size: 12px!important;\n\tmargin-bottom: -10px!important;\n}\n\n.f-incart__product-add.add-to-cart.sf__btn.sf__btn-primary.btn-atc.relative {\n\theight: auto!important;\n    padding-top: 5px!important;\n    padding-right: 25px!important;\n    padding-bottom: 5px!important;\n    padding-left: 25px!important;\n}\n.mt-2.scd__countdown.opacity-100 {\nfont-size: 14px;\n}\n.GIFTBOXGRADIENT {\nbackground: linear-gradient(to right, #313E5C, #4B577A);\nbackground-size: 400% 200%;\nanimation: gradient 5s ease infinite;\nborder-radius: 15px;\ncolor: white;\nfont-weight: 700;\npadding-left: 4%;\npadding-right: 4%;\ndisplay: block;\nmargin-top: 8%;\nmargin-bottom: 1%;\n}\n.B1G1 {\nbackground: linear-gradient(to right, #6250BD, #BF2E8B);\nbackground-size: 400% 200%;\nanimation: gradient 5s ease infinite;\nborder-radius: 15px;\ncolor: white;\nfont-weight: 700;\npadding-left: 4%;\npadding-right: 4%;\ndisplay: block;\nmargin-top: 8%;\nmargin-bottom: 1%;\n}\n@keyframes gradient {\n\t0% {\n\t\tbackground-position: 0% 50%;\n\t}\n\t50% {\n\t\tbackground-position: 100% 50%;\n\t}\n\t100% {\n\t\tbackground-position: 0% 50%;\n\t}\n}\n.add-to-cart.sf__btn.flex-grow.flex-shrink.not-change.relative.sf__btn-primary {\nbackground: linear-gradient(to left, #ff8701, #ffc105);\n    background-size: 200% 600%;\n    animation: gradient 5s ease infinite;\n    font-weight: 700;\n    display: block;\n}\n.h-full.overflow-y-scroll.overscroll-contain {\npadding-top: 45px;\n}\n.kalki {\npadding-left: 15px;\npadding-right: 15px;\n}\n.world-beauty-carnival {\npadding-top: 2px;\npadding-bottom: 2px;\n}\n.flash-products-carnival {\npadding-top: 20px;\npadding-bottom: 20px;\n}\n.toping1 {\nbackground: #fde6b2;\ncolor: #010165;\nfont-weight: 700;\npadding-left: 2%;\npadding-right: 2%;\ndisplay: block;\nmargin-top: -10px!important;\nmargin-bottom: -4%;\n}\n.toping2 {\nbackground: #fdefd0;\ncolor: #010165;\nfont-weight: 700;\npadding-left: 2%;\npadding-right: 2%;\ndisplay: block;\nmargin-top: -10px!important;\nmargin-bottom: -4%;\n}\n.toping3 {\nbackground: #fff7e5;\ncolor: #010165;\nfont-weight: 700;\npadding-left: 2%;\npadding-right: 2%;\ndisplay: block;\nmargin-top: -10px!important;\nmargin-bottom: -4%;\n}\n.gold {\nbackground: #ffd700;\ncolor: #010165;\nfont-weight: 700;\npadding-left: 2%;\npadding-right: 2%;\ndisplay: block;\nmargin-top: -10px!important;\nmargin-bottom: -4%;\n}\n.sf-po__option-button[data-selected=true] {\nbackground: #fff7e5!important;\nborder: 2px solid #ffc105!important;\nborder-radius: 20px!important;\n}\n.sf-po__option-button {\nborder-radius: 20px!important;\n}\n.gift-kit-img {\nmargin-top: -40px;\n}","review_app":"shopify","mid":"19g6il6xd1dvq","envType":"production","hideFlow":false,"btnTxt":true,"gk-merchant-btnText":"Pay Via Cards \/ Wallets","fbpixel":"386717239189082,142114477111196","priClr":"#ffc008","secClr":"#000000","goEnable":true,"main-titile":"Place Order","sub-titile":"Additional discount on UPI*","goBuynowEnable":false,"btnBClr":"#ffc008","btnTextClr":"#000000","checkout_header_image":"shopify:\/\/shop_images\/Pilgrim-Express-Icon_2_a205e2a6-b8c7-4ab0-b7e7-2b232ce4e3db.jpg","checkout_logo_image":"shopify:\/\/shop_images\/Logo-Filler_45117160-3291-4f6e-9af7-5c6535086981.png","checkout_logo_position":"left","checkout_logo_size":"small","checkout_body_background_color":"#ffffff","checkout_input_background_color_mode":"transparent","checkout_sidebar_background_color":"#fefcf9","checkout_heading_font":"Helvetica Neue","checkout_body_font":"Roboto","checkout_accent_color":"#010145","checkout_button_color":"#ffc105","show_variant_swatch_image":true,"bg_cart_count":"#da3f3f","sections":{"header":{"type":"header","blocks":{"5e153016-a9d7-46c9-a10e-30d16446793d":{"type":"topbar","disabled":true,"settings":{"show_divider":false,"show_phone_numb":false,"show_email":false,"show_social_links":false,"show_stores_page":false,"show_currency_switcher":false,"show_language_switcher":false,"alert_message":"<span>Discover Beauty Secrets from Around the world  |  <a class=\"sf__text-link  ml-1 underline\" href=\"#\">Explore Now<\/a><span><\/span><\/span>"}},"5b9aec5f-b955-4765-9a87-1962d613e909":{"type":"custom_html","disabled":true,"settings":{"heading":"Home","container":"w-full","html":""}},"a820a1bc-dfc4-4e61-8c8a-de23659759a6":{"type":"banner","disabled":true,"settings":{"heading":"Shop","container":"container","banner_style":"inside","banner_link":"","banner_title":"The New - Season Shoes Edit","banner_desc":"","banner_button_text":"Shop now"}},"31481022-f698-4968-bf06-3c24f36b09e7":{"type":"product-list","disabled":true,"settings":{"heading":"Products","container":"container-fluid","stretch_width":false,"collection":"best-sellers","limit":6,"columns":2}},"ea723308-92c0-42ae-a45d-aede426d8cdd":{"type":"custom_html","disabled":true,"settings":{"heading":"Features","container":"inherit","html":""}},"b6f27de3-7fc2-4523-b2b2-f494e43aed88":{"type":"custom_html","disabled":true,"settings":{"heading":"razorpay","container":"inherit","html":""}}},"block_order":["5e153016-a9d7-46c9-a10e-30d16446793d","5b9aec5f-b955-4765-9a87-1962d613e909","a820a1bc-dfc4-4e61-8c8a-de23659759a6","31481022-f698-4968-bf06-3c24f36b09e7","ea723308-92c0-42ae-a45d-aede426d8cdd","b6f27de3-7fc2-4523-b2b2-f494e43aed88"],"settings":{"header_design":"logo-left-menu-center","container":"container","header_sticky":true,"transparent_on_top":false,"logo_text":"","logo":"shopify:\/\/shop_images\/logo-8-removebg.png","logo_mobile":"shopify:\/\/shop_images\/logo-8-removebg.png","logo_svg":"","logo_mobile_svg":"","logo_transparent_svg":"","logo_max_width":145,"sticky_logo_max_width":145,"mobile_logo_max_width":100,"main_menu":"main-menu","secondary_menu":"main-menu","mobile_menu":"","uppercase_parent_level":false,"search":"show_icon","show_account_icon":true,"show_cart_icon":true,"show_wishlist_icon":false,"show_compare_icon":false,"show_currency_switcher":false,"show_language_switcher":false}},"footer":{"type":"footer","blocks":{"49e72833-c68f-4a7b-ab64-3ef0cae99bcb":{"type":"menu","settings":{"menu":"footer-information-menu","title":"Our Values","width":"25%","order_first":false,"open_default":false}},"7ebc2f78-975b-4a81-b874-103c3355a866":{"type":"menu","settings":{"menu":"footer","title":"Information","width":"25%","order_first":false,"open_default":false}},"b7c06350-9bdd-4dc9-8852-1b69634b9d09":{"type":"custom_html","settings":{"title":"Contact us","html":"<p><strong>Heavenly Secrets Pvt Ltd<\/strong><\/p>\n\n<address>405 & 406, Corporate Centre, Marol Pipeline Rd, Ajit Nagar, J B Nagar, Andheri East, Mumbai, Maharashtra 400059<\/address>\n<div>\n<p><\/p>\n<div><strong>Email: <\/strong><a href=\"mailto:hello@discoverpilgrim.com\">hello@discoverpilgrim.com<\/a>\n<\/div>\n<div style=\"display: flex;\">\n\n<img src=\"https:\/\/cdn.shopify.com\/s\/files\/1\/0620\/1629\/1045\/files\/pwhatsapp.png?v=1672208759\" width=\"\" height=\"\"\/>:&nbsp\n<a href=\"https:\/\/wa.me\/917400097974?text=Hi\">7400097974<\/a>\n\n<\/div>\n\n<div><strong>Call: <\/strong><a href=\"\">+91-7400097974<\/a>\n<\/div>\n<div><strong>Support timings: <\/strong><a href=\"#\">9:00AM to 8:00PM(Monday to Sunday)<\/a>\n<\/div>\n\n\n<\/div>","width":"25%","order_first":false,"open_default":false}},"7b0bf4c6-3873-4222-b8d6-ce009e710078":{"type":"newsletter","settings":{"title":"Subscribe","description":"Enter your email below to be the first to know about new collections and product launches.","email_placeholder":"Enter your email","form_style":"bordered","show_social":false,"show_agree_checkbox":false,"width":"25%","order_first":true,"open_default":true}}},"block_order":["49e72833-c68f-4a7b-ab64-3ef0cae99bcb","7ebc2f78-975b-4a81-b874-103c3355a866","b7c06350-9bdd-4dc9-8852-1b69634b9d09","7b0bf4c6-3873-4222-b8d6-ce009e710078"],"custom_css":[],"settings":{"design":"footer-2","container":"container","bordered":false,"copyright":"&copy; Pilgrim India 2022","show_currency_selector":false,"show_language_selector":false,"show_social_links":true,"show_payment_icons":true,"payment_icons_width":300}},"annoucement":{"type":"annoucement","settings":{"show_announcement":false,"homepage_only":false,"show_close":false,"message":"<span class=\"font-regular\" style=\"font-size: 16px; line-height: 13px; color: #010165;\"><strong>BUY 1 GET 1 FREE SALE!<\/strong><\/span><span class=\"font-regular\" style=\"font-size: 14px; line-height: 16px; color: #010165\">  Use Code:<\/span><span class=\"font-regular\" style=\"font-size: 14px; line-height: 13px; color: #d20502;\"><strong> B1G1<\/strong><\/span><br><span class=\"font-regular\" style=\"font-size: 12px; line-height: 12px; color: #000000\"> <span class=\"font-regular\" style=\"font-size: 14px; line-height: 12px; color: #db0000;\"><strong> <\/strong><\/span> <span class=\"font-regular\" style=\"font-size: 12px; line-height: 16px; color: #000025\">  Shop for Any 2 Products <br>& get the Least expensive product FREE!!<\/span><\/span>","message_link":"","show_divider":true}},"mobile-sticky-bar":{"type":"mobile-sticky-bar","settings":{"show_mobile_sticky":true,"show_home_icon":true,"show_collection_icon":true,"show_cart_icon":true,"show_search_icon":false,"show_account_icon":true,"show_wishlist_icon":false}},"marmeto-discount-codes":{"type":"marmeto-discount-codes","blocks":{"51ef9ff3-5ecd-4bb1-957b-53eb9ad3d95f":{"type":"text","disabled":true,"settings":{"discount_code":"B1G1","discount_label":"Buy 1 Get 1 FREE on all products!","discount_details_title":"Terms & Conditions","discount_details":"Shop any 2 products &amp; get the least expensive product FREE!! (maximum 10 products FREE)"}},"d685f557-6099-41cb-b243-785f5628655e":{"type":"text","disabled":true,"settings":{"discount_code":"B1G1","discount_label":"Buy 1 Get 1 FREE on all products!","discount_details_title":"Shop any 2 products & get the least expensive product FREE!! (maximum 10 products FREE)","discount_details":""}},"c3950f0a-7c30-456f-a29d-282c81e71861":{"type":"text","disabled":true,"settings":{"discount_code":"NOV15","discount_label":"FLAT 15% OFF on entire order!","discount_details_title":"Flat 15% OFF on orders above 899\/-","discount_details":""}},"9729df2d-44f8-4267-8867-79acc16b99f0":{"type":"text","disabled":true,"settings":{"discount_code":"10ON2","discount_label":"10% OFF on 2 or more products","discount_details_title":"10% OFF on 2 or more products","discount_details":"10% OFF on 2 or more products"}},"b76a6111-50a4-4424-b73a-fee3eac0f11f":{"type":"text","disabled":true,"settings":{"discount_code":"","discount_label":"","discount_details_title":"Terms & Conditions","discount_details":""}}},"block_order":["51ef9ff3-5ecd-4bb1-957b-53eb9ad3d95f","d685f557-6099-41cb-b243-785f5628655e","c3950f0a-7c30-456f-a29d-282c81e71861","9729df2d-44f8-4267-8867-79acc16b99f0","b76a6111-50a4-4424-b73a-fee3eac0f11f"],"settings":{"enable_section":true,"discount_cta_color":"#056b2b"}},"dee-discount-codes":{"type":"dee-discount-codes","blocks":{"2a150069-7cee-420d-bec2-f3526cabc98c":{"type":"text","settings":{"discount_code":"MONSOON20","discount_label":"20% off on all products above ₹1200","discount_details_title":"Get flat 20% off on applying \"MONSOON20\".","discount_details":"20% off on all products above ₹1200"}},"c73a9883-191b-45ae-9b19-ba5594bf6887":{"type":"text","settings":{"discount_code":"10ON2","discount_label":"10% OFF on 2 or more products","discount_details_title":"10% OFF on 2 or more products","discount_details":"10% OFF on 2 or more products"}}},"block_order":["2a150069-7cee-420d-bec2-f3526cabc98c","c73a9883-191b-45ae-9b19-ba5594bf6887"],"settings":{"enable_section":true,"discount_cta_color":"#1878b9"}}},"content_for_index":[],"blocks":{"14060646107696862457":{"type":"shopify:\/\/apps\/judge-me-product-reviews\/blocks\/judgeme_core\/61ccd3b1-a9f2-4160-9fe9-4fec8413e5d8","disabled":false,"settings":{}},"6174324309569838175":{"type":"shopify:\/\/apps\/smile-rewards-loyalty\/blocks\/smile-shopify-app\/2fae4e25-1841-4ea2-bc02-bd548478c4f6","disabled":false,"settings":{}},"10605408327587305396":{"type":"shopify:\/\/apps\/easygift-auto-add-to-cart\/blocks\/app-embed\/0f7d4f74-1e89-4820-aec4-6564d7e535d2","disabled":false,"settings":{"version":"v3"}},"8133853093390032344":{"type":"shopify:\/\/apps\/visual-quiz-builder\/blocks\/app-embed\/82108934-e042-4d36-9032-f4f6674fae34","disabled":false,"settings":{"render":"shadow"}}}}}