{"current":{"favicon":"shopify:\/\/shop_images\/Pilgrim-Logo-AI-Filecolor-1200X1200-for-GMC_1.png","use_ajax_atc":true,"enable_rtl":false,"container_width":1100,"container_fluid_width":1340,"container_fluid_offset":0,"color_primary":"#000045","color_field_bg":"#ffffff","color_body_text":"#000000","color_heading_text":"#000000","color_sub_text":"#666666","color_btn_bg":"#ffc105","color_btn_bg_hover":"#000025","color_btn_text":"#000025","color_btn_text_hover":"#ffc105","product_title_color":"#000025","prod_sale_price_color":"#e41e1e","prod_regular_price_color":"#000025","prod_type_color":"#666666","color_annoucement_bg":"#f5f5f5","color_annoucement_text":"#000025","color_topbar_bg":"#ffffff","color_topbar_text":"#000000","color_header_bg":"#ffffff","color_header_link":"#000000","color_header_transparent":"#000000","color_cart_wishlist_count":"#000025","bg_cart_wishlist_count":"#ffc105","color_menu_bar_bg":"#000000","color_menu_bar_text":"#f8f8f8","color_footer_bg":"#f5f5f5","color_footer_text":"#000000","color_footer_subtext":"#666666","color_footer_link_hover":"#000000","color_footer_bottom_bg":"#f5f5f5","color_border":"#dedede","img_overlay_opacity":20,"tooltip_background_color":"#000000","type_base_font":"montserrat_n4","use_custom_font_body":false,"custom_body_font":"https:\/\/cdn.shopify.com\/s\/files\/1\/0561\/2742\/2636\/files\/Jost-Regular.ttf?v=1618297125@400\nhttps:\/\/cdn.shopify.com\/s\/files\/1\/0561\/2742\/2636\/files\/Jost-Medium.ttf?v=1618297125@500\nhttps:\/\/cdn.shopify.com\/s\/files\/1\/0561\/2742\/2636\/files\/Jost-SemiBold.ttf?v=1618297125@600","custom_body_weight":"400","type_header_font":"montserrat_n7","use_custom_font_heading":false,"custom_heading_font":"https:\/\/cdn.shopify.com\/s\/files\/1\/0561\/2742\/2636\/files\/Jost-Regular.ttf?v=1618297125@400\nhttps:\/\/cdn.shopify.com\/s\/files\/1\/0561\/2742\/2636\/files\/Jost-Medium.ttf?v=1618297125@500\nhttps:\/\/cdn.shopify.com\/s\/files\/1\/0561\/2742\/2636\/files\/Jost-SemiBold.ttf?v=1618297125@600","custom_heading_weight":"400","type_header_base_size":40,"btn_line_height":22,"btn_weight":"500","pcard_layout":"4","pcard_alignment":"center","pcard_image_ratio":"1\/1","show_wishlist_button":false,"show_compare_button":false,"show_countdown":true,"on_sale_badge":"hide","show_badge_soldout":true,"show_review_badge":true,"show_badge_sale":false,"show_vendor":false,"uppercase_prd_name":false,"pcard_title_line_clamp":"1","pcard_show_lowest_prices":true,"variant_option_design_default":"button","variant_option_title1":"Size","variant_option_display_name1":"Pack Selected","variant_option_design1":"button","variant_option_design2":"color","variant_option_design3":"color","product_colors":"red: #FF6961,\nyellow: #FDDA76,\nblack: #000000,\nblack band: #000000,\nblue: #8DB4D2,\ngreen: #C1E1C1,\npurple: #B19CD9,\nsilver: #EEEEEF,\nwhite: #FFFFFF,\nbrown: #836953,\nlight brown: #B5651D,\ndark turquoise: #23cddc,\norange: #FFB347,\ntan: #E9D1BF,\nviolet: #B490B0,\npink: #FFD1DC,\ngrey: #E0E0E0,\nsky: #96BDC6,\npale leaf: #CCD4BF,\nlight blue: #b1c5d4,\ndark grey: #aca69f,\nbeige: #EBE6DB,\nbeige band: #EED9C4,\ndark blue: #063e66,\ncream: #FFFFCC,\nlight pink: #FBCFCD,\nmint: #bedce3,\ndark gray: #3A3B3C,\nrosy brown: #c4a287,\nlight grey:#D3D3D3,\ncopper: #B87333,\nrose gold: #ECC5C0,\nnight blue: #151B54,\ncoral: #FF7F50,\nlight purple: #C6AEC7","filter_color1":"Gingham","filter_color2":"flannel","article_show_date":false,"article_show_excerpt":true,"article_show_button":true,"share_facebook":true,"share_twitter":false,"share_pinterest":true,"contact_phone_number":"+91 7400097974","contact_email":"hello@discoverpilgrim.com","find_store":"about-us","social_twitter_link":"","social_twitter_label":"","social_facebook_link":"https:\/\/facebook.com\/pilgrim.discover","social_facebook_label":"20K+ Followers","social_pinterest_link":"","social_pinterest_label":"","social_instagram_link":"https:\/\/www.instagram.com\/discover.pilgrim\/","social_instagram_label":"60K+ Followers","social_whatsapp_link":"https:\/\/wa.me\/917400097974?text=Hi","cart_notes_enable":false,"discount_code_enable":true,"cart_estimate_shipping":false,"default_country_estimate_shipping":"IN","cart_drawer_trust_badge":"shopify:\/\/shop_images\/Screenshot_8.png","popular_search_queries":"Retinol Night Cream, AHA BHA PHA Peeling Solution, 3% Redensyl Hair Growth Serum","search_unavailable_products":"HIDE","show_agree_on_cart":false,"show_agree_on_product":false,"show_cookie_consent":true,"cookie_consent_placement":"bottom-left","cookie_consent_theme":"white","custom_css":".sf-topbar {\n  border-color: #eee;\n}\n[id$=\"16225125199f82d8fe\"] .section-my {\n  padding-top: 45px;\n  padding-bottom: 45px;\n  margin-bottom: 0;\n  margin-top: 0;\n}\n[id$=\"16225125199f82d8fe\"] {\n  border-top: 1px solid #eee;\n}\n.sf__font-normal {\n  font-weight: 400;\n}\n[id$=\"16225316461d1cff80\"]\n  .collection-card__info\n  h3\n  a {\n  font-weight: 400;\n  font-size: 24px;\n  line-height: 34px;\n  margin-bottom: 4px;\n}\n[id$=\"16225316461d1cff80\"]\n  .collection-card__info\n  p {\n  color: #666;\n}\n[id$=\"16225125199f82d8fe\"] .sf-icon-box__text h3 {\n  line-height: 26px;\n  font-size: 20px;\n  font-weight: 500;\n}\n@media (min-width: 1536px) {\n  [id$=\"1621243260e1af0c20\"] .slide__block-title {\n    font-size: 100px;\n    line-height: 95px;\n  }\n}\n@media (max-width: 576px) {\n  [id$=\"1621243260e1af0c20\"] a.sf__mobile-button,\n  [id$=\"162251092958fcda7c\"] .sf__btn-primary,\n  [id$=\"162251092958fcda7c\"] .sf__btn-secondary {\n    width: 100%;\n  }\n  [id$=\"16225316461d1cff80\"] .section__heading {\n    text-align: center;\n  }\n  [id$=\"16225316461d1cff80\"]\n    .collection-card__info\n    h3\n    a {\n    font-weight: 500;\n  }\n  [id$=\"16225316461d1cff80\"]\n    .collection-card__info\n    p {\n    font-size: 14px;\n    line-height: 20px;\n  }\n  [id$=\"16225125199f82d8fe\"] .sf-icon-box__text h3 {\n    font-size: 18px;\n    margin-bottom: 2px;\n  }\n.prod__description {\n    font-size: 16px;\n    margin-top: -22px;\n  }\n.prod__tag-discounted {\n    background-color: #3BA73B;\n  }\n\n.sf__btn.sf__btn-secondary, a.sf__btn.sf__btn-secondary, button.sf__btn.sf__btn-secondary {\nbackground-color: #ffc105;\nborder: 0px solid var(--border-color);\ncolor: #000;\n }\n.sf__btn.sf__btn-white:hover, a.sf__btn.sf__btn-white:hover, button.sf__btn.sf__btn-white:hover {\nbackground: #010147;\n}\n.prose :where(table):not(:where([class~=not-prose] *)) {\n   font-size: 10px;\n }\n.prod__reviews-and-prices.flex {\nmargin-bottom: -25px;\nmargin-top: -30px;\n}\n\n}\n\n.after_atc_tab ul li {\nfont-size: 19px;\n    font-weight: bold;\n    transition: 302ms all;\n    cursor: pointer;\n    padding: 10px 24px 12px 24px;\n    border-bottom: 1.1px solid #d2d2d2;\n    \n}\n\n\n.progressbar {\n  width: 100%;\n  grid-template-columns: repeat(1, 160px);\n\n  grid-gap: 20px;\n  background: #A0E9BE;\n  \nalign: center;\n  margin: auto 0;\n  padding: 20px 10px;\n\n}\n\n@media (min-width: 420px) and (max-width: 659px) {\n  .progressbar {\n    grid-template-columns: repeat(2, 160px);\n  }\n}\n\n@media (min-width: 660px) and (max-width: 899px) {\n  .progressbar {\n    grid-template-columns: repeat(3, 160px);\n  }\n}\n\n@media (min-width: 900px) {\n  .progressbar {\n    grid-template-columns: repeat(3, 160px);\n  }\n}\n\n.progressbar .box {\n  width: 100%;\n\n}\n\n.progressbar .box p {\n  display: block;\n  text-align: center;\n  color: #2E4D2C;\n}\n\n.progressbar .box .chart {\n  position: relative;\n  width: 100%;\n  height: 100%;\n  text-align: center;\n  font-size: 30px;\n  line-height: 160px;\n  height: 160px;\n  color: #2E4D2C;\nfont-weight: bold;\n}\n\n.progressbar .box canvas {\n  position: absolute;\n  top: 0;\n  left: 0;\n  width: 100%;\n  width: 100%;\nmargin-left: 25%;\n}\n.sf-po__option-button:hover, .sf-po__option-button[data-selected=true] {\nborder: medium;\n    background-color: #010147;\n    color: #ffffff;\n    padding: 5px 20px 5px 20px;\n}\n.ingredients {\npadding-top: 25px;\n}\n.powerful-ingredients {\nmargin-bottom: -35px;\n}\n}\n\n\n\n#cssmenu {padding: 0; margin: 0; border: 0; line-height: 1;}\n    #cssmenu ul,\n    #cssmenu ul li{list-style: none; margin: 0; padding: 0;}\n\n    #cssmenu ul li.hover,\n    #cssmenu ul li:hover {position: relative; z-index: 599; cursor: default;}\n\n    #cssmenu {width:100%; background: #ffffff; font-weight: bold;\n    zoom: 1; font-size: 12px;}\n    #cssmenu:before {content: ''; display: block;}\n\n    #cssmenu:after{content: ''; display: table; clear: both;}\n    #cssmenu a {display: block; padding: 15px; color: #444444; text-decoration: none;\nfont-size: 14px;\n     border: 1px solid #cdcdcd;}\n.sf-pqv__button.sf__btn.sf__btn-secondary.sf__btn-white.flex-grow:hover {\nbackground: #000025;\n    border: 0px;\n}\n.add-to-cart.sf__btn.flex-grow.flex-shrink.not-change.relative.sf__btn-secondary.sf__btn-white:hover {\nbackground: #000025;\n    border: 0px;\n}\ninput#pincode.form-control {\nwidth: 45%;\nfont-size: 14px;\n}\n.delivery-check-button {\nbackground-color: #ffc105;\nmargin-left: 0.5rem;\npadding: 10px 20px;\nborder-radius: 5px;\n}\n.delivery-check-button:hover {\nbackground-color: #010145;\ncolor: #ffc105;\nmargin-left: 0.5rem;\npadding: 10px 20px;\nborder-radius: 5px;\n}\n.template-product #MainContent {\n    padding-bottom: 0;\n}\n.prod__additional_infos li:first-child {\nmargin-top: -30px;\nmargin-bottom: -15px;\n}\n.prod__additional_infos-label {\nmargin-right: 8px;\n}\n.prod__reviews-and-prices.flex {\nmargin-top: -1.8rem;\nmargin-bottom: -1.7rem;\n}\n.prod__tag-discounted {\nbackground-color: #52a364;\n}\n.main-product__block.main-product__block-title {\nmargin-bottom: -1.8rem;\nmargin-top: 0px;\n}\n.text-2xl.font-medium {\nfont-weight: 700;\n}\n.font-medium {\nfont-weight: 600;\n}\n.sf__btn.sf__btn-primary.w-full.scd__checkout.mb-3 {\nfont-size: 18px;\nfont-weight: 700;\n}\n.prod__tag-new {\n    background-color: #8A0303;\n  }\n.ol {\nmax-width: 90%!important;\n}\n.login-header {\nfont-size: 24px!important;\nfont-weight: 700!important;\n}\n.verify-box.h3 {\nfont-size: 24px!important;\nfont-weight: 700!important;\n}\n.login-description {\nfont-size: 14px!important;\ncolor: #444444!important;\n}\n.verify-box-details {\nfont-size: 14px!important;\ncolor: #444444!important;\n}\n.login-inputBox p {\nfont-size: 15px !important;\ntext-align: center !important;\n}\n.olInput.user-name-input {\nfont-size: 18px!important;\n    padding: 5px 5px!important;\n}\n.send-btn {\nbackground: #010145!important;\npadding: 10px!important;\n}\n.verify-btn {\nbackground: #010145!important;\npadding: 10px!important;\n}\n}","review_app":"shopify","checkout_logo_image":"shopify:\/\/shop_images\/logo.png","checkout_logo_position":"left","checkout_logo_size":"small","checkout_body_background_color":"#f5f5f5","checkout_input_background_color_mode":"transparent","checkout_heading_font":"Helvetica Neue","checkout_body_font":"Roboto","checkout_accent_color":"#010145","checkout_button_color":"#ffc105","show_variant_swatch_image":true,"bg_cart_count":"#da3f3f","sections":{"header":{"type":"header","settings":{"header_design":"logo-left-menu-center","container":"container","header_sticky":true,"transparent_on_top":false,"logo_text":"","logo":"shopify:\/\/shop_images\/logo-8-removebg.png","logo_mobile":"shopify:\/\/shop_images\/logo-8-removebg.png","logo_svg":"","logo_mobile_svg":"","logo_transparent_svg":"","logo_max_width":145,"sticky_logo_max_width":145,"mobile_logo_max_width":100,"main_menu":"main-menu","secondary_menu":"main-menu","mobile_menu":"","uppercase_parent_level":false,"search":"show_icon","show_account_icon":true,"show_cart_icon":true,"show_wishlist_icon":false,"show_compare_icon":false,"show_currency_switcher":false,"show_language_switcher":false}},"footer":{"type":"footer","blocks":{"7b0bf4c6-3873-4222-b8d6-ce009e710078":{"type":"newsletter","settings":{"title":"Subscribe","description":"Enter your email below to be the first to know about new collections and product launches.","email_placeholder":"Enter your email","form_style":"bordered","show_social":false,"show_agree_checkbox":false,"width":"25%","order_first":true,"open_default":true}},"49e72833-c68f-4a7b-ab64-3ef0cae99bcb":{"type":"menu","settings":{"menu":"footer-information-menu","title":"Our Values","width":"25%","order_first":false,"open_default":false}},"7ebc2f78-975b-4a81-b874-103c3355a866":{"type":"menu","settings":{"menu":"footer","title":"Information","width":"25%","order_first":false,"open_default":false}},"b7c06350-9bdd-4dc9-8852-1b69634b9d09":{"type":"custom_html","settings":{"title":"Get in touch","html":"<p><strong>Heavenly Secrets Pvt Ltd<\/strong><\/p>\n\n<address>801, Jai Antariksh | Makwana Road, Gamdevi, Marol Naka, Mumbai 400059<\/address>\n<div>\n<p><\/p>\n<div><strong>Email: <\/strong><a href=\"mailto:hello@discoverpilgrim.com\">hello@discoverpilgrim.com<\/a>\n<\/div>\n<div><strong>Whatsapp: <\/strong><a href=\"https:\/\/wa.me\/917400097974?text=Hi\">917400097974<\/a>\n<\/div>\n\n<\/div>","width":"25%","order_first":false,"open_default":false}}},"block_order":["7b0bf4c6-3873-4222-b8d6-ce009e710078","49e72833-c68f-4a7b-ab64-3ef0cae99bcb","7ebc2f78-975b-4a81-b874-103c3355a866","b7c06350-9bdd-4dc9-8852-1b69634b9d09"],"settings":{"design":"footer-1","container":"container","bordered":true,"copyright":"&copy; Pilgrim India 2022","show_currency_selector":false,"show_language_selector":false,"show_social_links":true,"show_payment_icons":true,"payment_icons_width":300}},"annoucement":{"type":"annoucement","settings":{"show_announcement":false,"homepage_only":true,"show_close":true,"message":"<span class=\"font-medium\" style=\"font-size: 15px;\">Free Delivery on orders over ₹299. Don’t miss discount.<\/span>","message_link":"","show_divider":false}},"mobile-sticky-bar":{"type":"mobile-sticky-bar","settings":{"show_mobile_sticky":true,"show_home_icon":true,"show_collection_icon":true,"show_cart_icon":true,"show_search_icon":false,"show_account_icon":true,"show_wishlist_icon":false}}},"content_for_index":[],"blocks":{"14060646107696862457":{"type":"shopify:\/\/apps\/judge-me-product-reviews\/blocks\/judgeme_core\/61ccd3b1-a9f2-4160-9fe9-4fec8413e5d8","disabled":false,"settings":{}},"6174324309569838175":{"type":"shopify:\/\/apps\/smile-rewards-loyalty\/blocks\/smile-shopify-app\/2fae4e25-1841-4ea2-bc02-bd548478c4f6","disabled":false,"settings":{}}}}}