{"sections":{"f4a70583-2a61-4855-9849-20a6d4d5108e":{"type":"custom-content","disabled":true,"settings":{"heading":"","subheading":"","description":"","header_alignment":"left","container":"container-fluid","background_color":"","gap":30,"use_scroll_mobile":false,"gap_mobile":16,"custom_class":""}},"5d6e7b86-ac97-42d1-963a-d9590773bdcd":{"type":"slider","blocks":{"template--16652728959205__5d6e7b86-ac97-42d1-963a-d9590773bdcd-1669634629e82910be-0":{"type":"slider_item","settings":{"background":"shopify:\/\/shop_images\/World-Beauty-Carnival-Sale-Homepage-Banner-1920x520.jpg","mb_background":"shopify:\/\/shop_images\/World-Beauty-Carnival-Sale-B1G1-FREE-Homepage-Banner-800x1000.jpg","image_alignment":"center","content_in_container":false,"content_position":"center middle","text_alignment":"center","text_size":"medium","text_color":"black","subheading":"","title":"","description":"","image_link":"","banner_name":"","banner_category":"","banner_offer":"","button_text":"","button_link":"","button_style":"sf__btn-primary","button_size":"","show_footer":false,"footer_alignment":"end","footer_text":"","footer_button":"","footer_link":""}},"template--16652728959205__5d6e7b86-ac97-42d1-963a-d9590773bdcd-1669634629e82910be-1":{"type":"slider_item","disabled":true,"settings":{"image_alignment":"center","content_in_container":false,"content_position":"center middle","text_alignment":"center","text_size":"medium","text_color":"black","subheading":"","title":"New Collection","description":"<p>Tell your campaign through images<\/p>","image_link":"","banner_name":"","banner_category":"","banner_offer":"","button_text":"Shop now","button_link":"","button_style":"sf__btn-primary","button_size":"","show_footer":false,"footer_alignment":"end","footer_text":"New Collection","footer_button":"Shop Now","footer_link":""}},"template--16652728959205__5d6e7b86-ac97-42d1-963a-d9590773bdcd-1669634629e82910be-2":{"type":"slider_item","disabled":true,"settings":{"image_alignment":"center","content_in_container":false,"content_position":"center middle","text_alignment":"center","text_size":"medium","text_color":"black","subheading":"","title":"New Collection","description":"<p>Tell your campaign through images<\/p>","image_link":"","banner_name":"","banner_category":"","banner_offer":"","button_text":"Shop now","button_link":"","button_style":"sf__btn-primary","button_size":"","show_footer":false,"footer_alignment":"end","footer_text":"New Collection","footer_button":"Shop Now","footer_link":""}}},"block_order":["template--16652728959205__5d6e7b86-ac97-42d1-963a-d9590773bdcd-1669634629e82910be-0","template--16652728959205__5d6e7b86-ac97-42d1-963a-d9590773bdcd-1669634629e82910be-1","template--16652728959205__5d6e7b86-ac97-42d1-963a-d9590773bdcd-1669634629e82910be-2"],"settings":{"container":"w-full","slideshow_height":"adapt","show_overlay":false,"dots_position":"bottom","dots_color":"dark","show_dots":true,"show_arrows":false,"autorotate":true,"autorotate_speed":5,"use_content_above":false,"custom_class":"world-beauty-carnival"}},"d80a1894-25ba-4d76-bb25-e8b655129917":{"type":"brands-list","disabled":true,"settings":{"heading":"FLASH SALES","subheading":"","header_alignment":"center","container":"w-full","background_color":"rgba(0,0,0,0)","item_per_row":4,"enable_slider":true,"autorotate":true,"autorotate_speed":3,"custom_class":""}},"01a1fdfa-9eca-42a0-998b-bf8cfa1d9b0f":{"type":"slider","disabled":true,"blocks":{"template--16655961358565__01a1fdfa-9eca-42a0-998b-bf8cfa1d9b0f-1669903324be1a9c9d-0":{"type":"slider_item","settings":{"background":"shopify:\/\/shop_images\/2.jpg","mb_background":"shopify:\/\/shop_images\/2.jpg","image_alignment":"center","content_in_container":false,"content_position":"center middle","text_alignment":"center","text_size":"medium","text_color":"black","subheading":"","title":"","description":"","image_link":"","banner_name":"","banner_category":"","banner_offer":"","button_text":"","button_link":"","button_style":"sf__btn-primary","button_size":"","show_footer":false,"footer_alignment":"end","footer_text":"","footer_button":"","footer_link":""}}},"block_order":["template--16655961358565__01a1fdfa-9eca-42a0-998b-bf8cfa1d9b0f-1669903324be1a9c9d-0"],"settings":{"container":"w-full","slideshow_height":"adapt","show_overlay":false,"dots_position":"bottom","dots_color":"dark","show_dots":true,"show_arrows":false,"autorotate":false,"autorotate_speed":5,"use_content_above":false,"custom_class":"world-beauty-carnival"}},"b896fab9-c80e-4197-85f0-30ceb7d93010":{"type":"slider","blocks":{"template--16652728959205__b896fab9-c80e-4197-85f0-30ceb7d93010-1669634629e82910be-2":{"type":"slider_item","settings":{"background":"shopify:\/\/shop_images\/2-Iphones-Lucky-Winners-Homepage-Banner-1920x500_37cfac54-77fa-46d4-8ff9-ba49d22242a0.jpg","mb_background":"shopify:\/\/shop_images\/2-Iphones-Lucky-Winners-Homepage-Banner-800x300.jpg","image_alignment":"center","content_in_container":false,"content_position":"center middle","text_alignment":"center","text_size":"medium","text_color":"black","subheading":"","title":"","description":"","image_link":"","banner_name":"","banner_category":"","banner_offer":"","button_text":"","button_link":"","button_style":"sf__btn-primary","button_size":"","show_footer":false,"footer_alignment":"end","footer_text":"","footer_button":"","footer_link":""}}},"block_order":["template--16652728959205__b896fab9-c80e-4197-85f0-30ceb7d93010-1669634629e82910be-2"],"settings":{"container":"w-full","slideshow_height":"adapt","show_overlay":false,"dots_position":"bottom","dots_color":"dark","show_dots":true,"show_arrows":false,"autorotate":true,"autorotate_speed":4,"use_content_above":false,"custom_class":"world-beauty-carnivaL"}},"d1463fc1-5665-4e81-a115-4d47125764fe":{"type":"slider","blocks":{"template--16655961358565__d1463fc1-5665-4e81-a115-4d47125764fe-1669910289ff4a2cbf-0":{"type":"slider_item","settings":{"background":"shopify:\/\/shop_images\/Flash-Sales-Everday-Homepage-Banner-1920x500_23b80b80-b64f-48ea-994c-48d8a0d352a1.jpg","mb_background":"shopify:\/\/shop_images\/Flash-Sales-Everday-Homepage-Banner-800x300.jpg","image_alignment":"center","content_in_container":true,"content_position":"center bottom","text_alignment":"center","text_size":"medium","text_color":"black","subheading":"","title":"","description":"","image_link":"","banner_name":"","banner_category":"","banner_offer":"","button_text":"","button_link":"","button_style":"sf__btn-secondary","button_size":"","show_footer":false,"footer_alignment":"end","footer_text":"","footer_button":"","footer_link":""}},"template--16655961358565__d1463fc1-5665-4e81-a115-4d47125764fe-1669910289ff4a2cbf-1":{"type":"slider_item","disabled":true,"settings":{"image_alignment":"center","content_in_container":false,"content_position":"center middle","text_alignment":"center","text_size":"medium","text_color":"black","subheading":"","title":"New Collection","description":"<p>Tell your campaign through images<\/p>","image_link":"","banner_name":"","banner_category":"","banner_offer":"","button_text":"Shop now","button_link":"","button_style":"sf__btn-primary","button_size":"","show_footer":false,"footer_alignment":"end","footer_text":"New Collection","footer_button":"Shop Now","footer_link":""}},"template--16655961358565__d1463fc1-5665-4e81-a115-4d47125764fe-1669910289ff4a2cbf-2":{"type":"slider_item","disabled":true,"settings":{"image_alignment":"center","content_in_container":false,"content_position":"center middle","text_alignment":"center","text_size":"medium","text_color":"black","subheading":"","title":"New Collection","description":"<p>Tell your campaign through images<\/p>","image_link":"","banner_name":"","banner_category":"","banner_offer":"","button_text":"Shop now","button_link":"","button_style":"sf__btn-primary","button_size":"","show_footer":false,"footer_alignment":"end","footer_text":"New Collection","footer_button":"Shop Now","footer_link":""}}},"block_order":["template--16655961358565__d1463fc1-5665-4e81-a115-4d47125764fe-1669910289ff4a2cbf-0","template--16655961358565__d1463fc1-5665-4e81-a115-4d47125764fe-1669910289ff4a2cbf-1","template--16655961358565__d1463fc1-5665-4e81-a115-4d47125764fe-1669910289ff4a2cbf-2"],"settings":{"container":"w-full","slideshow_height":"adapt","show_overlay":false,"dots_position":"bottom","dots_color":"dark","show_dots":true,"show_arrows":false,"autorotate":false,"autorotate_speed":5,"use_content_above":false,"custom_class":"world-beauty-carnival"}},"eb0477b3-16c8-467f-a992-500e0bdd985e":{"type":"newsletter","settings":{"container":"w-full","background_color":"","form_layout":"vertical","form_design":"1","heading":"Set a Reminder for ₹1 Flash Sale","description":"<p><\/p>","email_placeholder":"Enter your email","submit_button":"Set a Reminder","text_color":"black","show_icon":true,"icon_img_width":"30","show_agreement":false}},"b9633ccf-de14-4d58-9ca1-4e395c2fe379":{"type":"featured-collection","settings":{"heading":"₹1 Flash Sale: 15th December, 8 PM","subheading":"","description":"","header_alignment":"center","container":"container-fluid","background_color":"rgba(0,0,0,0)","collection":"1-flash-sale","enable_flashsale":false,"show_countdown":false,"product_to_show":8,"items_per_row":4,"item_gap":30,"pcard_layout":"","pcard_image_ratio":"","show_vendor":false,"hide_title":false,"enable_slider":false,"show_pagination":false,"show_navigation":false,"button_type":"link","button_text":"","button_style":"sf__btn-primary","button_size":"","infinite_load":false,"max_page_load":3,"use_scroll_mobile":true,"item_gap_mobile":16,"custom_class":""}},"2e2331dc-ac82-4ff8-a395-1da04dcc56d6":{"type":"featured-collection","settings":{"heading":"₹199 Flash Sale: 16th December, 4 PM","subheading":"","description":"","header_alignment":"center","container":"container-fluid","background_color":"rgba(0,0,0,0)","collection":"199-flash-sale","enable_flashsale":false,"show_countdown":false,"product_to_show":8,"items_per_row":4,"item_gap":30,"pcard_layout":"","pcard_image_ratio":"","show_vendor":false,"hide_title":false,"enable_slider":false,"show_pagination":false,"show_navigation":false,"button_type":"link","button_text":"","button_style":"sf__btn-primary","button_size":"","infinite_load":false,"max_page_load":3,"use_scroll_mobile":true,"item_gap_mobile":16,"custom_class":""}},"35a5d87b-ae66-4a24-8a4b-b6d1a76b28d7":{"type":"featured-collection","settings":{"heading":"₹99 Flash Sale - 16th December, 8 PM","subheading":"","description":"","header_alignment":"center","container":"container-fluid","background_color":"rgba(0,0,0,0)","collection":"99flashsale","enable_flashsale":false,"show_countdown":false,"product_to_show":8,"items_per_row":4,"item_gap":30,"pcard_layout":"","pcard_image_ratio":"","show_vendor":false,"hide_title":false,"enable_slider":false,"show_pagination":false,"show_navigation":false,"button_type":"link","button_text":"","button_style":"sf__btn-primary","button_size":"","infinite_load":false,"max_page_load":3,"use_scroll_mobile":true,"item_gap_mobile":16,"custom_class":""}},"ae2ded53-7f19-44dd-8a07-bca9dd27d60d":{"type":"featured-collection","settings":{"heading":"₹299 Flash Sale: 17th December, 8 PM","subheading":"","description":"","header_alignment":"center","container":"container-fluid","background_color":"rgba(0,0,0,0)","collection":"299-flash-sale","enable_flashsale":false,"show_countdown":false,"product_to_show":8,"items_per_row":4,"item_gap":30,"pcard_layout":"","pcard_image_ratio":"","show_vendor":false,"hide_title":false,"enable_slider":false,"show_pagination":false,"show_navigation":false,"button_type":"link","button_text":"","button_style":"sf__btn-primary","button_size":"","infinite_load":false,"max_page_load":3,"use_scroll_mobile":true,"item_gap_mobile":16,"custom_class":""}},"6adddd10-1fd4-48c5-9461-5f109f3ba970":{"type":"featured-collection","settings":{"heading":"₹499 Flash Sale: 18th December, 8 PM","subheading":"","description":"","header_alignment":"center","container":"container-fluid","background_color":"rgba(0,0,0,0)","collection":"499-flash-sale","enable_flashsale":false,"show_countdown":false,"product_to_show":8,"items_per_row":4,"item_gap":30,"pcard_layout":"","pcard_image_ratio":"","show_vendor":false,"hide_title":false,"enable_slider":false,"show_pagination":false,"show_navigation":false,"button_type":"link","button_text":"","button_style":"sf__btn-primary","button_size":"","infinite_load":false,"max_page_load":3,"use_scroll_mobile":true,"item_gap_mobile":16,"custom_class":""}},"8bd81133-47b8-4fac-adc5-5a617354e416":{"type":"featured-collection","settings":{"heading":"₹1 Flash Sale: 19th December, 8 PM","subheading":"","description":"","header_alignment":"center","container":"container-fluid","background_color":"rgba(0,0,0,0)","collection":"1-flash-sale-19-dec","enable_flashsale":false,"show_countdown":false,"product_to_show":8,"items_per_row":4,"item_gap":30,"pcard_layout":"","pcard_image_ratio":"","show_vendor":false,"hide_title":false,"enable_slider":false,"show_pagination":false,"show_navigation":false,"button_type":"link","button_text":"","button_style":"sf__btn-primary","button_size":"","infinite_load":false,"max_page_load":3,"use_scroll_mobile":true,"item_gap_mobile":16,"custom_class":""}},"d5475a0c-184b-4c25-965b-00c6a6945b1b":{"type":"slider","blocks":{"template--16660343029989__d5475a0c-184b-4c25-965b-00c6a6945b1b-16705690982b3a51a8-2":{"type":"slider_item","settings":{"background":"shopify:\/\/shop_images\/Happy-Hour-Flash-Sales-Homepage-Banner-1920x500.jpg","mb_background":"shopify:\/\/shop_images\/Happy-Hour-Flash-Sales-Homepage-Banner-1920x500.jpg","image_alignment":"center","content_in_container":false,"content_position":"center middle","text_alignment":"center","text_size":"medium","text_color":"black","subheading":"","title":"","description":"","image_link":"","banner_name":"","banner_category":"","banner_offer":"","button_text":"","button_link":"","button_style":"sf__btn-primary","button_size":"","show_footer":false,"footer_alignment":"end","footer_text":"New Collection","footer_button":"Shop Now","footer_link":""}}},"block_order":["template--16660343029989__d5475a0c-184b-4c25-965b-00c6a6945b1b-16705690982b3a51a8-2"],"settings":{"container":"w-full","slideshow_height":"adapt","show_overlay":false,"dots_position":"bottom","dots_color":"dark","show_dots":true,"show_arrows":false,"autorotate":false,"autorotate_speed":5,"use_content_above":false,"custom_class":""}},"collection-header":{"type":"collection-page-header","disabled":true,"settings":{"container":"container","layout":"inside","header_height":"small","text_alignment":"center","vertical_alignment":"center","text_color":"dark","bg_color":"#ffffff","enable_parallax":false,"upper_title":false,"show_desc":false,"collection_all_desc":""}},"main":{"type":"main-collection-product-grid","disabled":true,"blocks":{"26ef6509-772d-4c44-bd90-efc089bd9355":{"type":"filter","settings":{"design_filtergroup":"button","title":"Size","filtergroup":"XS,S,M,L,XL","show_label":false,"use_accordion":false,"open_filtergroup":true}},"e12de6da-eab8-4abe-967c-06d0d959a18a":{"type":"filter","settings":{"design_filtergroup":"color","title":"Colors","filtergroup":"Blue, Red, White ,Black ,Pink ,Silver,Purple,Brown,Yellow,Grey,Green,Tan,Violet,Dark Grey,Beige,Light Blue, Dark Blue, Light Grey, Light Pink, Mint, Rose Gold, Night Blue, Copper, Coral, Rosy Brown","show_label":false,"use_accordion":false,"open_filtergroup":true}},"fa31a837-9c99-4c92-8cfe-0527ffbe7b15":{"type":"filter","settings":{"design_filtergroup":"default","title":"Prices","filtergroup":"$0-$50,$50-$100,$100-$150,$150-$200,$200-$300,$300-$400","show_label":false,"use_accordion":false,"open_filtergroup":true}},"4903963a-90f0-4fe1-be23-ee4f8749e483":{"type":"filter","settings":{"design_filtergroup":"inrow","title":"Brands","filtergroup":"Minimog,Retrolie,Abby,Brook,Learts,Vagabond","show_label":false,"use_accordion":false,"open_filtergroup":true}},"00b3badd-1613-4230-85d8-f87f04306aaa":{"type":"filter","settings":{"design_filtergroup":"inrow","title":"Tags","filtergroup":"Dress,Tops,Shirts,Fashion,Hats,Sandal,Belt,Bags,Snacker,Denim,Minimog,Vagabond,Sunglasses, Beachwear,Vintage","show_label":false,"use_accordion":true,"open_filtergroup":true}}},"block_order":["26ef6509-772d-4c44-bd90-efc089bd9355","e12de6da-eab8-4abe-967c-06d0d959a18a","fa31a837-9c99-4c92-8cfe-0527ffbe7b15","4903963a-90f0-4fe1-be23-ee4f8749e483","00b3badd-1613-4230-85d8-f87f04306aaa"],"settings":{"container":"container-fluid","grid_layout":"grid","grid_columns":"4","show_columns_switcher":true,"show_sorting":true,"show_filter":true,"filters_type":"tags_filter","sidebar":"leftColumn","sidebar_title":"Filters","limit_height_widget":false,"limit_height":300,"change_product_variant_on_fitlering":true,"pagination_limit":12,"paginate_type":"paginate"}},"1747bdb2-ebbf-4cc7-ab7f-3ba951a8ee5c":{"type":"slider","blocks":{"template--16655961358565__1747bdb2-ebbf-4cc7-ab7f-3ba951a8ee5c-1669903324be1a9c9d-0":{"type":"slider_item","settings":{"background":"shopify:\/\/shop_images\/Vanity-Bag-Homepage-Banner-1920x500.jpg","mb_background":"shopify:\/\/shop_images\/Vanity-Bag-Homepage-Banner-800x300.jpg","image_alignment":"center","content_in_container":false,"content_position":"center middle","text_alignment":"center","text_size":"medium","text_color":"black","subheading":"","title":"","description":"","image_link":"","banner_name":"","banner_category":"","banner_offer":"","button_text":"","button_link":"","button_style":"sf__btn-primary","button_size":"","show_footer":false,"footer_alignment":"end","footer_text":"","footer_button":"","footer_link":""}}},"block_order":["template--16655961358565__1747bdb2-ebbf-4cc7-ab7f-3ba951a8ee5c-1669903324be1a9c9d-0"],"settings":{"container":"w-full","slideshow_height":"adapt","show_overlay":false,"dots_position":"bottom","dots_color":"dark","show_dots":true,"show_arrows":false,"autorotate":false,"autorotate_speed":5,"use_content_above":false,"custom_class":"world-beauty-carnival"}},"505d047e-2be5-460b-9f80-5b965cb054e6":{"type":"slider","blocks":{"template--16655961358565__505d047e-2be5-460b-9f80-5b965cb054e6-1669903324be1a9c9d-2":{"type":"slider_item","settings":{"background":"shopify:\/\/shop_images\/Jute-Bag-Homepage-Banner-1920x500_b23c273a-2de6-44c2-b265-7afe67de9dbb.jpg","mb_background":"shopify:\/\/shop_images\/Jute-Bag-Homepage-Banner-800x300.jpg","image_alignment":"center","content_in_container":false,"content_position":"center middle","text_alignment":"center","text_size":"medium","text_color":"black","subheading":"","title":"","description":"","image_link":"","banner_name":"","banner_category":"","banner_offer":"","button_text":"","button_link":"","button_style":"sf__btn-primary","button_size":"","show_footer":false,"footer_alignment":"end","footer_text":"","footer_button":"","footer_link":""}}},"block_order":["template--16655961358565__505d047e-2be5-460b-9f80-5b965cb054e6-1669903324be1a9c9d-2"],"settings":{"container":"w-full","slideshow_height":"adapt","show_overlay":false,"dots_position":"bottom","dots_color":"dark","show_dots":true,"show_arrows":false,"autorotate":false,"autorotate_speed":5,"use_content_above":false,"custom_class":"world-beauty-carnival"}},"02d45c2a-a8dd-4543-8695-359914e8d17d":{"type":"pagefly-section","disabled":true,"settings":{"section_id":"pf-da6dc6c6"}},"5867ca87-5a28-41d1-8b73-9f4e7a28ae37":{"type":"slider","disabled":true,"blocks":{"template--16655961358565__5867ca87-5a28-41d1-8b73-9f4e7a28ae37-1669910289ff4a2cbf-0":{"type":"slider_item","settings":{"background":"shopify:\/\/shop_images\/Games-Desktop-Banner-1920x520.jpg","mb_background":"shopify:\/\/shop_images\/WhatsApp_Image_2022-12-01_at_21.38.14.jpg","image_alignment":"center","content_in_container":false,"content_position":"center middle","text_alignment":"center","text_size":"medium","text_color":"black","subheading":"","title":"","description":"","image_link":"","banner_name":"","banner_category":"","banner_offer":"","button_text":"","button_link":"","button_style":"sf__btn-primary","button_size":"","show_footer":false,"footer_alignment":"end","footer_text":"","footer_button":"","footer_link":""}},"template--16655961358565__5867ca87-5a28-41d1-8b73-9f4e7a28ae37-1669910289ff4a2cbf-1":{"type":"slider_item","disabled":true,"settings":{"image_alignment":"center","content_in_container":false,"content_position":"center middle","text_alignment":"center","text_size":"medium","text_color":"black","subheading":"","title":"New Collection","description":"<p>Tell your campaign through images<\/p>","image_link":"","banner_name":"","banner_category":"","banner_offer":"","button_text":"Shop now","button_link":"","button_style":"sf__btn-primary","button_size":"","show_footer":false,"footer_alignment":"end","footer_text":"New Collection","footer_button":"Shop Now","footer_link":""}},"template--16655961358565__5867ca87-5a28-41d1-8b73-9f4e7a28ae37-1669910289ff4a2cbf-2":{"type":"slider_item","disabled":true,"settings":{"image_alignment":"center","content_in_container":false,"content_position":"center middle","text_alignment":"center","text_size":"medium","text_color":"black","subheading":"","title":"New Collection","description":"<p>Tell your campaign through images<\/p>","image_link":"","banner_name":"","banner_category":"","banner_offer":"","button_text":"Shop now","button_link":"","button_style":"sf__btn-primary","button_size":"","show_footer":false,"footer_alignment":"end","footer_text":"New Collection","footer_button":"Shop Now","footer_link":""}}},"block_order":["template--16655961358565__5867ca87-5a28-41d1-8b73-9f4e7a28ae37-1669910289ff4a2cbf-0","template--16655961358565__5867ca87-5a28-41d1-8b73-9f4e7a28ae37-1669910289ff4a2cbf-1","template--16655961358565__5867ca87-5a28-41d1-8b73-9f4e7a28ae37-1669910289ff4a2cbf-2"],"settings":{"container":"w-full","slideshow_height":"adapt","show_overlay":false,"dots_position":"bottom","dots_color":"dark","show_dots":true,"show_arrows":false,"autorotate":false,"autorotate_speed":5,"use_content_above":false,"custom_class":"world-beauty-carnival"}},"90015b8c-1e9b-411f-9c1d-db9085374bca":{"type":"slider","disabled":true,"blocks":{"template--16655961358565__90015b8c-1e9b-411f-9c1d-db9085374bca-1669907890c65c734f-0":{"type":"slider_item","settings":{"background":"shopify:\/\/shop_images\/Mystery-Products-Homepage-Banner-1920x500.jpg","mb_background":"shopify:\/\/shop_images\/Mystery-Products-Homepage-Banner-1920x500.jpg","image_alignment":"center","content_in_container":false,"content_position":"center middle","text_alignment":"center","text_size":"medium","text_color":"black","subheading":"","title":"","description":"","image_link":"","banner_name":"","banner_category":"","banner_offer":"","button_text":"","button_link":"","button_style":"sf__btn-primary","button_size":"","show_footer":false,"footer_alignment":"end","footer_text":"","footer_button":"","footer_link":""}}},"block_order":["template--16655961358565__90015b8c-1e9b-411f-9c1d-db9085374bca-1669907890c65c734f-0"],"settings":{"container":"w-full","slideshow_height":"adapt","show_overlay":false,"dots_position":"bottom","dots_color":"dark","show_dots":true,"show_arrows":false,"autorotate":false,"autorotate_speed":5,"use_content_above":false,"custom_class":"world-beauty-carnival"}},"3dda809c-73ac-446d-9d1d-9ea78f41e4ee":{"type":"slider","blocks":{"template--16655961358565__3dda809c-73ac-446d-9d1d-9ea78f41e4ee-1669907890c65c734f-0":{"type":"slider_item","settings":{"background":"shopify:\/\/shop_images\/Make-your-order-FREE-Homepage-Banner-1920x800_4628c445-9be3-487f-99cd-5742e637ba0c.jpg","mb_background":"shopify:\/\/shop_images\/Make-your-order-FREE-Homepage-Banner-1920x800_4628c445-9be3-487f-99cd-5742e637ba0c.jpg","image_alignment":"center","content_in_container":false,"content_position":"center middle","text_alignment":"center","text_size":"medium","text_color":"black","subheading":"","title":"","description":"","image_link":"https:\/\/www.instagram.com\/discover.pilgrim","banner_name":"","banner_category":"","banner_offer":"","button_text":"","button_link":"","button_style":"sf__btn-primary","button_size":"","show_footer":false,"footer_alignment":"end","footer_text":"","footer_button":"","footer_link":""}}},"block_order":["template--16655961358565__3dda809c-73ac-446d-9d1d-9ea78f41e4ee-1669907890c65c734f-0"],"settings":{"container":"w-full","slideshow_height":"adapt","show_overlay":false,"dots_position":"bottom","dots_color":"dark","show_dots":true,"show_arrows":false,"autorotate":false,"autorotate_speed":5,"use_content_above":false,"custom_class":"follow-instagram"}},"695eda4e-5c39-4659-9737-984383f83a50":{"type":"custom-liquid","settings":{"custom_liquid":"<a href=http:\/\/bit.ly\/3H5DfH5><button style=\"background-color: #ffc105; width: 100%;  border: 0px; padding-right: 30px; padding-left: 30px; padding-top: 15px; padding-bottom: 15px; font-family: Montserrat; align-content: center;\" type=\"button\"><strong>SHARE WITH YOUR FRIENDS<\/strong><\/button><\/a>","custom_class":""}},"23bbc8f3-e1ea-49d9-aa0b-82f22c05b7f1":{"type":"countdown-timer","settings":{"container":"container-fluid","section_height":"medium","align":"center","background_color":"#ffffff","heading":"","time":"2022-12-15 00:00:00","button_label":"","button_link":"https:\/\/bit.ly\/3EQZxcR","button_style":"sf__btn-secondary","button_size":"sf__btn-large","custom_class":""}},"9d20e711-5009-425d-acd6-25e0b12a33fc":{"type":"custom-liquid","disabled":true,"settings":{"custom_liquid":"","custom_class":""}}},"order":["f4a70583-2a61-4855-9849-20a6d4d5108e","5d6e7b86-ac97-42d1-963a-d9590773bdcd","d80a1894-25ba-4d76-bb25-e8b655129917","01a1fdfa-9eca-42a0-998b-bf8cfa1d9b0f","b896fab9-c80e-4197-85f0-30ceb7d93010","d1463fc1-5665-4e81-a115-4d47125764fe","eb0477b3-16c8-467f-a992-500e0bdd985e","b9633ccf-de14-4d58-9ca1-4e395c2fe379","2e2331dc-ac82-4ff8-a395-1da04dcc56d6","35a5d87b-ae66-4a24-8a4b-b6d1a76b28d7","ae2ded53-7f19-44dd-8a07-bca9dd27d60d","6adddd10-1fd4-48c5-9461-5f109f3ba970","8bd81133-47b8-4fac-adc5-5a617354e416","d5475a0c-184b-4c25-965b-00c6a6945b1b","collection-header","main","1747bdb2-ebbf-4cc7-ab7f-3ba951a8ee5c","505d047e-2be5-460b-9f80-5b965cb054e6","02d45c2a-a8dd-4543-8695-359914e8d17d","5867ca87-5a28-41d1-8b73-9f4e7a28ae37","90015b8c-1e9b-411f-9c1d-db9085374bca","3dda809c-73ac-446d-9d1d-9ea78f41e4ee","695eda4e-5c39-4659-9737-984383f83a50","23bbc8f3-e1ea-49d9-aa0b-82f22c05b7f1","9d20e711-5009-425d-acd6-25e0b12a33fc"]}