{"sections":{"main":{"type":"page","disabled":true,"settings":{}},"16552096961451a549":{"type":"slider","blocks":{"1655209696c32e44c6-2":{"type":"slider_item","settings":{"background":"shopify:\/\/shop_images\/toxic20banner_9ae65794-ac2e-48a3-849b-81f44c77b5d0.png","image_alignment":"center","content_in_container":false,"content_position":"center middle","text_alignment":"center","text_size":"medium","text_color":"black","subheading":"","title":"","description":"","image_link":"","button_text":"","button_link":"","button_style":"sf__btn-primary","button_size":"","show_footer":false,"footer_alignment":"end","footer_text":"New Collection","footer_button":"Shop Now","footer_link":""}}},"block_order":["1655209696c32e44c6-2"],"settings":{"container":"w-full","slideshow_height":"adapt","show_overlay":false,"dots_position":"bottom","dots_color":"dark","show_dots":true,"show_arrows":false,"autorotate":false,"autorotate_speed":5,"use_content_above":false,"custom_class":""}},"1655209702832a456a":{"type":"custom-content","blocks":{"165520970207a072f4-0":{"type":"text","settings":{"title":"What are the Toxic 20?","subheading":"","text":"<p><\/p><p>Regular beauty products use a lot of ingredients that can be bad for you. We consciously exclude these 20 substances from our formulations to make sure you have happy skin and hair.<\/p><p><strong>Clean Compatible<\/strong><\/p><p>Pilgrim is \"Clean Compatible\". Not just free of harmful and toxic chemicals but also uses only those ingredients that either enhance the health of your hair & skin or support the effectiveness of our formulations.<\/p><p>The ubiquitous Toxic 20 chemicals are often the root cause of imbalance of our skin-hair health. When eliminated from our products altogether, our body has the ability to reset and return to its natural & healthy state.<\/p><p>What goes into our product is important, and what does not go in our products is even more important. Pilgrim brings to you the formulations which are biocompatible, respects pH levels of the skin-hair and do not cause any harm. The active ingredients are maintained at the right level for maximum benefit.<\/p><p><strong>Toxic 20 Chemicals & Why are they harmful<br\/><br\/>Parabens<\/strong><\/p><p>Parabens can mimic the hormone estrogen, which can cause breast cancer and urogenital abnormalities. Methylparaben, propylparaben, isoparaben and butylparaben are examples of parabens one should look out for in the ingredient list.<\/p><p><strong>Sulfates (SLS\/ SLES)<\/strong><\/p><p>SLS\/ SLES (sulfates) are the same chemicals used to wash cars, utensils, clothes and garage floor. It helps create a foamy lather which has very little to do with cleaning.<\/p><p>Sulfate-free (SLS\/ SLES free) products often do not lather (or lather much less) and clean gently. Many products claim to be SLS free but they contain SLES. SLS & SLES are from the same family and both are harmful. Sulfates have been shown to irritate our skin & eyes, cause organ toxicity, developmental toxicity, neurotoxicity, endocrine disruption, ecotoxicology, biochemical changes, possible mutations, and cancer.<\/p><p><strong>Toluene<\/strong><\/p><p>Toluene may affect the nervous system and cause headaches, dizziness, or unconsciousness. Effects such as incoordination, cognitive impairment, vision and hearing loss may become permanent with repeated exposure. High levels of toluene exposure during pregnancy, such as those associated with solvent abuse, may lead to retardation of mental abilities and growth in children. Other health effects of potential concern may include immune, kidney, liver, and reproductive effects.<\/p><p><strong>Diethanolamine (DEA)<\/strong><\/p><p>Up to two-thirds of DEA in beauty products linger on the skin after rinsing, which can cause skin and eye irritation. Exposure to high doses of these chemicals cause liver cancer and precancerous changes in skin and thyroid. Diethanolamine (DEA), cocamide DEA, DEA-cetyl phosphate and oleamide DEA are all a part of the same family and should be avoided.<\/p><p><strong>Monoethanolamine (MEA)<\/strong><\/p><p>Monoethanolamine can cause side effects like cough, headache, shortness of breath, redness, pain, skin burns, sore throat and abdominal pain.<\/p><p><strong>Triethanolamine (TEA)<\/strong><\/p><p>Triethanolamine is used to balance pH levels as well as a cleansing base. When absorbed into the body it can become toxic. Even short periods of exposure can cause allergic reactions, including eye problems and dry hair and skin.<\/p><p><strong>Formaldehyde<\/strong><\/p><p>Labelled as a human carcinogen it may also cause nausea, coughing and asthma. Many products don’t add the actual formaldehyde itself and therefore goes unlisted. Instead, certain ingredients, known as Formaldehyde-Releasing Preservatives (or FRPs) degrade while sitting on your shelf, releasing the toxic chemical over time. Avoid FRPs, which may be cited as quaternium-15, dimethyl-dimethyl (DMDM) hydantoin, imidazolidinyl urea, diazolidinyl urea or sodium hydroxymethylglycinate.<\/p><p><strong>Talc<\/strong><\/p><p>In its natural form, Talc often contains asbestos, a substance known to cause cancers in and around the lungs when inhaled. Talc has also been linked to mesothelioma which is a deadly cancer caused by asbestos exposure. Additional diseases linked to talcum powder include lung cancer, uterine cancer, cervical cancer and asbestos-related diseases.<\/p><p><strong>Oxybenzone<\/strong><\/p><p>Oxybenzone is a potential hormone disruptor. It may interfere with the endocrine system, which regulates biological processes like metabolism, growth and development, sexual function and reproduction, thyroid function, and more. Oxybenzone is absorbed through the skin in large amounts. Oxybenzone is also allergenic and has relatively high rates of skin reactions. Beyond its potential side effects in humans, oxybenzone has a negative impact on our ocean life and can damage coral, cause reproductive issues in fish, damage sea urchins, and accumulate in the tissues of dolphins.<\/p><p><strong>Petrolatum<\/strong><\/p><p>Petrolatum is a jelly made of mineral oil. It can interfere with the body’s natural moisturizing abilities, damaging the skin or hair. It may be contaminated with polycyclic aromatic hydrocarbons, compounds that are associated with cancer.<\/p><p><strong>Triclosan<\/strong><\/p><p>Triclosan is known to interfere with thyroid and reproductive hormones. It may also contribute to making bacteria antibiotic-resistant.<\/p><p><strong>Mineral Oil<\/strong><\/p><p>Mineral oil is a cheap oil that is used as a filler for cost savings. While Mineral oil may appear to have a moisturizing effect, it actually seals and skin and prevents it from breathing. It contains no nutrients whatsoever.<\/p><p><strong>Lead & Other heavy metals<\/strong><\/p><p>Heavy metals like lead, arsenic, mercury, aluminium, zinc, chromium and iron are often added as ingredients, while others are contaminants. Exposure to metals has been linked to health concerns including reproductive, immune and nervous system toxicity. Ingredients may appear as lead acetate, chromium, thimerosal, hydrogenated cottonseed oil, sodium hexametaphosphate etc.<\/p><p><strong>1,4 Dioxane<\/strong><\/p><p>It is classified as a known animal carcinogen and likely human carcinogen. More than 56 ingredients are associated with the toxic chemical, including sodium Laureth sulfate, sodium myreth sulfate, polyethylene glycol and ingredients ending in “xynol,” “ceteareth” and “oleth”.<\/p><p><strong>Hydroquinone<\/strong><\/p><p>Hydroquinone is used as a skin bleaching and lightening agent. Common side effects of hydroquinone include skin irritation, sensitization (burning, stinging), dermatitis & dryness.<\/p><p><strong>Alpha-isomethyl Ionone<\/strong><\/p><p>Alpha-isomethyl Ionone can cause allergies, skin sensitivity and is toxic to aquatic life with long-lasting effects. Also called isomethylionone, gammanolene or irisantheme.<\/p><p><strong>Aminomethyl Propanol<\/strong><\/p><p>Aminomethyl Propanol can cause serious skin & eye irritation and is harmful to aquatic life. Apart from the ingredients side effects, aminomethyl propanol could also form nitrosamines in products.The formed nitrosamines are one of the most well-known carcinogens: 90 % of all nitrosamines tested are said to be carcinogenic.<\/p><p><strong>Benzoyl Peroxide<\/strong><\/p><p>Benzoyl peroxide can cause skin redness, dryness, peeling, mild burning, swelling, or worsening of acne. It may also cause a serious allergic reaction, including rash, itching\/swelling (especially of the face\/tongue\/throat), severe dizziness and trouble in breathing.<\/p><p><strong>Polyacrylamide<\/strong><\/p><p>Polyacrylamide is a polymer that is formed from units of acrylamide, a known neurotoxin. While Polyacrylamide is not considered to be toxic, it may secrete Acrylamide and can cause neurotoxicity, organ system toxicity and data gaps.<\/p><p><strong>Paraphenylenediamine<\/strong><\/p><p>Paraphenylenediamine or PPD can cause reactions ranging from mild skin irritation to more severe allergic contact dermatitis. Individuals may even experience dermatitis—skin inflammation and eczema. In more serious cases, there may be marked reddening and swelling on the scalp and the face.<\/p>","width":"100%","alignment":"center","align_text":"left","text_size":"medium","text_color":"black","button_label":"","button_link":"","button_style":"sf__btn-primary","button_size":"","block_custom_class":""}}},"block_order":["165520970207a072f4-0"],"settings":{"heading":"","subheading":"","description":"","header_alignment":"center","container":"container","background_color":"","gap":30,"use_scroll_mobile":false,"gap_mobile":16,"custom_class":""}},"1655209880f3fd730a":{"type":"custom-content","blocks":{"16552098809fc30b7c-0":{"type":"text","settings":{"title":"","subheading":"","text":"","width":"100%","alignment":"center","align_text":"left","text_size":"medium","text_color":"black","button_label":"SHOP NOW","button_link":"shopify:\/\/collections\/all","button_style":"sf__btn-primary","button_size":"","block_custom_class":""}}},"block_order":["16552098809fc30b7c-0"],"settings":{"heading":"","subheading":"","description":"","header_alignment":"center","container":"container","background_color":"","gap":0,"use_scroll_mobile":false,"gap_mobile":0,"custom_class":""}}},"order":["main","16552096961451a549","1655209702832a456a","1655209880f3fd730a"]}