{"sections":{"main":{"type":"page-about-us","disabled":true,"settings":{}},"16586677011a1312ed":{"type":"image-with-text","settings":{"heading":"","subheading":"","container":"container","background_color":"rgba(0,0,0,0)","item_gap":50,"item_gap_mobile":16,"image":"shopify:\/\/shop_images\/WhatsApp_Image_2022-07-21_at_11.24.57_PM.jpg","link":"","layout":"right","image_column_size":"6","hover_effect":false,"title":"Guess & Win!","sub_title":"","text":"<p>Hey PilgrimTRIBE, guess the number of new products we are launching next & win big prizes. Participants will get <strong>20% OFF<\/strong> on our next launch. <strong>100 lucky winners <\/strong>will also get a Rs. 500 OFF discount coupon*!<br\/><br\/><\/p>","text_size":"medium","content_alignment":"center","button_label":"Deadline: 28th July 2022, 4 PM","button_link":"#","button_style":"sf__btn-link","button_size":"","custom_class":"quiz-form-id"}},"165848294243268b22":{"type":"custom-content","blocks":{"16584829419df32ce1-1":{"type":"image","disabled":true,"settings":{"image":"shopify:\/\/shop_images\/WhatsApp_Image_2022-07-21_at_11.24.57_PM.jpg","link":"","width":"50%","alignment":"center","block_custom_class":""}},"d84fa67e-e468-4507-b98c-ada974e1c41b":{"type":"html","settings":{"code":"<div class=\"elfsight-sapp-e7672f26-2dc3-4ffe-a0e1-87cf1aa1547a\"><\/div>","width":"100%","block_custom_class":""}}},"block_order":["16584829419df32ce1-1","d84fa67e-e468-4507-b98c-ada974e1c41b"],"settings":{"heading":"","subheading":"","description":"","header_alignment":"center","container":"container","background_color":"#f5f1f1","gap":35,"use_scroll_mobile":false,"gap_mobile":5,"custom_class":"quiz-form-id"}}},"order":["main","16586677011a1312ed","165848294243268b22"]}