{"sections":{"slideshow":{"type":"slideshow","blocks":{"slide-1":{"type":"image","settings":{"image":"shopify:\/\/shop_images\/Buy-2-Get-2-Free-sale-Homepage-Banner-1920x520_83222b1f-32a5-42b0-ba65-23fbccb3ee34.jpg","mobile_image":"shopify:\/\/shop_images\/Buy-2-At-699-Website-Homepage-Banner-800x1000_7a5a70af-9cca-4734-af58-55b92b86267f.jpg","text_position":"middle_center","subheading":"","title":"","button_1_text":"","button_1_link":"","button_2_text":"","button_2_link":"","text_color":"#ffffff","button_background":"#ffffff","button_text_color":"#000000","overlay_color":"#000000","overlay_opacity":0}},"slide-2":{"type":"image","settings":{"image":"shopify:\/\/shop_images\/Minimum-50_-OFF-Additional-Offer-Strip-Desktop-Banner-1920x720-2.jpg","mobile_image":"shopify:\/\/shop_images\/Buy-4-1249-Homepage-Banner-800px.jpg","text_position":"middle_center","subheading":"","title":"","button_1_text":"","button_1_link":"","button_2_text":"","button_2_link":"","text_color":"#ffffff","button_background":"#ffffff","button_text_color":"#000000","overlay_color":"#000000","overlay_opacity":0}}},"block_order":["slide-1","slide-2"],"settings":{"section_height":"auto","transition_type":"sweep","autoplay":true,"cycle_speed":5,"background":"rgba(0,0,0,0)"}},"featured-collections":{"type":"featured-collections","blocks":{"collection-1":{"type":"collection","settings":{"collection":"bestsellers","label":"All Bestsellers","button_text":"View All","button_url":"shopify:\/\/collections\/bestsellers"}},"90f52ce2-0846-49b1-926c-c9592fe7f753":{"type":"collection","settings":{"collection":"face-care","label":"","button_text":"View All","button_url":"shopify:\/\/collections\/face-care"}},"e4a63e7b-823b-4d28-b2ba-e1f003e01111":{"type":"collection","settings":{"collection":"hair-care","label":"","button_text":"View All","button_url":"shopify:\/\/collections\/hair-care"}}},"block_order":["collection-1","90f52ce2-0846-49b1-926c-c9592fe7f753","e4a63e7b-823b-4d28-b2ba-e1f003e01111"],"settings":{"subheading":"Customer favourites 💖","title":"Best of Pilgrim","content":"","products_count":8,"products_per_row":4,"stack_products":false,"show_cta":true,"background":"rgba(0,0,0,0)","text_color":"rgba(0,0,0,0)","button_background":"rgba(0,0,0,0)","button_text_color":"rgba(0,0,0,0)"}},"676968c5-d620-467e-9a8b-459347e7a6a6":{"type":"collection-list","blocks":{"template--16781155565797__676968c5-d620-467e-9a8b-459347e7a6a6-collection-1":{"type":"collection","settings":{"collection":"","image":"shopify:\/\/shop_images\/Dry_Frizzy_Hair.jpg","subheading":"","title":"","link_text":"","link_url":"\/collections\/dry-frizzy-hair\/?ref=shopbyconcernhomepage","text_color":"rgba(0,0,0,0)","overlay_color":"#000000","overlay_opacity":30}},"template--16781155565797__676968c5-d620-467e-9a8b-459347e7a6a6-collection-2":{"type":"collection","settings":{"collection":"","image":"shopify:\/\/shop_images\/glow.jpg","subheading":"","title":"","link_text":"","link_url":"\/collections\/glow-brighetening\/?ref=shopbyconcernhomepage","text_color":"rgba(0,0,0,0)","overlay_color":"#000000","overlay_opacity":30}},"template--16781155565797__676968c5-d620-467e-9a8b-459347e7a6a6-collection-3":{"type":"collection","settings":{"collection":"","image":"shopify:\/\/shop_images\/Hydrating.jpg","subheading":"","title":"","link_text":"","link_url":"\/collections\/hydration\/?ref=shopbyconcernhomepage","text_color":"rgba(0,0,0,0)","overlay_color":"#000000","overlay_opacity":30}},"template--16781155565797__676968c5-d620-467e-9a8b-459347e7a6a6-collection-4":{"type":"collection","settings":{"collection":"","image":"shopify:\/\/shop_images\/Anti-Acne.jpg","subheading":"","title":"","link_text":"","link_url":"\/collections\/acne-acne-scar\/?ref=shopbyconcernhomepage","text_color":"rgba(0,0,0,0)","overlay_color":"#000000","overlay_opacity":30}},"template--16781155565797__676968c5-d620-467e-9a8b-459347e7a6a6-collection-5":{"type":"collection","settings":{"collection":"","image":"shopify:\/\/shop_images\/Thick_Dense_Hair.jpg","subheading":"","title":"","link_text":"","link_url":"\/collections\/hair-fall-hair-growth\/?ref=shopbyconcernhomepage","text_color":"rgba(0,0,0,0)","overlay_color":"#000000","overlay_opacity":30}},"template--16781155565797__676968c5-d620-467e-9a8b-459347e7a6a6-collection-6":{"type":"collection","settings":{"collection":"","image":"shopify:\/\/shop_images\/Brightening.jpg","subheading":"","title":"","link_text":"","link_url":"\/collections\/glow-with-vitamin-c\/?ref=shopbyconcernhomepage","text_color":"rgba(0,0,0,0)","overlay_color":"#000000","overlay_opacity":30}},"789fac84-e628-4c96-83be-7987c68d7cda":{"type":"collection","settings":{"collection":"","image":"shopify:\/\/shop_images\/Anti-Ageing.jpg","subheading":"","title":"","link_text":"","link_url":"\/collections\/anti-ageing\/?ref=shopbyconcernhomepage","text_color":"rgba(0,0,0,0)","overlay_color":"#000000","overlay_opacity":30}}},"block_order":["template--16781155565797__676968c5-d620-467e-9a8b-459347e7a6a6-collection-1","template--16781155565797__676968c5-d620-467e-9a8b-459347e7a6a6-collection-2","template--16781155565797__676968c5-d620-467e-9a8b-459347e7a6a6-collection-3","template--16781155565797__676968c5-d620-467e-9a8b-459347e7a6a6-collection-4","template--16781155565797__676968c5-d620-467e-9a8b-459347e7a6a6-collection-5","template--16781155565797__676968c5-d620-467e-9a8b-459347e7a6a6-collection-6","789fac84-e628-4c96-83be-7987c68d7cda"],"settings":{"reveal_on_scroll":true,"layout":"carousel","subheading":"Curated & powerful solutions🎯","title":"Shop by Concern","background":"rgba(0,0,0,0)","text_color":"rgba(0,0,0,0)"}},"fa729c4f-5105-4db0-a6d0-16414ac05f7d":{"type":"rich-text","settings":{"subheading":"Trending on Instagram","title":"Shop the look","content":"","button_text":"","button_link":"","background_type":"full_width","text_width":"medium","text_position":"center","text_alignment":"center","background":"rgba(0,0,0,0)","text_color":"rgba(0,0,0,0)","button_background":"rgba(0,0,0,0)","button_text_color":"rgba(0,0,0,0)"}},"shop-the-look":{"type":"shop-the-look","blocks":{"look-1":{"type":"look","settings":{"image":"shopify:\/\/shop_images\/Shop-The-Look-Banner-EDP-2160x1000_1.jpg","mobile_image":"shopify:\/\/shop_images\/Shop-The-Look-Banner-EDP-1000x700_1.jpg","dot_type":"normal","product_1":"alpha-perfume-edp","product_1_horizontal_position":54,"product_1_vertical_position":65,"product_1_horizontal_position_mobile":29,"product_1_vertical_position_mobile":73,"product_2":"zen-perfume-edp","product_2_horizontal_position":68,"product_2_vertical_position":45,"product_2_horizontal_position_mobile":48,"product_2_vertical_position_mobile":49,"product_3":"greek-god-perfume-edp","product_3_horizontal_position":80,"product_3_vertical_position":62,"product_3_horizontal_position_mobile":78,"product_3_vertical_position_mobile":65}},"1e00495e-4930-46a1-8a9d-85b144a57024":{"type":"look","disabled":true,"settings":{"dot_type":"inverted","product_1":"","product_1_horizontal_position":30,"product_1_vertical_position":30,"product_1_horizontal_position_mobile":30,"product_1_vertical_position_mobile":30,"product_2":"","product_2_horizontal_position":50,"product_2_vertical_position":50,"product_2_horizontal_position_mobile":50,"product_2_vertical_position_mobile":50,"product_3":"","product_3_horizontal_position":70,"product_3_vertical_position":70,"product_3_horizontal_position_mobile":70,"product_3_vertical_position_mobile":70}},"a2d38d85-0529-4d12-a7cc-fb054d77c5ab":{"type":"look","disabled":true,"settings":{"dot_type":"inverted","product_1":"","product_1_horizontal_position":30,"product_1_vertical_position":30,"product_1_horizontal_position_mobile":30,"product_1_vertical_position_mobile":30,"product_2":"","product_2_horizontal_position":50,"product_2_vertical_position":50,"product_2_horizontal_position_mobile":50,"product_2_vertical_position_mobile":50,"product_3":"","product_3_horizontal_position":70,"product_3_vertical_position":70,"product_3_horizontal_position_mobile":70,"product_3_vertical_position_mobile":70}}},"block_order":["look-1","1e00495e-4930-46a1-8a9d-85b144a57024","a2d38d85-0529-4d12-a7cc-fb054d77c5ab"],"settings":{"reveal_on_scroll":true,"label":"Shop the looks"}},"cd261a55-209e-4d4f-8fa9-b50a823bded7":{"type":"multi-column","blocks":{"template--16770957181157__cd261a55-209e-4d4f-8fa9-b50a823bded7-16856224205e98be32-3":{"type":"item","settings":{"image":"shopify:\/\/shop_images\/Hair-Care-200x280-1.png","image_by_url":"","image_width":80,"image_border":"rgba(0,0,0,0)","title":"","content":"","link_text":"","link_url":"\/collections\/hair-care\/?ref=shopbycategoryhomepage","link_style":"link","text_alignment":"center","vertical_alignment":"start"}},"a5001f54-95ad-4a15-b926-81c7d5a56dd0":{"type":"item","settings":{"image":"shopify:\/\/shop_images\/Hair-Serums-200x280-2.png","image_by_url":"","image_width":80,"image_border":"rgba(0,0,0,0)","title":"","content":"","link_text":"","link_url":"shopify:\/\/collections\/hair-serums","link_style":"link","text_alignment":"center","vertical_alignment":"start"}},"49f7909a-c749-47da-8835-ef8f27a3faa1":{"type":"item","settings":{"image":"shopify:\/\/shop_images\/Hair-Masks-200x280-3.png","image_by_url":"","image_width":80,"image_border":"rgba(0,0,0,0)","title":"","content":"","link_text":"","link_url":"shopify:\/\/collections\/hair-masks","link_style":"link","text_alignment":"center","vertical_alignment":"start"}},"1fb86a5f-af59-418a-b300-52c13fdd2c67":{"type":"item","settings":{"image":"shopify:\/\/shop_images\/Shampoos-200x280-4.png","image_by_url":"","image_width":80,"image_border":"rgba(0,0,0,0)","title":"","content":"","link_text":"","link_url":"shopify:\/\/collections\/shampoos","link_style":"link","text_alignment":"center","vertical_alignment":"start"}},"fa6f0c82-a302-4ff0-b039-9084cd90998e":{"type":"item","settings":{"image":"shopify:\/\/shop_images\/Conditioners-200x280-5.png","image_by_url":"","image_width":80,"image_border":"rgba(0,0,0,0)","title":"","content":"","link_text":"","link_url":"shopify:\/\/collections\/hair-conditioner","link_style":"link","text_alignment":"center","vertical_alignment":"start"}}},"block_order":["template--16770957181157__cd261a55-209e-4d4f-8fa9-b50a823bded7-16856224205e98be32-3","a5001f54-95ad-4a15-b926-81c7d5a56dd0","49f7909a-c749-47da-8835-ef8f27a3faa1","1fb86a5f-af59-418a-b300-52c13fdd2c67","fa6f0c82-a302-4ff0-b039-9084cd90998e"],"settings":{"reveal_on_scroll":true,"stack_items":false,"subheading":"Your beauty, your needs","title":"Shop by category","content":"","scrollid":"shop-by-category-1","custom_class":"shop_by_category","column_alignment":"center","mobile_item_size":"medium","desktop_item_size":"small","spacing":"tight","background":"rgba(0,0,0,0)","text_color":"rgba(0,0,0,0)"}},"fe8581c2-8137-4a2f-bff0-c632be0a782f":{"type":"multi-column","blocks":{"f65788b1-4817-464b-96ae-9177e1005387":{"type":"item","settings":{"image":"shopify:\/\/shop_images\/Face-Care-200x280-1.png","image_by_url":"","image_width":80,"image_border":"rgba(0,0,0,0)","title":"","content":"","link_text":"","link_url":"\/collections\/face-care\/?ref=shopbycategoryhomepage","link_style":"link","text_alignment":"center","vertical_alignment":"start"}},"62aa40a6-5402-4096-97a3-b391e2f2c492":{"type":"item","settings":{"image":"shopify:\/\/shop_images\/Face-Serums-200x280-3.png","image_by_url":"","image_width":80,"image_border":"rgba(0,0,0,0)","title":"","content":"","link_text":"","link_url":"shopify:\/\/collections\/face-serums","link_style":"link","text_alignment":"center","vertical_alignment":"start"}},"773cbf4f-5732-4ff0-8ef3-4417cf711875":{"type":"item","settings":{"image":"shopify:\/\/shop_images\/Face-Creams-200x280-4.png","image_by_url":"","image_width":80,"image_border":"rgba(0,0,0,0)","title":"","content":"","link_text":"","link_url":"shopify:\/\/collections\/day-creams","link_style":"link","text_alignment":"center","vertical_alignment":"start"}},"d62b3730-92b9-4bc0-a886-dbb5c2cbd273":{"type":"item","settings":{"image":"shopify:\/\/shop_images\/Face-Washes-200x280-2.png","image_by_url":"","image_width":80,"image_border":"rgba(0,0,0,0)","title":"","content":"","link_text":"","link_url":"shopify:\/\/collections\/face-washes","link_style":"link","text_alignment":"center","vertical_alignment":"start"}},"18580da5-c974-485e-b158-e94e331d7a21":{"type":"item","settings":{"image":"shopify:\/\/shop_images\/Sunscreens-200x280-5.png","image_by_url":"","image_width":80,"image_border":"rgba(0,0,0,0)","title":"","content":"","link_text":"","link_url":"shopify:\/\/collections\/sunscreen","link_style":"link","text_alignment":"center","vertical_alignment":"start"}}},"block_order":["f65788b1-4817-464b-96ae-9177e1005387","62aa40a6-5402-4096-97a3-b391e2f2c492","773cbf4f-5732-4ff0-8ef3-4417cf711875","d62b3730-92b9-4bc0-a886-dbb5c2cbd273","18580da5-c974-485e-b158-e94e331d7a21"],"settings":{"reveal_on_scroll":true,"stack_items":false,"subheading":"","title":"","content":"","scrollid":"","custom_class":"shop_by_category","column_alignment":"center","mobile_item_size":"medium","desktop_item_size":"small","spacing":"tight","background":"rgba(0,0,0,0)","text_color":"rgba(0,0,0,0)"}},"adfec50d-b300-440f-9f96-841cf32924ac":{"type":"multi-column","blocks":{"451ffcdf-0ec7-4c17-8394-1b255bf2fff9":{"type":"item","settings":{"image":"shopify:\/\/shop_images\/Body-Care-200x280-1.png","image_by_url":"","image_width":80,"image_border":"rgba(0,0,0,0)","title":"","content":"","link_text":"","link_url":"\/collections\/body-care\/?ref=shopbycategoryhomepage","link_style":"link","text_alignment":"center","vertical_alignment":"start"}},"2720fa0d-7d59-44ac-bc03-3e46d119d991":{"type":"item","settings":{"image":"shopify:\/\/shop_images\/Body-Lotions-200x280-2.png","image_by_url":"","image_width":80,"image_border":"rgba(0,0,0,0)","title":"","content":"","link_text":"","link_url":"shopify:\/\/collections\/body-lotion","link_style":"link","text_alignment":"center","vertical_alignment":"start"}},"4f1e9f71-8993-4342-93df-6b83a070cd98":{"type":"item","settings":{"image":"shopify:\/\/shop_images\/Body-Mists-200x280-3.png","image_by_url":"","image_width":80,"image_border":"rgba(0,0,0,0)","title":"","content":"","link_text":"","link_url":"shopify:\/\/collections\/body-mists","link_style":"link","text_alignment":"center","vertical_alignment":"start"}},"d466c33e-7c30-4a7e-86c3-c3582f0a9658":{"type":"item","settings":{"image":"shopify:\/\/shop_images\/EDPs-200x280-4.png","image_by_url":"","image_width":80,"image_border":"rgba(0,0,0,0)","title":"","content":"","link_text":"","link_url":"shopify:\/\/collections\/perfumes","link_style":"link","text_alignment":"center","vertical_alignment":"start"}}},"block_order":["451ffcdf-0ec7-4c17-8394-1b255bf2fff9","2720fa0d-7d59-44ac-bc03-3e46d119d991","4f1e9f71-8993-4342-93df-6b83a070cd98","d466c33e-7c30-4a7e-86c3-c3582f0a9658"],"settings":{"reveal_on_scroll":true,"stack_items":false,"subheading":"","title":"","content":"","scrollid":"","custom_class":"shop_by_category","column_alignment":"center","mobile_item_size":"medium","desktop_item_size":"small","spacing":"tight","background":"rgba(0,0,0,0)","text_color":"rgba(0,0,0,0)"}},"bc2db000-b21c-4ea5-bd2f-fca16108bdba":{"type":"multi-column","blocks":{"f9d49ea5-f9c7-48dd-ac72-9a29f5dbbcf7":{"type":"item","settings":{"image":"shopify:\/\/shop_images\/Lip-Care-200x280-1.png","image_by_url":"","image_width":80,"image_border":"rgba(0,0,0,0)","title":"","content":"","link_text":"","link_url":"\/collections\/lip-care\/?ref=shopbycategoryhomepage","link_style":"link","text_alignment":"center","vertical_alignment":"start"}},"fd68c3a7-b942-4555-a8cd-46b5a63541f2":{"type":"item","settings":{"image":"shopify:\/\/shop_images\/Lip-Serums-200x280-2.png","image_by_url":"","image_width":80,"image_border":"rgba(0,0,0,0)","title":"","content":"","link_text":"","link_url":"shopify:\/\/collections\/lip-serum","link_style":"link","text_alignment":"center","vertical_alignment":"start"}},"cc4c0e78-a11f-4069-aca6-2550c51949ba":{"type":"item","settings":{"image":"shopify:\/\/shop_images\/Lip-Balms-200x280-3.png","image_by_url":"","image_width":80,"image_border":"rgba(0,0,0,0)","title":"","content":"","link_text":"","link_url":"shopify:\/\/collections\/lip-balm","link_style":"link","text_alignment":"center","vertical_alignment":"start"}},"b136d18a-aec5-44ac-8cd4-a80f477b84df":{"type":"item","settings":{"image":"shopify:\/\/shop_images\/Lip-Peels-200x280-4.png","image_by_url":"","image_width":80,"image_border":"rgba(0,0,0,0)","title":"","content":"","link_text":"","link_url":"shopify:\/\/collections\/lip-peel","link_style":"link","text_alignment":"center","vertical_alignment":"start"}},"c3b4e1cc-6f77-4421-a33d-9f0846286d09":{"type":"item","settings":{"image":"shopify:\/\/shop_images\/Lip-Scrubs-200x280-5.png","image_by_url":"","image_width":80,"image_border":"rgba(0,0,0,0)","title":"","content":"","link_text":"","link_url":"shopify:\/\/collections\/lip-scrub","link_style":"link","text_alignment":"center","vertical_alignment":"start"}}},"block_order":["f9d49ea5-f9c7-48dd-ac72-9a29f5dbbcf7","fd68c3a7-b942-4555-a8cd-46b5a63541f2","cc4c0e78-a11f-4069-aca6-2550c51949ba","b136d18a-aec5-44ac-8cd4-a80f477b84df","c3b4e1cc-6f77-4421-a33d-9f0846286d09"],"settings":{"reveal_on_scroll":true,"stack_items":false,"subheading":"","title":"","content":"","scrollid":"","custom_class":"shop_by_category","column_alignment":"center","mobile_item_size":"medium","desktop_item_size":"small","spacing":"tight","background":"rgba(0,0,0,0)","text_color":"rgba(0,0,0,0)"}},"883588eb-9611-41b2-8bd0-924002eb87c5":{"type":"featured-collections","blocks":{"69441570-fa4e-42d6-aeab-e27bc89b402e":{"type":"collection","settings":{"collection":"new-launch","label":"All Bestsellers","button_text":"View All","button_url":"shopify:\/\/collections\/acne-acne-scar"}}},"block_order":["69441570-fa4e-42d6-aeab-e27bc89b402e"],"settings":{"subheading":"Standout","title":"New Launches","content":"","products_count":8,"products_per_row":4,"stack_products":false,"show_cta":true,"background":"rgba(0,0,0,0)","text_color":"rgba(0,0,0,0)","button_background":"rgba(0,0,0,0)","button_text_color":"rgba(0,0,0,0)"}},"189485f5-ec96-4478-8347-a4a4cfbb50dd":{"type":"logo-list","blocks":{"template--16781155565797__189485f5-ec96-4478-8347-a4a4cfbb50dd-168958619939dcd5ec-0":{"type":"logo","settings":{"logo":"shopify:\/\/shop_images\/Brightening-Kits-450x175.png","link":""}},"template--16781155565797__189485f5-ec96-4478-8347-a4a4cfbb50dd-168958619939dcd5ec-1":{"type":"logo","settings":{"logo":"shopify:\/\/shop_images\/Anti-Acne-Kits-450x175.png","link":""}},"template--16781155565797__189485f5-ec96-4478-8347-a4a4cfbb50dd-168958619939dcd5ec-2":{"type":"logo","settings":{"logo":"shopify:\/\/shop_images\/Glow-Kits-450x175.png","link":""}},"template--16781155565797__189485f5-ec96-4478-8347-a4a4cfbb50dd-168958619939dcd5ec-3":{"type":"logo","settings":{"logo":"shopify:\/\/shop_images\/Anti-Ageing-Kit-450x175.png","link":""}},"template--16781155565797__189485f5-ec96-4478-8347-a4a4cfbb50dd-168958619939dcd5ec-4":{"type":"logo","settings":{"logo":"shopify:\/\/shop_images\/Hydration-Kit-450x175.png","link":""}},"template--16781155565797__189485f5-ec96-4478-8347-a4a4cfbb50dd-168958619939dcd5ec-5":{"type":"logo","settings":{"logo":"shopify:\/\/shop_images\/Hair-Regrowth-Kit-450x175.png","link":""}},"20762933-6274-488f-96b2-b9f03a2a8622":{"type":"logo","settings":{"logo":"shopify:\/\/shop_images\/Golden-Glow-Kit-450x175.png","link":""}},"64da9be9-b253-4194-a2dd-8670ae789295":{"type":"logo","settings":{"logo":"shopify:\/\/shop_images\/Hair-Smoothening-Kit-450x175.png","link":""}}},"block_order":["template--16781155565797__189485f5-ec96-4478-8347-a4a4cfbb50dd-168958619939dcd5ec-0","template--16781155565797__189485f5-ec96-4478-8347-a4a4cfbb50dd-168958619939dcd5ec-1","template--16781155565797__189485f5-ec96-4478-8347-a4a4cfbb50dd-168958619939dcd5ec-2","template--16781155565797__189485f5-ec96-4478-8347-a4a4cfbb50dd-168958619939dcd5ec-3","template--16781155565797__189485f5-ec96-4478-8347-a4a4cfbb50dd-168958619939dcd5ec-4","template--16781155565797__189485f5-ec96-4478-8347-a4a4cfbb50dd-168958619939dcd5ec-5","20762933-6274-488f-96b2-b9f03a2a8622","64da9be9-b253-4194-a2dd-8670ae789295"],"disabled":true,"custom_css":[],"settings":{"reveal_on_scroll":true,"subheading":"Beauty Made Simple","title":"Kits To Solve Your Concerns","button_text":"","button_link":"","custom_class":"concern_based_kits","stack_logos":true,"background":"rgba(0,0,0,0)","text_color":"rgba(0,0,0,0)","button_background":"rgba(0,0,0,0)","button_text_color":"rgba(0,0,0,0)","logo_background":"rgba(0,0,0,0)"}},"1aa52d1e-93af-48b6-90ed-3af2465983b8":{"type":"logo-list","blocks":{"37e95b2d-e430-45b4-84d0-7e0cdfedbfa2":{"type":"logo","settings":{"logo":"shopify:\/\/shop_images\/Hydrating.jpg","link":""}},"c45b4bca-5177-4327-adc6-f77ab548e707":{"type":"logo","settings":{"logo":"shopify:\/\/shop_images\/Dry_Frizzy_Hair.jpg","link":""}},"e27c11ad-4cdb-43a4-b51e-3846ad9534d0":{"type":"logo","settings":{"logo":"shopify:\/\/shop_images\/glow.jpg","link":""}},"363287c1-a072-4cc6-bae7-70f458c7d15a":{"type":"logo","settings":{"logo":"shopify:\/\/shop_images\/Anti-Acne.jpg","link":""}},"0331a96e-33ca-4d02-8d94-e6485bc079bd":{"type":"logo","settings":{"logo":"shopify:\/\/shop_images\/Thick_Dense_Hair.jpg","link":""}},"3f109146-39a8-474e-9902-72186afd4170":{"type":"logo","settings":{"logo":"shopify:\/\/shop_images\/Brightening.jpg","link":""}},"9cd8fe8e-3299-4b14-b46c-6e844cc6c72d":{"type":"logo","settings":{"logo":"shopify:\/\/shop_images\/Anti-Ageing.jpg","link":""}},"7f3cffa1-def4-494d-a659-6efc29621967":{"type":"logo","disabled":true,"settings":{"logo":"shopify:\/\/shop_images\/Hair-Smoothening-Kit-450x175.png","link":""}}},"block_order":["37e95b2d-e430-45b4-84d0-7e0cdfedbfa2","c45b4bca-5177-4327-adc6-f77ab548e707","e27c11ad-4cdb-43a4-b51e-3846ad9534d0","363287c1-a072-4cc6-bae7-70f458c7d15a","0331a96e-33ca-4d02-8d94-e6485bc079bd","3f109146-39a8-474e-9902-72186afd4170","9cd8fe8e-3299-4b14-b46c-6e844cc6c72d","7f3cffa1-def4-494d-a659-6efc29621967"],"disabled":true,"settings":{"reveal_on_scroll":true,"subheading":"Shop by","title":"Concerns","button_text":"","button_link":"","custom_class":"","stack_logos":false,"background":"rgba(0,0,0,0)","text_color":"rgba(0,0,0,0)","button_background":"rgba(0,0,0,0)","button_text_color":"rgba(0,0,0,0)","logo_background":"rgba(0,0,0,0)"}},"e4a73a14-001f-4653-a116-6b9d056813d4":{"type":"featured-collections","blocks":{"76d96baf-be11-42a0-be04-b3313fc38ff7":{"type":"collection","settings":{"collection":"acne-acne-scar","label":"All Bestsellers","button_text":"View All","button_url":"shopify:\/\/collections\/acne-acne-scar"}}},"block_order":["76d96baf-be11-42a0-be04-b3313fc38ff7"],"settings":{"subheading":"Slay With Glow Topsellers","title":"Glowing Skin Favourites","content":"","products_count":8,"products_per_row":4,"stack_products":false,"show_cta":true,"background":"rgba(0,0,0,0)","text_color":"rgba(0,0,0,0)","button_background":"rgba(0,0,0,0)","button_text_color":"rgba(0,0,0,0)"}},"a0f8f061-8c1b-4d37-a0f9-1f07449099f9":{"type":"collection-list","blocks":{"template--16770957181157__a0f8f061-8c1b-4d37-a0f9-1f07449099f9-16863976975f9bb1a6-0":{"type":"collection","settings":{"collection":"","image":"shopify:\/\/shop_images\/Yamis-Picks-Banner-1080x1080.jpg","subheading":"","title":"","link_text":"","link_url":"\/collections\/hair-care\/?ref=celebmusthavehomepage","text_color":"rgba(0,0,0,0)","overlay_color":"#000000","overlay_opacity":27}},"template--16770957181157__a0f8f061-8c1b-4d37-a0f9-1f07449099f9-16863976975f9bb1a6-1":{"type":"collection","settings":{"collection":"","image":"shopify:\/\/shop_images\/WhatsApp_Image_2023-01-11_at_6.02.38_PM.jpg","subheading":"","title":"","link_text":"","link_url":"\/collections\/kalkis-picks-1\/?ref=celebmusthavehomepage","text_color":"rgba(0,0,0,0)","overlay_color":"#000000","overlay_opacity":30}},"template--16770957181157__a0f8f061-8c1b-4d37-a0f9-1f07449099f9-16863976975f9bb1a6-3":{"type":"collection","settings":{"collection":"","image":"shopify:\/\/shop_images\/WhatsApp_Image_2023-01-11_at_5.58.21_PM_1.jpg","subheading":"","title":"","link_text":"","link_url":"\/collections\/influencer-top-picks\/?ref=celebmusthavehomepage","text_color":"rgba(0,0,0,0)","overlay_color":"#000000","overlay_opacity":30}},"template--16770957181157__a0f8f061-8c1b-4d37-a0f9-1f07449099f9-16863976975f9bb1a6-2":{"type":"collection","settings":{"collection":"","image":"shopify:\/\/shop_images\/WhatsApp_Image_2023-01-11_at_6.02.37_PM.jpg","subheading":"","title":"","link_text":"","link_url":"\/collections\/secrets-of-seville\/?ref=celebmusthavehomepage","text_color":"rgba(0,0,0,0)","overlay_color":"#000000","overlay_opacity":30}},"template--16770957181157__a0f8f061-8c1b-4d37-a0f9-1f07449099f9-16863976975f9bb1a6-4":{"type":"collection","disabled":true,"settings":{"collection":"","subheading":"","title":"","link_text":"","link_url":"","text_color":"rgba(0,0,0,0)","overlay_color":"#000000","overlay_opacity":30}},"template--16770957181157__a0f8f061-8c1b-4d37-a0f9-1f07449099f9-16863976975f9bb1a6-5":{"type":"collection","disabled":true,"settings":{"collection":"","subheading":"","title":"","link_text":"","link_url":"","text_color":"rgba(0,0,0,0)","overlay_color":"#000000","overlay_opacity":30}}},"block_order":["template--16770957181157__a0f8f061-8c1b-4d37-a0f9-1f07449099f9-16863976975f9bb1a6-0","template--16770957181157__a0f8f061-8c1b-4d37-a0f9-1f07449099f9-16863976975f9bb1a6-1","template--16770957181157__a0f8f061-8c1b-4d37-a0f9-1f07449099f9-16863976975f9bb1a6-3","template--16770957181157__a0f8f061-8c1b-4d37-a0f9-1f07449099f9-16863976975f9bb1a6-2","template--16770957181157__a0f8f061-8c1b-4d37-a0f9-1f07449099f9-16863976975f9bb1a6-4","template--16770957181157__a0f8f061-8c1b-4d37-a0f9-1f07449099f9-16863976975f9bb1a6-5"],"settings":{"reveal_on_scroll":true,"layout":"carousel","subheading":"Red Carpet-ready Everyday","title":"Celeb Must-Haves","background":"rgba(0,0,0,0)","text_color":"rgba(0,0,0,0)"}},"107af26b-a0a5-44eb-8f93-2fb4ba2ef733":{"type":"featured-collections","blocks":{"e7915788-76d4-4d83-99ff-0a944514df66":{"type":"collection","settings":{"collection":"","label":"Face Concern kits","button_text":"","button_url":""}},"template--16770957181157__107af26b-a0a5-44eb-8f93-2fb4ba2ef733-168639756559442c83-0":{"type":"collection","settings":{"collection":"","label":"Hair Concern Kits","button_text":"","button_url":""}}},"block_order":["e7915788-76d4-4d83-99ff-0a944514df66","template--16770957181157__107af26b-a0a5-44eb-8f93-2fb4ba2ef733-168639756559442c83-0"],"disabled":true,"settings":{"subheading":"For best results, try","title":"Our Curated Kits","content":"","products_count":8,"products_per_row":4,"stack_products":false,"show_cta":true,"background":"rgba(0,0,0,0)","text_color":"rgba(0,0,0,0)","button_background":"rgba(0,0,0,0)","button_text_color":"rgba(0,0,0,0)"}},"timeline":{"type":"timeline","blocks":{"item-1":{"type":"item","settings":{"label":"2000","title":"","content":"","button_text":"","button_link":""}},"item-2":{"type":"item","settings":{"label":"2010","title":"Your heading","content":"<p>Write content about your store<\/p>","button_text":"","button_link":""}},"item-3":{"type":"item","settings":{"label":"2020","title":"Your heading","content":"<p>Write content about your store<\/p>","button_text":"","button_link":""}}},"block_order":["item-1","item-2","item-3"],"disabled":true,"settings":{"subheading":"","title":"Our Discoveries That You Loved","text_position":"middle","background":"rgba(0,0,0,0)","text_color":"rgba(0,0,0,0)","item_background":"rgba(0,0,0,0)","item_text_color":"rgba(0,0,0,0)"}},"image-with-text":{"type":"image-with-text","blocks":{"item-2":{"type":"item","settings":{"image":"shopify:\/\/shop_images\/Pilgrim-Code2_1.png","tab_label":"Our Promise","subheading":"","title":"Our Promise","content":"<p>Pilgrim is \"Clean Compatible\". Not just <strong>free of harmful and toxic chemicals<\/strong> but uses only those ingredients that either enhance the health of our hair &<br\/>skin or support the<strong> effectiveness of formulations<\/strong>.<\/p>","button_text":"Know more","button_link":"shopify:\/\/pages\/about-us"}},"item-1":{"type":"item","disabled":true,"settings":{"tab_label":"Our mission","subheading":"","title":"Our beautiful mission","content":"<p>To bring worlds beauty for you<\/p>","button_text":"Our Commitments","button_link":""}}},"block_order":["item-2","item-1"],"settings":{"reveal_on_scroll":true,"background_type":"full_width","background_overlap":"both","image_position":"left","text_alignment":"center","cycle_speed":8,"accent_background":"#fffaf3","text_color":"rgba(0,0,0,0)","button_background":"#ffc105","button_text_color":"rgba(0,0,0,0)"}},"01974e39-80fd-4525-bb31-4d6a5c08d986":{"type":"gallery","blocks":{"template--16770957181157__01974e39-80fd-4525-bb31-4d6a5c08d986-168639748640bc8435-0":{"type":"image","settings":{"image_by_url":"","caption":""}},"template--16770957181157__01974e39-80fd-4525-bb31-4d6a5c08d986-168639748640bc8435-1":{"type":"image","settings":{"image_by_url":"","caption":""}},"template--16770957181157__01974e39-80fd-4525-bb31-4d6a5c08d986-168639748640bc8435-2":{"type":"image","settings":{"image_by_url":"","caption":""}}},"block_order":["template--16770957181157__01974e39-80fd-4525-bb31-4d6a5c08d986-168639748640bc8435-0","template--16770957181157__01974e39-80fd-4525-bb31-4d6a5c08d986-168639748640bc8435-1","template--16770957181157__01974e39-80fd-4525-bb31-4d6a5c08d986-168639748640bc8435-2"],"disabled":true,"settings":{"subheading":"Unconditional Love from","title":"#PilgrimTribe","scrollid":"","show_arrows":true,"column_alignment":"center","background":"rgba(0,0,0,0)","text_color":"rgba(0,0,0,0)"}},"48e77926-a94a-4ea3-9e18-2bc52d94cd6a":{"type":"logo-list","blocks":{"template--16770957181157__48e77926-a94a-4ea3-9e18-2bc52d94cd6a-16856219890e32d405-0":{"type":"logo","settings":{"logo":"shopify:\/\/shop_images\/cosmopolitan.png","link":""}},"template--16770957181157__48e77926-a94a-4ea3-9e18-2bc52d94cd6a-16856219890e32d405-1":{"type":"logo","settings":{"logo":"shopify:\/\/shop_images\/the-times-of-india.png","link":""}},"template--16770957181157__48e77926-a94a-4ea3-9e18-2bc52d94cd6a-16856219890e32d405-2":{"type":"logo","settings":{"logo":"shopify:\/\/shop_images\/grazia.png","link":""}},"template--16770957181157__48e77926-a94a-4ea3-9e18-2bc52d94cd6a-16856219890e32d405-3":{"type":"logo","settings":{"logo":"shopify:\/\/shop_images\/cosmopolitan.png","link":""}},"template--16770957181157__48e77926-a94a-4ea3-9e18-2bc52d94cd6a-16856219890e32d405-4":{"type":"logo","settings":{"logo":"shopify:\/\/shop_images\/the-times-of-india.png","link":""}},"template--16770957181157__48e77926-a94a-4ea3-9e18-2bc52d94cd6a-16856219890e32d405-5":{"type":"logo","disabled":true,"settings":{"link":""}}},"block_order":["template--16770957181157__48e77926-a94a-4ea3-9e18-2bc52d94cd6a-16856219890e32d405-0","template--16770957181157__48e77926-a94a-4ea3-9e18-2bc52d94cd6a-16856219890e32d405-1","template--16770957181157__48e77926-a94a-4ea3-9e18-2bc52d94cd6a-16856219890e32d405-2","template--16770957181157__48e77926-a94a-4ea3-9e18-2bc52d94cd6a-16856219890e32d405-3","template--16770957181157__48e77926-a94a-4ea3-9e18-2bc52d94cd6a-16856219890e32d405-4","template--16770957181157__48e77926-a94a-4ea3-9e18-2bc52d94cd6a-16856219890e32d405-5"],"settings":{"reveal_on_scroll":true,"subheading":"Yay! We're talk of the town","title":"Featured In","button_text":"","button_link":"","custom_class":"","stack_logos":false,"background":"rgba(0,0,0,0)","text_color":"rgba(0,0,0,0)","button_background":"rgba(0,0,0,0)","button_text_color":"rgba(0,0,0,0)","logo_background":"rgba(0,0,0,0)"}}},"order":["slideshow","featured-collections","676968c5-d620-467e-9a8b-459347e7a6a6","fa729c4f-5105-4db0-a6d0-16414ac05f7d","shop-the-look","cd261a55-209e-4d4f-8fa9-b50a823bded7","fe8581c2-8137-4a2f-bff0-c632be0a782f","adfec50d-b300-440f-9f96-841cf32924ac","bc2db000-b21c-4ea5-bd2f-fca16108bdba","883588eb-9611-41b2-8bd0-924002eb87c5","189485f5-ec96-4478-8347-a4a4cfbb50dd","1aa52d1e-93af-48b6-90ed-3af2465983b8","e4a73a14-001f-4653-a116-6b9d056813d4","a0f8f061-8c1b-4d37-a0f9-1f07449099f9","107af26b-a0a5-44eb-8f93-2fb4ba2ef733","timeline","image-with-text","01974e39-80fd-4525-bb31-4d6a5c08d986","48e77926-a94a-4ea3-9e18-2bc52d94cd6a"]}