{"sections":{"main":{"type":"main-page","disabled":true,"settings":{"show_title":true,"page_width":"medium"}},"b75aef78-3785-4bad-91f9-5fc22de2e85e":{"type":"rich-text","disabled":true,"settings":{"subheading":"","title":"","content":"<p>Get Early Access ➔<\/p>","button_text":"🕭 Notify Me","button_link":"","button_control":"newsletter-popup","custom_class":"presale_sticky_newsletter","background_type":"full_width","text_width":"medium","text_position":"center","text_alignment":"center","background":"rgba(0,0,0,0)","text_color":"rgba(0,0,0,0)","button_background":"rgba(0,0,0,0)","button_text_color":"rgba(0,0,0,0)"}},"e4a756a6-d4fa-428e-bfff-c0053b40ba8a":{"type":"slideshow","blocks":{"template--16809458958565__e4a756a6-d4fa-428e-bfff-c0053b40ba8a-image-1":{"type":"image","settings":{"image":"shopify:\/\/shop_images\/tinifiednewdeskCorporate_Gifting_1.jpg","mobile_image":"shopify:\/\/shop_images\/newHero_Mobile_1.png","text_position":"middle_center","subheading":"","title":"","button_1_text":"","button_1_link":"","button_2_text":"","button_2_link":"","text_color":"#000000","button_background":"#ffffff","button_text_color":"#ffc105","overlay_color":"#000000","overlay_opacity":0}}},"block_order":["template--16809458958565__e4a756a6-d4fa-428e-bfff-c0053b40ba8a-image-1"],"settings":{"subheading":"","title":"","content":"","custom_class":"presale_banner","scrollid":"","section_height":"auto","transition_type":"sweep","autoplay":true,"cycle_speed":5,"background":"rgba(0,0,0,0)","text_width":"medium","text_position":"center","text_alignment":"center"}},"8e162796-36a8-4528-8ecb-209671279d98":{"type":"custom-html","disabled":true,"settings":{"subheading":"","title":"Get a call back","html":"<iframe src=\"https:\/\/docs.google.com\/forms\/d\/e\/1FAIpQLSeFNZhjmzsigGEVxghbG8Df0870_VNLZ1flwI911t2KkhmJjQ\/viewform?embedded=true\" width=\"340\" height=\"1769\" frameborder=\"0\" marginheight=\"0\" marginwidth=\"0\">Loading…<\/iframe>","custom_class":"","add_vertical_spacing":true,"background_type":"full_width","background":"rgba(0,0,0,0)","text_color":"rgba(0,0,0,0)"}},"231976af-6634-4a4b-b313-e437793b8ab1":{"type":"gallery","blocks":{"77611828-a762-4c4b-865f-eba7ddb0e2ef":{"type":"image","settings":{"image":"shopify:\/\/shop_images\/Bright-Skincare-Gift-Kit.jpg","image_by_url":"","caption":"","link_url":""}},"16dc6602-9bfd-46b3-80e9-197964cb80f1":{"type":"image","settings":{"image":"shopify:\/\/shop_images\/Silky-Hair-Essentials-Gift-Kit.jpg","image_by_url":"","caption":"","link_url":""}},"8c5e3c21-bcea-4586-b07b-edd65039785c":{"type":"image","settings":{"image":"shopify:\/\/shop_images\/Detan-_-Soft-Glow-Gift-Kit.jpg","image_by_url":"","caption":"","link_url":""}},"1fabd769-e725-46ba-a4f2-73faa0743d1f":{"type":"image","settings":{"image":"shopify:\/\/shop_images\/Destress-Luxury-Night-Skincare-Kit.jpg","image_by_url":"","caption":"","link_url":""}},"6d86ad10-2c66-4b20-995f-4cb96c9e8036":{"type":"image","settings":{"image":"shopify:\/\/shop_images\/Daily-Glow-Gift-Kit.jpg","image_by_url":"","caption":"","link_url":""}},"41d90ff6-d13a-47ec-9d03-fd211ff8285f":{"type":"image","settings":{"image":"shopify:\/\/shop_images\/Men-Special-Gift-Kit.jpg","image_by_url":"","caption":"","link_url":""}},"94311645-8eb6-4306-b595-c1109eadab87":{"type":"image","settings":{"image":"shopify:\/\/shop_images\/Sculpting-24K-Gold-Facial-Gift-Kit.jpg","image_by_url":"","caption":"","link_url":""}},"34faf2ba-8b34-4b15-b717-9ecd90794501":{"type":"image","settings":{"image":"shopify:\/\/shop_images\/tinified-Silky-Smooth-Hair-Essentials-Gift-Kit_1.jpg","image_by_url":"","caption":"","link_url":""}},"40700c8b-1405-47e1-a1f8-c891eecc430f":{"type":"image","settings":{"image":"shopify:\/\/shop_images\/Detan-_-Glow-Gift-Kit.jpg","image_by_url":"","caption":"","link_url":""}},"ecd12897-e27d-4063-a44a-d8228fe47d05":{"type":"image","settings":{"image":"shopify:\/\/shop_images\/Glow-_-Moisturize-Gift-Kit.jpg","image_by_url":"","caption":"","link_url":""}},"ec1ef98a-ffd2-4baf-b970-1e2be0c31c7a":{"type":"image","settings":{"image":"shopify:\/\/shop_images\/Glowing-24K-Gold-Facial-Gift-Kit.jpg","image_by_url":"","caption":"","link_url":""}}},"block_order":["77611828-a762-4c4b-865f-eba7ddb0e2ef","16dc6602-9bfd-46b3-80e9-197964cb80f1","8c5e3c21-bcea-4586-b07b-edd65039785c","1fabd769-e725-46ba-a4f2-73faa0743d1f","6d86ad10-2c66-4b20-995f-4cb96c9e8036","41d90ff6-d13a-47ec-9d03-fd211ff8285f","94311645-8eb6-4306-b595-c1109eadab87","34faf2ba-8b34-4b15-b717-9ecd90794501","40700c8b-1405-47e1-a1f8-c891eecc430f","ecd12897-e27d-4063-a44a-d8228fe47d05","ec1ef98a-ffd2-4baf-b970-1e2be0c31c7a"],"settings":{"subheading":"","title":"Some of our kits","custom_class":"corporate_gifting_kits","scrollid":"","show_arrows":true,"column_alignment":"center","background":"rgba(0,0,0,0)","text_color":"rgba(0,0,0,0)"}},"15711e42-defb-4adc-b299-385ffa29dab5":{"type":"custom-html","settings":{"subheading":"","title":"Get a call back","html":"<iframe data-tally-src=\"https:\/\/tally.so\/embed\/wveoVA?alignLeft=1&amp;hideTitle=1&amp;transparentBackground=1&amp;dynamicHeight=1\" loading=\"lazy\" width=\"100%\" height=\"48\" frameborder=\"0\" marginheight=\"0\" marginwidth=\"0\" title=\"Get in Touch\"><\/iframe><script>var d=document,w=\"https:\/\/tally.so\/widgets\/embed.js\",v=function(){\"undefined\"!=typeof Tally?Tally.loadEmbeds():d.querySelectorAll(\"iframe[data-tally-src]:not([src])\").forEach((function(e){e.src=e.dataset.tallySrc}))};if(\"undefined\"!=typeof Tally)v();else if(d.querySelector('script[src=\"'+w+'\"]')==null){var s=d.createElement(\"script\");s.src=w,s.onload=v,s.onerror=v,d.body.appendChild(s);}<\/script>","custom_class":"corporate_gifting_callback_form","add_vertical_spacing":true,"background_type":"full_width","background":"rgba(0,0,0,0)","text_color":"rgba(0,0,0,0)"}},"cc3c9a93-ef9b-4e0a-8ce2-b5c9c8e1ead6":{"type":"rich-text","settings":{"subheading":"","title":"Want to talk to us?","content":"<p>Reach out at <a href=\"mailto:zaid.b@discoverpilgrim.com\" title=\"mailto:zaid.b@discoverpilgrim.com\">sales@discoverpilgrim.com<\/a><strong>Call\/WhatsApp:<\/strong>: +91<a href=\"https:\/\/wa.me\/919067179990?text=Hi\" title=\"https:\/\/wa.me\/919067179990?text=Hi\">9067179990<\/a><\/p>","button_text":"","button_link":"","button_control":"","custom_class":"","background_type":"full_width","text_width":"medium","text_position":"center","text_alignment":"center","background":"rgba(0,0,0,0)","text_color":"rgba(0,0,0,0)","button_background":"rgba(0,0,0,0)","button_text_color":"rgba(0,0,0,0)"}},"920beb05-c6c1-446a-8a03-13fa9d3662f8":{"type":"image-with-text","blocks":{"template--16825129271525__920beb05-c6c1-446a-8a03-13fa9d3662f8-item-1":{"type":"item","settings":{"image":"shopify:\/\/shop_images\/Corporate_Gifting_2_images-1400x1400.jpg","tab_label":"Item","subheading":"","title":"Curated Gifting Collection","content":"<p>At Pilgrim, we specialize in curating the <strong>perfect corporate gifting<\/strong> experiences that go beyond mere gestures of appreciation. Our mission is to help you deepen meaningful connections with your clients and colleagues through <strong>thoughtfully curated <\/strong>beauty gift kits.<\/p><p>Step into a world where every gift tells a story – a story of the world's most cherished beauty secrets. Explore our exquisite range of Skincare, Haircare, and Fragrances, each product designed to not only enhance personal care but also to leave a <strong>profound and lasting impression<\/strong>.<\/p>","button_text":"","button_link":""}}},"block_order":["template--16825129271525__920beb05-c6c1-446a-8a03-13fa9d3662f8-item-1"],"settings":{"reveal_on_scroll":true,"background_type":"full_width","background_overlap":"both","image_position":"left","text_alignment":"center","cycle_speed":8,"accent_background":"#fffaf3","text_color":"rgba(0,0,0,0)","button_background":"rgba(0,0,0,0)","button_text_color":"rgba(0,0,0,0)"}},"23cad6d9-8849-4a20-91ec-f5cc06b08858":{"type":"multi-column","blocks":{"template--16825129271525__23cad6d9-8849-4a20-91ec-f5cc06b08858-item-1":{"type":"item","settings":{"image":"shopify:\/\/shop_images\/Corporate_Gifting_THOUGHTFULLY_CURATED.jpg","image_by_url":"","image_width":100,"image_border":"rgba(0,0,0,0)","title":"","content":"<p>Our carefully curated beauty kits collection is designed with the finest natural world ingredients, thoughtfully combined with premium packaging.<\/p>","link_text":"","link_url":"","link_style":"link","text_alignment":"center","vertical_alignment":"start"}},"template--16825129271525__23cad6d9-8849-4a20-91ec-f5cc06b08858-item-2":{"type":"item","settings":{"image":"shopify:\/\/shop_images\/Corporate_Gifting_PERFECTLY_CUSTOMISED.jpg","image_by_url":"","image_width":100,"image_border":"rgba(0,0,0,0)","title":"","content":"<p>From expressions of gratitude to moments of celebration that are truly unforgettable, Pilgrim is here to customise and manage all aspects of your corporate gifting needs.<\/p>","link_text":"","link_url":"","link_style":"link","text_alignment":"center","vertical_alignment":"start"}},"ce5bf7ad-c587-4703-b9a7-2dc00d65b622":{"type":"item","settings":{"image":"shopify:\/\/shop_images\/Corporate_Gifting_Premium_Packaging.jpg","image_by_url":"","image_width":100,"image_border":"rgba(0,0,0,0)","title":"","content":"<p>Elevate your corporate gifting with Pilgrim's luxurious white and gold packaging, sure to delight recipients and add a touch of luxury to your thoughtful gifts.<\/p>","link_text":"","link_url":"","link_style":"link","text_alignment":"center","vertical_alignment":"start"}}},"block_order":["template--16825129271525__23cad6d9-8849-4a20-91ec-f5cc06b08858-item-1","template--16825129271525__23cad6d9-8849-4a20-91ec-f5cc06b08858-item-2","ce5bf7ad-c587-4703-b9a7-2dc00d65b622"],"settings":{"reveal_on_scroll":true,"stack_items":true,"subheading":"","title":"Gift The World's Best Beauty Secrets","content":"","button_text":"","button_link":"","scrollid":"","custom_class":"","column_alignment":"center","mobile_item_size":"medium","desktop_item_size":"large","spacing":"normal","background":"rgba(0,0,0,0)","text_color":"rgba(0,0,0,0)"}},"2f1bdefc-0d63-4afa-8aab-9bda0ee7afd9":{"type":"play-and-win","blocks":{"template--16809458958565__2f1bdefc-0d63-4afa-8aab-9bda0ee7afd9-logo-1":{"type":"logo","settings":{"logo":"shopify:\/\/shop_images\/gift-bag-with-bow.jpg","link":""}},"template--16809458958565__2f1bdefc-0d63-4afa-8aab-9bda0ee7afd9-logo-2":{"type":"logo","settings":{"logo":"shopify:\/\/shop_images\/blue-yellow-gift-wrap.jpg","link":""}},"template--16809458958565__2f1bdefc-0d63-4afa-8aab-9bda0ee7afd9-logo-3":{"type":"logo","disabled":true,"settings":{"link":""}},"template--16809458958565__2f1bdefc-0d63-4afa-8aab-9bda0ee7afd9-logo-4":{"type":"logo","disabled":true,"settings":{"link":""}}},"block_order":["template--16809458958565__2f1bdefc-0d63-4afa-8aab-9bda0ee7afd9-logo-1","template--16809458958565__2f1bdefc-0d63-4afa-8aab-9bda0ee7afd9-logo-2","template--16809458958565__2f1bdefc-0d63-4afa-8aab-9bda0ee7afd9-logo-3","template--16809458958565__2f1bdefc-0d63-4afa-8aab-9bda0ee7afd9-logo-4"],"disabled":true,"settings":{"reveal_on_scroll":true,"subheading":"","title":"All occasions","content":"<p>All occasions, one gifting destination<\/p>","button_text":"","button_link":"","custom_class":"playnwin","stack_logos":true,"background":"rgba(0,0,0,0)","text_color":"rgba(0,0,0,0)","button_background":"rgba(0,0,0,0)","button_text_color":"rgba(0,0,0,0)","image_background":"rgba(0,0,0,0)"}},"d99e3ccf-5df7-4bde-a3a4-6e9a2cceadbd":{"type":"featured-collections","blocks":{"template--16825129271525__d99e3ccf-5df7-4bde-a3a4-6e9a2cceadbd-collection-1":{"type":"collection","settings":{"collection":"gifting","label":"","button_text":"","button_url":""}}},"block_order":["template--16825129271525__d99e3ccf-5df7-4bde-a3a4-6e9a2cceadbd-collection-1"],"disabled":true,"settings":{"subheading":"","title":"The Corporate Gifting Collection","content":"","scrollid":"","products_count":8,"products_per_row":4,"stack_products":false,"show_cta":true,"background":"rgba(0,0,0,0)","text_color":"rgba(0,0,0,0)","button_background":"rgba(0,0,0,0)","button_text_color":"rgba(0,0,0,0)"}},"4e400001-2559-4314-afbc-895c0c3a7d88":{"type":"image-with-text","blocks":{"bf9c04b3-47dc-408e-8cf6-9c69810d357a":{"type":"item","settings":{"image":"shopify:\/\/shop_images\/Corporate_Gifting_2-1400x1400.jpg","tab_label":"Item","subheading":"","title":"Thoughful Gifting","content":"<p>When you choose Pilgrim, you're not just selecting a gift; you're selecting an experience that reflects the essence of your appreciation and goodwill. Let us help you create moments that resonate and relationships that flourish, one carefully chosen gift at a time.<\/p><p>Discover the world's best beauty secrets within our range of Skincare, Haircare, and Fragrances, leaving a profound impression on clients and colleagues.<\/p>","button_text":"","button_link":""}}},"block_order":["bf9c04b3-47dc-408e-8cf6-9c69810d357a"],"disabled":true,"settings":{"reveal_on_scroll":true,"background_type":"full_width","background_overlap":"both","image_position":"left","text_alignment":"center","cycle_speed":8,"accent_background":"#fffaf3","text_color":"rgba(0,0,0,0)","button_background":"rgba(0,0,0,0)","button_text_color":"rgba(0,0,0,0)"}},"1982f096-d3cf-4892-8003-2279f49f6493":{"type":"logo-list","blocks":{"template--16825129271525__1982f096-d3cf-4892-8003-2279f49f6493-logo-1":{"type":"logo","settings":{"logo":"shopify:\/\/shop_images\/the-times-of-india.png","link":""}},"template--16825129271525__1982f096-d3cf-4892-8003-2279f49f6493-logo-2":{"type":"logo","settings":{"logo":"shopify:\/\/shop_images\/grazia.png","link":""}},"template--16825129271525__1982f096-d3cf-4892-8003-2279f49f6493-logo-3":{"type":"logo","settings":{"logo":"shopify:\/\/shop_images\/cosmopolitan.png","link":""}},"template--16825129271525__1982f096-d3cf-4892-8003-2279f49f6493-logo-4":{"type":"logo","settings":{"logo":"shopify:\/\/shop_images\/yourstory_logo.png","link":""}}},"block_order":["template--16825129271525__1982f096-d3cf-4892-8003-2279f49f6493-logo-1","template--16825129271525__1982f096-d3cf-4892-8003-2279f49f6493-logo-2","template--16825129271525__1982f096-d3cf-4892-8003-2279f49f6493-logo-3","template--16825129271525__1982f096-d3cf-4892-8003-2279f49f6493-logo-4"],"disabled":true,"settings":{"reveal_on_scroll":true,"subheading":"","title":"Some of our  Clients","button_text":"","button_link":"","custom_class":"","stack_logos":false,"background":"rgba(0,0,0,0)","text_color":"rgba(0,0,0,0)","button_background":"rgba(0,0,0,0)","button_text_color":"rgba(0,0,0,0)","logo_background":"rgba(0,0,0,0)"}},"50384a37-649e-404f-a91c-351fa7c68e46":{"type":"image-with-text","blocks":{"template--16825129271525__50384a37-649e-404f-a91c-351fa7c68e46-item-1":{"type":"item","settings":{"image":"shopify:\/\/shop_images\/tinified-New-Pilgrim-Code_1.png","tab_label":"Item","subheading":"","title":"Our Promise","content":"<p>Pilgrim is \"Clean Compatible\". Not just <strong>free of harmful and toxic chemicals<\/strong> but uses only those ingredients that either enhance the health of our hair &<br\/>skin or support the<strong> effectiveness of formulations<\/strong>.<\/p>","button_text":"","button_link":""}}},"block_order":["template--16825129271525__50384a37-649e-404f-a91c-351fa7c68e46-item-1"],"settings":{"reveal_on_scroll":true,"background_type":"full_width","background_overlap":"both","image_position":"left","text_alignment":"center","cycle_speed":8,"accent_background":"#fffaf3","text_color":"rgba(0,0,0,0)","button_background":"rgba(0,0,0,0)","button_text_color":"rgba(0,0,0,0)"}},"a97a1877-e4c8-49d4-9eee-32ab8f04ac09":{"type":"slideshow","blocks":{"ef42d69a-7eb1-4ff5-a3c6-0112a6cb8cbe":{"type":"image","settings":{"image":"shopify:\/\/shop_images\/Influencers-Homepage-Banner-1920x520._v2.jpg","mobile_image":"shopify:\/\/shop_images\/Influencers-Homepage-Banner.jpg","text_position":"middle_center","subheading":"","title":"","button_1_text":"","button_1_link":"","button_2_text":"","button_2_link":"","text_color":"#ffffff","button_background":"#ffffff","button_text_color":"#000000","overlay_color":"#000000","overlay_opacity":0}}},"block_order":["ef42d69a-7eb1-4ff5-a3c6-0112a6cb8cbe"],"settings":{"subheading":"","title":"","content":"","custom_class":"","scrollid":"","section_height":"auto","transition_type":"sweep","autoplay":true,"cycle_speed":5,"background":"rgba(0,0,0,0)","text_width":"medium","text_position":"center","text_alignment":"center"}}},"order":["main","b75aef78-3785-4bad-91f9-5fc22de2e85e","e4a756a6-d4fa-428e-bfff-c0053b40ba8a","8e162796-36a8-4528-8ecb-209671279d98","231976af-6634-4a4b-b313-e437793b8ab1","15711e42-defb-4adc-b299-385ffa29dab5","cc3c9a93-ef9b-4e0a-8ce2-b5c9c8e1ead6","920beb05-c6c1-446a-8a03-13fa9d3662f8","23cad6d9-8849-4a20-91ec-f5cc06b08858","2f1bdefc-0d63-4afa-8aab-9bda0ee7afd9","d99e3ccf-5df7-4bde-a3a4-6e9a2cceadbd","4e400001-2559-4314-afbc-895c0c3a7d88","1982f096-d3cf-4892-8003-2279f49f6493","50384a37-649e-404f-a91c-351fa7c68e46","a97a1877-e4c8-49d4-9eee-32ab8f04ac09"]}