{"sections":{"main":{"type":"main-product","blocks":{"variant_picker":{"type":"variant_picker","settings":{"hide_sold_out_variants":false,"selector_mode":"block","color_mode":"color","size_chart_page":""}},"quantity_selector":{"type":"quantity_selector","settings":{}},"buy_buttons":{"type":"buy_buttons","settings":{"show_payment_button":true,"show_gift_card_recipient":false,"atc_button_background":"rgba(0,0,0,0)","atc_button_text_color":"rgba(0,0,0,0)","buy_now_button_background":"rgba(0,0,0,0)","buy_now_button_text_color":"rgba(0,0,0,0)"}}},"block_order":["variant_picker","quantity_selector","buy_buttons"],"settings":{"show_vendor":true,"show_sku":false,"show_taxes_included":false,"show_product_rating":false,"show_sticky_add_to_cart":true,"show_share_buttons":true,"help_page":"","enable_video_autoplay":true,"enable_video_looping":false,"enable_image_zoom":true,"show_thumbnails_on_mobile":false,"desktop_thumbnails_position":"bottom","transition_effect":"slide"}},"product-content":{"type":"product-content","blocks":{"description":{"type":"description","settings":{}}},"block_order":["description"],"settings":{}},"57bad3b6-c73e-4cb4-927c-1de7552aeac0":{"type":"multi-column","disabled":true,"blocks":{"template--16776545534181__57bad3b6-c73e-4cb4-927c-1de7552aeac0-16871941512e0797fb-0":{"type":"item","settings":{"image_width":100,"image_border":"#1a1a1a","title":"","content":"","link_text":"","link_url":"","link_style":"link","text_alignment":"center","vertical_alignment":"start"}},"template--16776545534181__57bad3b6-c73e-4cb4-927c-1de7552aeac0-16871941512e0797fb-1":{"type":"item","settings":{"image_width":100,"image_border":"#1a1a1a","title":"","content":"","link_text":"","link_url":"","link_style":"link","text_alignment":"center","vertical_alignment":"start"}},"template--16776545534181__57bad3b6-c73e-4cb4-927c-1de7552aeac0-16871941512e0797fb-2":{"type":"item","settings":{"image_width":100,"image_border":"#1a1a1a","title":"","content":"","link_text":"","link_url":"","link_style":"link","text_alignment":"center","vertical_alignment":"start"}},"template--16776545534181__57bad3b6-c73e-4cb4-927c-1de7552aeac0-16871941512e0797fb-3":{"type":"item","disabled":true,"settings":{"image_width":100,"image_border":"rgba(0,0,0,0)","title":"Column 1","content":"<p>Pair text with an image to focus on your chosen product, collection, or blog post. Add details on availability, style, or even provide a review.<\/p>","link_text":"","link_url":"","link_style":"link","text_alignment":"center","vertical_alignment":"start"}}},"block_order":["template--16776545534181__57bad3b6-c73e-4cb4-927c-1de7552aeac0-16871941512e0797fb-0","template--16776545534181__57bad3b6-c73e-4cb4-927c-1de7552aeac0-16871941512e0797fb-1","template--16776545534181__57bad3b6-c73e-4cb4-927c-1de7552aeac0-16871941512e0797fb-2","template--16776545534181__57bad3b6-c73e-4cb4-927c-1de7552aeac0-16871941512e0797fb-3"],"settings":{"reveal_on_scroll":true,"stack_items":false,"subheading":"","title":"Powerful Ingredients","content":"","column_alignment":"center","mobile_item_size":"large","desktop_item_size":"large","spacing":"normal","background":"rgba(0,0,0,0)","text_color":"rgba(0,0,0,0)"}},"product-recommendations":{"type":"product-recommendations","settings":{"subheading":"","title":"You may also like","recommendations_count":4,"background":"rgba(0,0,0,0)","text_color":"rgba(0,0,0,0)"}}},"order":["main","product-content","57bad3b6-c73e-4cb4-927c-1de7552aeac0","product-recommendations"]}