{"type":"header","name":"Header group","sections":{"announcement-bar":{"type":"announcement-bar","blocks":{"message-1":{"type":"message","settings":{"text":"World's Beauty for you : )","learn_more_text":"","title":"","content":"","button_text":"","button_link":""}}},"block_order":["message-1"],"custom_css":["{height: 45px;}"],"settings":{"announcement_bar_position":"sticky","announcement_text_size":"small","autoplay":true,"cycle_speed":5,"background":"#fff7e5","text_color":"#010145","button_background":"#56112a","button_text_color":"#ffffff"}},"header":{"type":"header","blocks":{"c1187dc2-dc8b-4c19-8a28-31acee051a34":{"type":"mega_menu","disabled":true,"settings":{"menu_item":"Menu Menu Menu","images_position":"right","image_1_heading":"","image_1_text":"","image_1_link":"","image_2_heading":"","image_2_text":"","image_2_link":"","image_3_heading":"","image_3_text":"","image_3_link":"","image_4_heading":"","image_4_text":"","image_4_link":"","image_5_heading":"","image_5_text":"","image_5_link":"","image_6_heading":"","image_6_text":"","image_6_link":""}},"6a9419f8-9386-4b1f-a88c-1604092ea515":{"type":"mega_menu","disabled":true,"settings":{"menu_item":"","images_position":"right","image_1_heading":"","image_1_text":"","image_1_link":"","image_2_heading":"","image_2_text":"","image_2_link":"","image_3_heading":"","image_3_text":"","image_3_link":"","image_4_heading":"","image_4_text":"","image_4_link":"","image_5_heading":"","image_5_text":"","image_5_link":"","image_6_heading":"","image_6_text":"","image_6_link":""}},"6eafb804-d44c-4bc8-8d3b-da8ff7377a2f":{"type":"mega_menu","settings":{"menu_item":"Collections","images_position":"right","image_1":"shopify:\/\/shop_images\/pilgrim-jeju-face-ritual-718746.jpg","image_1_heading":"Korean Beauty Secrets","image_1_text":"","image_1_link":"shopify:\/\/collections\/secrets-of-jeju-island","image_2":"shopify:\/\/shop_images\/French-Face-Ritual-Premium.jpg","image_2_heading":"French Beauty Secrets <span class=\"badge\" style=\"--menu-highlight-color: #A12785;\">Kalki's Picks<\/span>","image_2_text":"","image_2_link":"shopify:\/\/collections\/secrets-of-vinotherapie","image_3_heading":"","image_3_text":"","image_3_link":"shopify:\/\/collections\/secrets-of-seville","image_4_heading":"","image_4_text":"","image_4_link":"","image_5_heading":"","image_5_text":"","image_5_link":"","image_6_heading":"","image_6_text":"","image_6_link":""}},"b66c223f-ea1f-4fdc-b56b-10e0a9fa26e7":{"type":"mega_menu","settings":{"menu_item":"Body Care","images_position":"right","image_1_heading":"","image_1_text":"","image_1_link":"","image_2_heading":"","image_2_text":"","image_2_link":"","image_3_heading":"","image_3_text":"","image_3_link":"","image_4_heading":"","image_4_text":"","image_4_link":"","image_5_heading":"","image_5_text":"","image_5_link":"","image_6_heading":"","image_6_text":"","image_6_link":""}},"bd3e8bf2-4e64-469b-a7dc-a48f437bb86e":{"type":"mega_menu","settings":{"menu_item":"Face Care","images_position":"right","image_1_heading":"","image_1_text":"","image_1_link":"","image_2_heading":"","image_2_text":"","image_2_link":"","image_3_heading":"","image_3_text":"","image_3_link":"","image_4_heading":"","image_4_text":"","image_4_link":"","image_5_heading":"","image_5_text":"","image_5_link":"","image_6_heading":"","image_6_text":"","image_6_link":""}}},"block_order":["c1187dc2-dc8b-4c19-8a28-31acee051a34","6a9419f8-9386-4b1f-a88c-1604092ea515","6eafb804-d44c-4bc8-8d3b-da8ff7377a2f","b66c223f-ea1f-4fdc-b56b-10e0a9fa26e7","bd3e8bf2-4e64-469b-a7dc-a48f437bb86e"],"settings":{"enable_sticky_header":true,"logo":"{{ shop.brand.logo }}","logo_max_width":140,"mobile_logo_max_width":100,"navigation_menu":"test-in-menu-images","sidebar_navigation_menu":"","header_layout":"logo_left_navigation_center","show_icons":true,"reduce_desktop_padding":true,"show_locale_selector":true,"show_country_selector":false,"enable_transparent_header":false,"transparent_header_text_color":"#ffffff","search_menu":"main-menu"}}},"order":["announcement-bar","header"]}