{"sections":{"f4a70583-2a61-4855-9849-20a6d4d5108e":{"type":"custom-content","disabled":true,"settings":{"heading":"","subheading":"","description":"","header_alignment":"left","container":"container-fluid","background_color":"","gap":30,"use_scroll_mobile":false,"gap_mobile":16,"custom_class":""}},"5d6e7b86-ac97-42d1-963a-d9590773bdcd":{"type":"slider","blocks":{"template--16652728959205__5d6e7b86-ac97-42d1-963a-d9590773bdcd-1669634629e82910be-0":{"type":"slider_item","settings":{"background":"shopify:\/\/shop_images\/Homepage_Banner_Desktop_1.jpg","mb_background":"shopify:\/\/shop_images\/Homepage_Banner_1.jpg","image_alignment":"center","content_in_container":false,"content_position":"center middle","text_alignment":"center","text_size":"medium","text_color":"black","subheading":"","title":"","description":"","image_link":"","banner_name":"","banner_category":"","banner_offer":"","button_text":"","button_link":"","button_style":"sf__btn-primary","button_size":"","show_footer":false,"footer_alignment":"end","footer_text":"","footer_button":"","footer_link":""}},"template--16652728959205__5d6e7b86-ac97-42d1-963a-d9590773bdcd-1669634629e82910be-1":{"type":"slider_item","disabled":true,"settings":{"image_alignment":"center","content_in_container":false,"content_position":"center middle","text_alignment":"center","text_size":"medium","text_color":"black","subheading":"","title":"New Collection","description":"<p>Tell your campaign through images<\/p>","image_link":"","banner_name":"","banner_category":"","banner_offer":"","button_text":"Shop now","button_link":"","button_style":"sf__btn-primary","button_size":"","show_footer":false,"footer_alignment":"end","footer_text":"New Collection","footer_button":"Shop Now","footer_link":""}},"template--16652728959205__5d6e7b86-ac97-42d1-963a-d9590773bdcd-1669634629e82910be-2":{"type":"slider_item","disabled":true,"settings":{"image_alignment":"center","content_in_container":false,"content_position":"center middle","text_alignment":"center","text_size":"medium","text_color":"black","subheading":"","title":"New Collection","description":"<p>Tell your campaign through images<\/p>","image_link":"","banner_name":"","banner_category":"","banner_offer":"","button_text":"Shop now","button_link":"","button_style":"sf__btn-primary","button_size":"","show_footer":false,"footer_alignment":"end","footer_text":"New Collection","footer_button":"Shop Now","footer_link":""}}},"block_order":["template--16652728959205__5d6e7b86-ac97-42d1-963a-d9590773bdcd-1669634629e82910be-0","template--16652728959205__5d6e7b86-ac97-42d1-963a-d9590773bdcd-1669634629e82910be-1","template--16652728959205__5d6e7b86-ac97-42d1-963a-d9590773bdcd-1669634629e82910be-2"],"settings":{"container":"w-full","slideshow_height":"adapt","show_overlay":false,"dots_position":"bottom","dots_color":"dark","show_dots":true,"show_arrows":false,"autorotate":true,"autorotate_speed":5,"use_content_above":false,"custom_class":"world-beauty-carnival"}},"d80a1894-25ba-4d76-bb25-e8b655129917":{"type":"brands-list","disabled":true,"settings":{"heading":"FLASH SALES","subheading":"","header_alignment":"center","container":"w-full","background_color":"rgba(0,0,0,0)","item_per_row":4,"enable_slider":true,"autorotate":true,"autorotate_speed":3,"custom_class":""}},"01a1fdfa-9eca-42a0-998b-bf8cfa1d9b0f":{"type":"slider","blocks":{"template--16655961358565__01a1fdfa-9eca-42a0-998b-bf8cfa1d9b0f-1669903324be1a9c9d-0":{"type":"slider_item","settings":{"background":"shopify:\/\/shop_images\/2.jpg","mb_background":"shopify:\/\/shop_images\/2.jpg","image_alignment":"center","content_in_container":false,"content_position":"center middle","text_alignment":"center","text_size":"medium","text_color":"black","subheading":"","title":"","description":"","image_link":"","banner_name":"","banner_category":"","banner_offer":"","button_text":"","button_link":"","button_style":"sf__btn-primary","button_size":"","show_footer":false,"footer_alignment":"end","footer_text":"","footer_button":"","footer_link":""}}},"block_order":["template--16655961358565__01a1fdfa-9eca-42a0-998b-bf8cfa1d9b0f-1669903324be1a9c9d-0"],"settings":{"container":"w-full","slideshow_height":"adapt","show_overlay":false,"dots_position":"bottom","dots_color":"dark","show_dots":true,"show_arrows":false,"autorotate":false,"autorotate_speed":5,"use_content_above":false,"custom_class":"world-beauty-carnival"}},"b896fab9-c80e-4197-85f0-30ceb7d93010":{"type":"slider","blocks":{"template--16652728959205__b896fab9-c80e-4197-85f0-30ceb7d93010-1669634629e82910be-2":{"type":"slider_item","settings":{"background":"shopify:\/\/shop_images\/2-Iphones-Lucky-Winners-Homepage-Banner-1920x800.gif","mb_background":"shopify:\/\/shop_images\/2-Iphones-Lucky-Winners-Homepage-Banner-1920x800.gif","image_alignment":"center","content_in_container":false,"content_position":"center middle","text_alignment":"center","text_size":"medium","text_color":"black","subheading":"","title":"","description":"","image_link":"","banner_name":"","banner_category":"","banner_offer":"","button_text":"","button_link":"","button_style":"sf__btn-primary","button_size":"","show_footer":false,"footer_alignment":"end","footer_text":"","footer_button":"","footer_link":""}}},"block_order":["template--16652728959205__b896fab9-c80e-4197-85f0-30ceb7d93010-1669634629e82910be-2"],"settings":{"container":"w-full","slideshow_height":"adapt","show_overlay":false,"dots_position":"bottom","dots_color":"dark","show_dots":true,"show_arrows":false,"autorotate":true,"autorotate_speed":4,"use_content_above":false,"custom_class":"world-beauty-carnival"}},"faef00c2-aece-4d88-9067-40c9ee3b8c9f":{"type":"slider","blocks":{"template--16652728959205__faef00c2-aece-4d88-9067-40c9ee3b8c9f-1669634629e82910be-0":{"type":"slider_item","settings":{"background":"shopify:\/\/shop_images\/2pixel-gap_84616326-f930-42cd-a989-c9858cbe01ba.png","mb_background":"shopify:\/\/shop_images\/4_be52f2bb-cf55-4c22-b078-071096a706e1.jpg","image_alignment":"center","content_in_container":false,"content_position":"center middle","text_alignment":"center","text_size":"medium","text_color":"black","subheading":"","title":"","description":"","image_link":"","banner_name":"","banner_category":"","banner_offer":"","button_text":"","button_link":"","button_style":"sf__btn-primary","button_size":"","show_footer":false,"footer_alignment":"end","footer_text":"","footer_button":"","footer_link":""}},"template--16652728959205__faef00c2-aece-4d88-9067-40c9ee3b8c9f-1669634629e82910be-1":{"type":"slider_item","disabled":true,"settings":{"image_alignment":"center","content_in_container":false,"content_position":"center middle","text_alignment":"center","text_size":"medium","text_color":"black","subheading":"","title":"New Collection","description":"<p>Tell your campaign through images<\/p>","image_link":"","banner_name":"","banner_category":"","banner_offer":"","button_text":"Shop now","button_link":"","button_style":"sf__btn-primary","button_size":"","show_footer":false,"footer_alignment":"end","footer_text":"New Collection","footer_button":"Shop Now","footer_link":""}},"template--16652728959205__faef00c2-aece-4d88-9067-40c9ee3b8c9f-1669634629e82910be-2":{"type":"slider_item","disabled":true,"settings":{"image_alignment":"center","content_in_container":false,"content_position":"center middle","text_alignment":"center","text_size":"medium","text_color":"black","subheading":"","title":"New Collection","description":"<p>Tell your campaign through images<\/p>","image_link":"","banner_name":"","banner_category":"","banner_offer":"","button_text":"Shop now","button_link":"","button_style":"sf__btn-primary","button_size":"","show_footer":false,"footer_alignment":"end","footer_text":"New Collection","footer_button":"Shop Now","footer_link":""}}},"block_order":["template--16652728959205__faef00c2-aece-4d88-9067-40c9ee3b8c9f-1669634629e82910be-0","template--16652728959205__faef00c2-aece-4d88-9067-40c9ee3b8c9f-1669634629e82910be-1","template--16652728959205__faef00c2-aece-4d88-9067-40c9ee3b8c9f-1669634629e82910be-2"],"settings":{"container":"w-full","slideshow_height":"adapt","show_overlay":false,"dots_position":"bottom","dots_color":"dark","show_dots":true,"show_arrows":false,"autorotate":false,"autorotate_speed":5,"use_content_above":false,"custom_class":"flash-products-carnival"}},"6f689c80-c72f-49a8-b82a-73a0ef83fd8a":{"type":"slider","blocks":{"b75ea56f-d0af-4519-b0c1-893bbdb0cac0":{"type":"slider_item","settings":{"background":"shopify:\/\/shop_images\/2pixel-gap_84616326-f930-42cd-a989-c9858cbe01ba.png","mb_background":"shopify:\/\/shop_images\/5_4b5b944e-4eeb-4763-a8a3-521c69f63d30.jpg","image_alignment":"center","content_in_container":false,"content_position":"center middle","text_alignment":"center","text_size":"medium","text_color":"black","subheading":"","title":"","description":"","image_link":"","banner_name":"","banner_category":"","banner_offer":"","button_text":"","button_link":"","button_style":"sf__btn-primary","button_size":"","show_footer":false,"footer_alignment":"end","footer_text":"New Collection","footer_button":"Shop Now","footer_link":""}}},"block_order":["b75ea56f-d0af-4519-b0c1-893bbdb0cac0"],"settings":{"container":"w-full","slideshow_height":"adapt","show_overlay":false,"dots_position":"bottom","dots_color":"dark","show_dots":true,"show_arrows":false,"autorotate":false,"autorotate_speed":5,"use_content_above":false,"custom_class":"flash-products-carnival"}},"536445a3-ea9b-41ee-9353-20239c37e721":{"type":"slider","blocks":{"template--16660343029989__536445a3-ea9b-41ee-9353-20239c37e721-1670436120ab4c407f-0":{"type":"slider_item","settings":{"background":"shopify:\/\/shop_images\/2pixel-gap_84616326-f930-42cd-a989-c9858cbe01ba.png","mb_background":"shopify:\/\/shop_images\/6_aa3448f9-1346-4fc7-9721-bafeb7b12db2.jpg","image_alignment":"center","content_in_container":false,"content_position":"center middle","text_alignment":"center","text_size":"medium","text_color":"black","subheading":"","title":"","description":"","image_link":"","banner_name":"","banner_category":"","banner_offer":"","button_text":"","button_link":"","button_style":"sf__btn-primary","button_size":"","show_footer":false,"footer_alignment":"end","footer_text":"New Collection","footer_button":"Shop Now","footer_link":""}}},"block_order":["template--16660343029989__536445a3-ea9b-41ee-9353-20239c37e721-1670436120ab4c407f-0"],"settings":{"container":"w-full","slideshow_height":"adapt","show_overlay":false,"dots_position":"bottom","dots_color":"dark","show_dots":true,"show_arrows":false,"autorotate":false,"autorotate_speed":5,"use_content_above":false,"custom_class":"flash-products-carnival"}},"5b996158-82ea-4f7a-97f7-dc5ca40864b6":{"type":"slider","blocks":{"template--16660343029989__5b996158-82ea-4f7a-97f7-dc5ca40864b6-1670436120ab4c407f-0":{"type":"slider_item","settings":{"background":"shopify:\/\/shop_images\/2pixel-gap_84616326-f930-42cd-a989-c9858cbe01ba.png","mb_background":"shopify:\/\/shop_images\/7_22d6aa8c-c97e-44e5-b7e3-d6c14097a251.jpg","image_alignment":"center","content_in_container":false,"content_position":"center middle","text_alignment":"center","text_size":"medium","text_color":"black","subheading":"","title":"","description":"","image_link":"","banner_name":"","banner_category":"","banner_offer":"","button_text":"","button_link":"","button_style":"sf__btn-primary","button_size":"","show_footer":false,"footer_alignment":"end","footer_text":"New Collection","footer_button":"Shop Now","footer_link":""}}},"block_order":["template--16660343029989__5b996158-82ea-4f7a-97f7-dc5ca40864b6-1670436120ab4c407f-0"],"settings":{"container":"w-full","slideshow_height":"adapt","show_overlay":false,"dots_position":"bottom","dots_color":"dark","show_dots":true,"show_arrows":false,"autorotate":false,"autorotate_speed":5,"use_content_above":false,"custom_class":"flash-products-carnival"}},"0148fca6-92bb-4f49-a748-db91262d724a":{"type":"slider","blocks":{"template--16660343029989__0148fca6-92bb-4f49-a748-db91262d724a-1670436120ab4c407f-0":{"type":"slider_item","settings":{"background":"shopify:\/\/shop_images\/2pixel-gap_84616326-f930-42cd-a989-c9858cbe01ba.png","mb_background":"shopify:\/\/shop_images\/8.jpg","image_alignment":"center","content_in_container":false,"content_position":"center middle","text_alignment":"center","text_size":"medium","text_color":"black","subheading":"","title":"","description":"","image_link":"","banner_name":"","banner_category":"","banner_offer":"","button_text":"","button_link":"","button_style":"sf__btn-primary","button_size":"","show_footer":false,"footer_alignment":"end","footer_text":"New Collection","footer_button":"Shop Now","footer_link":""}}},"block_order":["template--16660343029989__0148fca6-92bb-4f49-a748-db91262d724a-1670436120ab4c407f-0"],"settings":{"container":"w-full","slideshow_height":"adapt","show_overlay":false,"dots_position":"bottom","dots_color":"dark","show_dots":true,"show_arrows":false,"autorotate":false,"autorotate_speed":5,"use_content_above":false,"custom_class":"flash-products-carnival"}},"a237286e-2374-40ae-93b6-ea267449beff":{"type":"slider","blocks":{"template--16660343029989__a237286e-2374-40ae-93b6-ea267449beff-1670436120ab4c407f-0":{"type":"slider_item","settings":{"background":"shopify:\/\/shop_images\/2pixel-gap_84616326-f930-42cd-a989-c9858cbe01ba.png","mb_background":"shopify:\/\/shop_images\/9.jpg","image_alignment":"center","content_in_container":false,"content_position":"center middle","text_alignment":"center","text_size":"medium","text_color":"black","subheading":"","title":"","description":"","image_link":"","banner_name":"","banner_category":"","banner_offer":"","button_text":"","button_link":"","button_style":"sf__btn-primary","button_size":"","show_footer":false,"footer_alignment":"end","footer_text":"New Collection","footer_button":"Shop Now","footer_link":""}}},"block_order":["template--16660343029989__a237286e-2374-40ae-93b6-ea267449beff-1670436120ab4c407f-0"],"settings":{"container":"w-full","slideshow_height":"adapt","show_overlay":false,"dots_position":"bottom","dots_color":"dark","show_dots":true,"show_arrows":false,"autorotate":false,"autorotate_speed":5,"use_content_above":false,"custom_class":"flash-products-carnival"}},"collection-header":{"type":"collection-page-header","disabled":true,"settings":{"container":"container","layout":"inside","header_height":"small","text_alignment":"center","vertical_alignment":"center","text_color":"dark","bg_color":"#ffffff","enable_parallax":false,"upper_title":false,"show_desc":false,"collection_all_desc":"<p><\/p>"}},"main":{"type":"main-collection-product-grid","disabled":true,"blocks":{"26ef6509-772d-4c44-bd90-efc089bd9355":{"type":"filter","settings":{"design_filtergroup":"button","title":"Size","filtergroup":"XS,S,M,L,XL","show_label":false,"use_accordion":false,"open_filtergroup":true}},"e12de6da-eab8-4abe-967c-06d0d959a18a":{"type":"filter","settings":{"design_filtergroup":"color","title":"Colors","filtergroup":"Blue, Red, White ,Black ,Pink ,Silver,Purple,Brown,Yellow,Grey,Green,Tan,Violet,Dark Grey,Beige,Light Blue, Dark Blue, Light Grey, Light Pink, Mint, Rose Gold, Night Blue, Copper, Coral, Rosy Brown","show_label":false,"use_accordion":false,"open_filtergroup":true}},"fa31a837-9c99-4c92-8cfe-0527ffbe7b15":{"type":"filter","settings":{"design_filtergroup":"default","title":"Prices","filtergroup":"$0-$50,$50-$100,$100-$150,$150-$200,$200-$300,$300-$400","show_label":false,"use_accordion":false,"open_filtergroup":true}},"4903963a-90f0-4fe1-be23-ee4f8749e483":{"type":"filter","settings":{"design_filtergroup":"inrow","title":"Brands","filtergroup":"Minimog,Retrolie,Abby,Brook,Learts,Vagabond","show_label":false,"use_accordion":false,"open_filtergroup":true}},"00b3badd-1613-4230-85d8-f87f04306aaa":{"type":"filter","settings":{"design_filtergroup":"inrow","title":"Tags","filtergroup":"Dress,Tops,Shirts,Fashion,Hats,Sandal,Belt,Bags,Snacker,Denim,Minimog,Vagabond,Sunglasses, Beachwear,Vintage","show_label":false,"use_accordion":true,"open_filtergroup":true}}},"block_order":["26ef6509-772d-4c44-bd90-efc089bd9355","e12de6da-eab8-4abe-967c-06d0d959a18a","fa31a837-9c99-4c92-8cfe-0527ffbe7b15","4903963a-90f0-4fe1-be23-ee4f8749e483","00b3badd-1613-4230-85d8-f87f04306aaa"],"settings":{"container":"container-fluid","grid_layout":"grid","grid_columns":"4","show_columns_switcher":true,"show_sorting":true,"show_filter":true,"filters_type":"tags_filter","sidebar":"leftColumn","sidebar_title":"Filters","limit_height_widget":false,"limit_height":300,"change_product_variant_on_fitlering":true,"pagination_limit":12,"paginate_type":"paginate"}},"recent-viewed":{"type":"recent-viewed-products","disabled":true,"settings":{"container":"container","heading":"Recently Viewed Products","limit":8,"columns":4,"column_gap":30,"enable_slider":true}},"5e5fc4ad-a507-4b87-9ee3-7532fd097315":{"type":"featured-collection","disabled":true,"settings":{"heading":"TRIBE Favourites","subheading":"","description":"","header_alignment":"center","container":"container-fluid","background_color":"rgba(0,0,0,0)","collection":"bestsellers","enable_flashsale":false,"show_countdown":false,"product_to_show":4,"items_per_row":4,"item_gap":30,"pcard_layout":"","pcard_image_ratio":"","show_vendor":false,"hide_title":false,"enable_slider":false,"show_pagination":false,"show_navigation":false,"button_type":"link","button_text":"","button_style":"sf__btn-primary","button_size":"","infinite_load":false,"max_page_load":3,"use_scroll_mobile":true,"item_gap_mobile":18,"custom_class":""}},"1747bdb2-ebbf-4cc7-ab7f-3ba951a8ee5c":{"type":"slider","blocks":{"template--16655961358565__1747bdb2-ebbf-4cc7-ab7f-3ba951a8ee5c-1669903324be1a9c9d-0":{"type":"slider_item","settings":{"background":"shopify:\/\/shop_images\/Vanity-Bag-Homepage-Banner-1920x650.jpg","mb_background":"shopify:\/\/shop_images\/Vanity-Bag-Homepage-Banner-1920x650.jpg","image_alignment":"center","content_in_container":false,"content_position":"center middle","text_alignment":"center","text_size":"medium","text_color":"black","subheading":"","title":"","description":"","image_link":"","banner_name":"","banner_category":"","banner_offer":"","button_text":"","button_link":"","button_style":"sf__btn-primary","button_size":"","show_footer":false,"footer_alignment":"end","footer_text":"","footer_button":"","footer_link":""}}},"block_order":["template--16655961358565__1747bdb2-ebbf-4cc7-ab7f-3ba951a8ee5c-1669903324be1a9c9d-0"],"settings":{"container":"w-full","slideshow_height":"adapt","show_overlay":false,"dots_position":"bottom","dots_color":"dark","show_dots":true,"show_arrows":false,"autorotate":false,"autorotate_speed":5,"use_content_above":false,"custom_class":"world-beauty-carnival"}},"505d047e-2be5-460b-9f80-5b965cb054e6":{"type":"slider","blocks":{"template--16655961358565__505d047e-2be5-460b-9f80-5b965cb054e6-1669903324be1a9c9d-2":{"type":"slider_item","settings":{"background":"shopify:\/\/shop_images\/Jute-Bag-Homepage-Banner-1920x650.jpg","mb_background":"shopify:\/\/shop_images\/Jute-Bag-Homepage-Banner-1920x650.jpg","image_alignment":"center","content_in_container":false,"content_position":"center middle","text_alignment":"center","text_size":"medium","text_color":"black","subheading":"","title":"","description":"","image_link":"","banner_name":"","banner_category":"","banner_offer":"","button_text":"","button_link":"","button_style":"sf__btn-primary","button_size":"","show_footer":false,"footer_alignment":"end","footer_text":"","footer_button":"","footer_link":""}}},"block_order":["template--16655961358565__505d047e-2be5-460b-9f80-5b965cb054e6-1669903324be1a9c9d-2"],"settings":{"container":"w-full","slideshow_height":"adapt","show_overlay":false,"dots_position":"bottom","dots_color":"dark","show_dots":true,"show_arrows":false,"autorotate":false,"autorotate_speed":5,"use_content_above":false,"custom_class":"world-beauty-carnival"}},"5867ca87-5a28-41d1-8b73-9f4e7a28ae37":{"type":"slider","blocks":{"template--16655961358565__5867ca87-5a28-41d1-8b73-9f4e7a28ae37-1669910289ff4a2cbf-0":{"type":"slider_item","settings":{"background":"shopify:\/\/shop_images\/Games-Desktop-Banner-1920x520.jpg","mb_background":"shopify:\/\/shop_images\/WhatsApp_Image_2022-12-01_at_21.38.14.jpg","image_alignment":"center","content_in_container":false,"content_position":"center middle","text_alignment":"center","text_size":"medium","text_color":"black","subheading":"","title":"","description":"","image_link":"","banner_name":"","banner_category":"","banner_offer":"","button_text":"","button_link":"","button_style":"sf__btn-primary","button_size":"","show_footer":false,"footer_alignment":"end","footer_text":"","footer_button":"","footer_link":""}},"template--16655961358565__5867ca87-5a28-41d1-8b73-9f4e7a28ae37-1669910289ff4a2cbf-1":{"type":"slider_item","disabled":true,"settings":{"image_alignment":"center","content_in_container":false,"content_position":"center middle","text_alignment":"center","text_size":"medium","text_color":"black","subheading":"","title":"New Collection","description":"<p>Tell your campaign through images<\/p>","image_link":"","banner_name":"","banner_category":"","banner_offer":"","button_text":"Shop now","button_link":"","button_style":"sf__btn-primary","button_size":"","show_footer":false,"footer_alignment":"end","footer_text":"New Collection","footer_button":"Shop Now","footer_link":""}},"template--16655961358565__5867ca87-5a28-41d1-8b73-9f4e7a28ae37-1669910289ff4a2cbf-2":{"type":"slider_item","disabled":true,"settings":{"image_alignment":"center","content_in_container":false,"content_position":"center middle","text_alignment":"center","text_size":"medium","text_color":"black","subheading":"","title":"New Collection","description":"<p>Tell your campaign through images<\/p>","image_link":"","banner_name":"","banner_category":"","banner_offer":"","button_text":"Shop now","button_link":"","button_style":"sf__btn-primary","button_size":"","show_footer":false,"footer_alignment":"end","footer_text":"New Collection","footer_button":"Shop Now","footer_link":""}}},"block_order":["template--16655961358565__5867ca87-5a28-41d1-8b73-9f4e7a28ae37-1669910289ff4a2cbf-0","template--16655961358565__5867ca87-5a28-41d1-8b73-9f4e7a28ae37-1669910289ff4a2cbf-1","template--16655961358565__5867ca87-5a28-41d1-8b73-9f4e7a28ae37-1669910289ff4a2cbf-2"],"settings":{"container":"w-full","slideshow_height":"adapt","show_overlay":false,"dots_position":"bottom","dots_color":"dark","show_dots":true,"show_arrows":false,"autorotate":false,"autorotate_speed":5,"use_content_above":false,"custom_class":"world-beauty-carnival"}},"3dda809c-73ac-446d-9d1d-9ea78f41e4ee":{"type":"slider","disabled":true,"blocks":{"template--16655961358565__3dda809c-73ac-446d-9d1d-9ea78f41e4ee-1669907890c65c734f-0":{"type":"slider_item","settings":{"background":"shopify:\/\/shop_images\/WhatsApp_Image_2022-12-01_at_20.38.34.jpg","mb_background":"shopify:\/\/shop_images\/WhatsApp_Image_2022-12-01_at_20.38.34.jpg","image_alignment":"center","content_in_container":false,"content_position":"center middle","text_alignment":"center","text_size":"medium","text_color":"black","subheading":"","title":"","description":"<p><\/p>","image_link":"","banner_name":"","banner_category":"","banner_offer":"","button_text":"","button_link":"","button_style":"sf__btn-primary","button_size":"","show_footer":false,"footer_alignment":"end","footer_text":"","footer_button":"","footer_link":""}}},"block_order":["template--16655961358565__3dda809c-73ac-446d-9d1d-9ea78f41e4ee-1669907890c65c734f-0"],"settings":{"container":"w-full","slideshow_height":"adapt","show_overlay":false,"dots_position":"bottom","dots_color":"dark","show_dots":true,"show_arrows":false,"autorotate":false,"autorotate_speed":5,"use_content_above":false,"custom_class":""}},"90015b8c-1e9b-411f-9c1d-db9085374bca":{"type":"slider","blocks":{"template--16655961358565__90015b8c-1e9b-411f-9c1d-db9085374bca-1669907890c65c734f-0":{"type":"slider_item","settings":{"background":"shopify:\/\/shop_images\/Mystery-Products-Homepage-Banner-1920x400.jpg","mb_background":"shopify:\/\/shop_images\/Mystery-Products-Homepage-Banner-1920x400.jpg","image_alignment":"center","content_in_container":false,"content_position":"center middle","text_alignment":"center","text_size":"medium","text_color":"black","subheading":"","title":"","description":"","image_link":"","banner_name":"","banner_category":"","banner_offer":"","button_text":"","button_link":"","button_style":"sf__btn-primary","button_size":"","show_footer":false,"footer_alignment":"end","footer_text":"","footer_button":"","footer_link":""}}},"block_order":["template--16655961358565__90015b8c-1e9b-411f-9c1d-db9085374bca-1669907890c65c734f-0"],"settings":{"container":"w-full","slideshow_height":"adapt","show_overlay":false,"dots_position":"bottom","dots_color":"dark","show_dots":true,"show_arrows":false,"autorotate":false,"autorotate_speed":5,"use_content_above":false,"custom_class":"world-beauty-carnival"}},"d1463fc1-5665-4e81-a115-4d47125764fe":{"type":"slider","blocks":{"template--16655961358565__d1463fc1-5665-4e81-a115-4d47125764fe-1669910289ff4a2cbf-0":{"type":"slider_item","settings":{"background":"shopify:\/\/shop_images\/3_feb741c8-954c-4170-8c88-adcf5f8f227c.jpg","mb_background":"shopify:\/\/shop_images\/3_feb741c8-954c-4170-8c88-adcf5f8f227c.jpg","image_alignment":"center","content_in_container":true,"content_position":"center bottom","text_alignment":"center","text_size":"medium","text_color":"black","subheading":"","title":"","description":"","image_link":"","banner_name":"","banner_category":"","banner_offer":"","button_text":"","button_link":"","button_style":"sf__btn-secondary","button_size":"","show_footer":false,"footer_alignment":"end","footer_text":"","footer_button":"","footer_link":""}},"template--16655961358565__d1463fc1-5665-4e81-a115-4d47125764fe-1669910289ff4a2cbf-1":{"type":"slider_item","disabled":true,"settings":{"image_alignment":"center","content_in_container":false,"content_position":"center middle","text_alignment":"center","text_size":"medium","text_color":"black","subheading":"","title":"New Collection","description":"<p>Tell your campaign through images<\/p>","image_link":"","banner_name":"","banner_category":"","banner_offer":"","button_text":"Shop now","button_link":"","button_style":"sf__btn-primary","button_size":"","show_footer":false,"footer_alignment":"end","footer_text":"New Collection","footer_button":"Shop Now","footer_link":""}},"template--16655961358565__d1463fc1-5665-4e81-a115-4d47125764fe-1669910289ff4a2cbf-2":{"type":"slider_item","disabled":true,"settings":{"image_alignment":"center","content_in_container":false,"content_position":"center middle","text_alignment":"center","text_size":"medium","text_color":"black","subheading":"","title":"New Collection","description":"<p>Tell your campaign through images<\/p>","image_link":"","banner_name":"","banner_category":"","banner_offer":"","button_text":"Shop now","button_link":"","button_style":"sf__btn-primary","button_size":"","show_footer":false,"footer_alignment":"end","footer_text":"New Collection","footer_button":"Shop Now","footer_link":""}}},"block_order":["template--16655961358565__d1463fc1-5665-4e81-a115-4d47125764fe-1669910289ff4a2cbf-0","template--16655961358565__d1463fc1-5665-4e81-a115-4d47125764fe-1669910289ff4a2cbf-1","template--16655961358565__d1463fc1-5665-4e81-a115-4d47125764fe-1669910289ff4a2cbf-2"],"settings":{"container":"w-full","slideshow_height":"adapt","show_overlay":false,"dots_position":"bottom","dots_color":"dark","show_dots":true,"show_arrows":false,"autorotate":false,"autorotate_speed":5,"use_content_above":false,"custom_class":"world-beauty-carnival"}},"695eda4e-5c39-4659-9737-984383f83a50":{"type":"custom-liquid","settings":{"custom_liquid":"<a href=http:\/\/bit.ly\/3H5DfH5><button style=\"background-color: #ffc105; width: 100%;  border: 0px; padding-right: 30px; padding-left: 30px; padding-top: 15px; padding-bottom: 15px; font-family: Montserrat; align-content: center;\" type=\"button\"><strong>SHARE WITH YOUR FRIENDS<\/strong><\/button><\/a>","custom_class":""}},"23bbc8f3-e1ea-49d9-aa0b-82f22c05b7f1":{"type":"countdown-timer","settings":{"container":"container-fluid","section_height":"medium","align":"center","background_color":"#ffffff","heading":"","time":"2022-12-15 00:00:00","button_label":"","button_link":"https:\/\/bit.ly\/3EQZxcR","button_style":"sf__btn-secondary","button_size":"sf__btn-large","custom_class":""}},"9d20e711-5009-425d-acd6-25e0b12a33fc":{"type":"custom-liquid","disabled":true,"settings":{"custom_liquid":"","custom_class":""}},"eb0477b3-16c8-467f-a992-500e0bdd985e":{"type":"newsletter","settings":{"container":"w-full","background_color":"","form_layout":"vertical","form_design":"1","heading":"Set a Reminder for ₹1 Flash Sale","description":"<p><\/p>","email_placeholder":"Enter your email","submit_button":"Set a Reminder","text_color":"black","show_icon":true,"icon_img_width":"30","show_agreement":false}}},"order":["f4a70583-2a61-4855-9849-20a6d4d5108e","5d6e7b86-ac97-42d1-963a-d9590773bdcd","d80a1894-25ba-4d76-bb25-e8b655129917","01a1fdfa-9eca-42a0-998b-bf8cfa1d9b0f","b896fab9-c80e-4197-85f0-30ceb7d93010","faef00c2-aece-4d88-9067-40c9ee3b8c9f","6f689c80-c72f-49a8-b82a-73a0ef83fd8a","536445a3-ea9b-41ee-9353-20239c37e721","5b996158-82ea-4f7a-97f7-dc5ca40864b6","0148fca6-92bb-4f49-a748-db91262d724a","a237286e-2374-40ae-93b6-ea267449beff","collection-header","main","recent-viewed","5e5fc4ad-a507-4b87-9ee3-7532fd097315","1747bdb2-ebbf-4cc7-ab7f-3ba951a8ee5c","505d047e-2be5-460b-9f80-5b965cb054e6","5867ca87-5a28-41d1-8b73-9f4e7a28ae37","3dda809c-73ac-446d-9d1d-9ea78f41e4ee","90015b8c-1e9b-411f-9c1d-db9085374bca","d1463fc1-5665-4e81-a115-4d47125764fe","695eda4e-5c39-4659-9737-984383f83a50","23bbc8f3-e1ea-49d9-aa0b-82f22c05b7f1","9d20e711-5009-425d-acd6-25e0b12a33fc","eb0477b3-16c8-467f-a992-500e0bdd985e"]}