{"sections":{"165855873237a6cae2":{"type":"countdown-timer","settings":{"container":"container","section_height":"small","align":"center","background_color":"#ffffff","heading":"Flash Sale Starts In","time":"2022-12-18 20:00:00","button_label":"","button_link":"","button_style":"sf__btn-primary","button_size":"","custom_class":"flash-sale-timer"}},"16616102262b0b752a":{"type":"custom-content","blocks":{"1661610226ee45e02c-0":{"type":"text","settings":{"title":"Price drop on all Flash Sale Products on 18th December at sharp 8PM!","subheading":"","text":"<p><strong>Maximum 2 Flash Products and 1 unit of each Flash Product per order.<\/strong><\/p><p>COD orders not allowed at the time of Flash Sale.<\/p><p><\/p>","width":"100%","alignment":"center","align_text":"center","text_size":"medium","text_color":"black","button_label":"","button_link":"","button_style":"sf__btn-primary","button_size":"","block_custom_class":""}}},"block_order":["1661610226ee45e02c-0"],"settings":{"heading":"","subheading":"","description":"","header_alignment":"center","container":"container-fluid","background_color":"","gap":30,"use_scroll_mobile":false,"gap_mobile":16,"custom_class":""}},"collection-header":{"type":"collection-page-header","disabled":true,"blocks":{"46b649f9-25d7-45c0-b892-cca49e09998f":{"type":"banner","settings":{"collection":"","image":"{{ block.settings.collection.image }}"}}},"block_order":["46b649f9-25d7-45c0-b892-cca49e09998f"],"settings":{"container":"container","layout":"without_breadcrumb","header_height":"adapt","text_alignment":"center","vertical_alignment":"center","text_color":"dark","bg_color":"#ffffff","enable_parallax":false,"upper_title":false,"show_desc":false,"collection_all_desc":""}},"1651751333f62ca8e2":{"type":"slider","disabled":true,"blocks":{"165175133344c01248-1":{"type":"slider_item","settings":{"background":"shopify:\/\/shop_images\/Rs-99-Flash-Sale-Category-Banner-1920x440_1.jpg","mb_background":"shopify:\/\/shop_images\/Rs-99-Flash-Sale-Category-Banner-1920x440_1.jpg","image_alignment":"center","content_in_container":true,"content_position":"center middle","text_alignment":"center","text_size":"medium","text_color":"black","subheading":"","title":"","description":"","image_link":"","banner_name":"","banner_category":"","banner_offer":"","button_text":"","button_link":"","button_style":"sf__btn-primary","button_size":"","show_footer":false,"footer_alignment":"end","footer_text":"New Collection","footer_button":"Shop Now","footer_link":""}}},"block_order":["165175133344c01248-1"],"settings":{"container":"w-full","slideshow_height":"adapt","show_overlay":false,"dots_position":"bottom","dots_color":"dark","show_dots":true,"show_arrows":false,"autorotate":false,"autorotate_speed":5,"use_content_above":false,"custom_class":""}},"393b2efd-dc74-4ed4-882d-8077719b20a1":{"type":"featured-collection","settings":{"heading":"","subheading":"","description":"","header_alignment":"center","container":"container-fluid","background_color":"rgba(0,0,0,0)","collection":"499-flash-sale","enable_flashsale":false,"show_countdown":false,"product_to_show":8,"items_per_row":4,"item_gap":30,"pcard_layout":"","pcard_image_ratio":"3\/4","show_vendor":false,"hide_title":false,"enable_slider":false,"show_pagination":false,"show_navigation":false,"button_type":"link","button_text":"","button_style":"sf__btn-primary","button_size":"","infinite_load":false,"max_page_load":3,"use_scroll_mobile":false,"item_gap_mobile":16,"custom_class":""}},"a57042d2-dca5-4028-a837-5bb1dcac9ff9":{"type":"slider","disabled":true,"blocks":{"template--16401791516901__a57042d2-dca5-4028-a837-5bb1dcac9ff9-16670452622332bf9b-0":{"type":"slider_item","settings":{"background":"shopify:\/\/shop_images\/Flash-Sale-Info.jpg","mb_background":"shopify:\/\/shop_images\/Flash-Sale-Info.jpg","image_alignment":"center","content_in_container":false,"content_position":"center middle","text_alignment":"center","text_size":"medium","text_color":"black","subheading":"","title":"","description":"","image_link":"","banner_name":"","banner_category":"","banner_offer":"","button_text":"","button_link":"","button_style":"sf__btn-primary","button_size":"","show_footer":false,"footer_alignment":"end","footer_text":"New Collection","footer_button":"Shop Now","footer_link":""}}},"block_order":["template--16401791516901__a57042d2-dca5-4028-a837-5bb1dcac9ff9-16670452622332bf9b-0"],"settings":{"container":"w-full","slideshow_height":"adapt","show_overlay":false,"dots_position":"bottom","dots_color":"dark","show_dots":true,"show_arrows":false,"autorotate":false,"autorotate_speed":5,"use_content_above":false,"custom_class":""}},"main":{"type":"main-collection-product-grid","disabled":true,"blocks":{"26ef6509-772d-4c44-bd90-efc089bd9355":{"type":"filter","disabled":true,"settings":{"design_filtergroup":"button","title":"Size","filtergroup":"XS,S,M,L,XL","show_label":false,"use_accordion":false,"open_filtergroup":true}},"e12de6da-eab8-4abe-967c-06d0d959a18a":{"type":"filter","disabled":true,"settings":{"design_filtergroup":"color","title":"Colors","filtergroup":"Blue, Red, White ,Black ,Pink ,Silver,Purple,Brown,Yellow,Grey,Green,Tan,Violet,Dark Grey,Beige,Light Blue, Dark Blue, Light Grey, Light Pink, Mint, Rose Gold, Night Blue, Copper, Coral, Rosy Brown","show_label":false,"use_accordion":false,"open_filtergroup":true}},"fa31a837-9c99-4c92-8cfe-0527ffbe7b15":{"type":"filter","settings":{"design_filtergroup":"default","title":"Prices","filtergroup":"$0-$50,$50-$100,$100-$150,$150-$200,$200-$300,$300-$400","show_label":false,"use_accordion":true,"open_filtergroup":true}},"4903963a-90f0-4fe1-be23-ee4f8749e483":{"type":"filter","settings":{"design_filtergroup":"inrow","title":"Brands","filtergroup":"Secrets of Jeju, Secrets of Vino, Secrets of Spain","show_label":false,"use_accordion":false,"open_filtergroup":true}},"00b3badd-1613-4230-85d8-f87f04306aaa":{"type":"filter","settings":{"design_filtergroup":"inrow","title":"Tags","filtergroup":"Dress,Tops,Shirts,Fashion,Hats,Sandal,Belt,Bags,Snacker,Denim,Minimog,Vagabond,Sunglasses, Beachwear,Vintage","show_label":false,"use_accordion":true,"open_filtergroup":true}}},"block_order":["26ef6509-772d-4c44-bd90-efc089bd9355","e12de6da-eab8-4abe-967c-06d0d959a18a","fa31a837-9c99-4c92-8cfe-0527ffbe7b15","4903963a-90f0-4fe1-be23-ee4f8749e483","00b3badd-1613-4230-85d8-f87f04306aaa"],"settings":{"container":"container","grid_layout":"grid","grid_columns":"5","show_columns_switcher":false,"show_sorting":true,"show_filter":true,"filters_type":"storefront_filters","sidebar":"fixed","sidebar_title":"Filters","limit_height_widget":false,"limit_height":300,"change_product_variant_on_fitlering":true,"pagination_limit":8,"paginate_type":"infinite"}},"1664357427abdafebe":{"type":"slider","disabled":true,"blocks":{"16643574266bf1d9c3-0":{"type":"slider_item","settings":{"background":"shopify:\/\/shop_images\/Super-Saver-Sale-B1G1-FREE-Homepage-Banner-1920x520_c1b38ccf-46ac-4867-b275-d305897b8102.jpg","mb_background":"shopify:\/\/shop_images\/Super-Saver-Sale-B1G1-FREE-Homepage-Banner-1920x520_c1b38ccf-46ac-4867-b275-d305897b8102.jpg","image_alignment":"center","content_in_container":false,"content_position":"center middle","text_alignment":"center","text_size":"medium","text_color":"black","subheading":"","title":"","description":"","image_link":"https:\/\/discoverpilgrim.com","banner_name":"","banner_category":"","banner_offer":"","button_text":"","button_link":"","button_style":"sf__btn-primary","button_size":"","show_footer":false,"footer_alignment":"end","footer_text":"New Collection","footer_button":"Shop Now","footer_link":""}}},"block_order":["16643574266bf1d9c3-0"],"settings":{"container":"w-full","slideshow_height":"adapt","show_overlay":false,"dots_position":"bottom","dots_color":"dark","show_dots":true,"show_arrows":false,"autorotate":false,"autorotate_speed":5,"use_content_above":false,"custom_class":""}},"recent-viewed":{"type":"recent-viewed-products","disabled":true,"settings":{"container":"container","heading":"Recently Viewed Products","limit":8,"columns":4,"column_gap":0,"enable_slider":true}},"16517533909dd52bd2":{"type":"slider","blocks":{"1651753390f7b2ed6c-2":{"type":"slider_item","settings":{"background":"shopify:\/\/shop_images\/Free-Delivery-Strip-1920px_1_0fa19fb9-852e-4e02-97bd-62ed85872a06.jpg","mb_background":"shopify:\/\/shop_images\/mobileBanner_f935c9d5-01e0-4524-93ff-74a4ea61fc06.png","image_alignment":"center","content_in_container":false,"content_position":"center middle","text_alignment":"center","text_size":"medium","text_color":"black","subheading":"","title":"","description":"","image_link":"","banner_name":"","banner_category":"","banner_offer":"","button_text":"","button_link":"","button_style":"sf__btn-primary","button_size":"","show_footer":false,"footer_alignment":"end","footer_text":"New Collection","footer_button":"Shop Now","footer_link":""}}},"block_order":["1651753390f7b2ed6c-2"],"settings":{"container":"w-full","slideshow_height":"adapt","show_overlay":false,"dots_position":"bottom","dots_color":"dark","show_dots":true,"show_arrows":false,"autorotate":false,"autorotate_speed":5,"use_content_above":false,"custom_class":""}}},"order":["165855873237a6cae2","16616102262b0b752a","collection-header","1651751333f62ca8e2","393b2efd-dc74-4ed4-882d-8077719b20a1","a57042d2-dca5-4028-a837-5bb1dcac9ff9","main","1664357427abdafebe","recent-viewed","16517533909dd52bd2"]}