{"sections":{"main":{"type":"page","disabled":true,"settings":{}},"2b38e7a8-e779-4b13-9f2a-12fd6c5f35d9":{"type":"slider","blocks":{"template--16604901540069__2b38e7a8-e779-4b13-9f2a-12fd6c5f35d9-1665556460b662381b-0":{"type":"slider_item","settings":{"background":"shopify:\/\/shop_images\/Affiliate-Web-Page-1920px_01.jpg","mb_background":"shopify:\/\/shop_images\/Affiliate-Web-Page-1080px_02.jpg","image_alignment":"center","content_in_container":false,"content_position":"center middle","text_alignment":"center","text_size":"medium","text_color":"black","subheading":"","title":"","description":"","image_link":"","banner_name":"","banner_category":"","banner_offer":"","button_text":"","button_link":"","button_style":"sf__btn-primary","button_size":"","show_footer":false,"footer_alignment":"end","footer_text":"New Collection","footer_button":"","footer_link":""}}},"block_order":["template--16604901540069__2b38e7a8-e779-4b13-9f2a-12fd6c5f35d9-1665556460b662381b-0"],"settings":{"container":"w-full","slideshow_height":"adapt","show_overlay":false,"dots_position":"bottom","dots_color":"dark","show_dots":true,"show_arrows":false,"autorotate":false,"autorotate_speed":5,"use_content_above":false,"custom_class":""}},"9c7c1f3f-538d-4434-af41-98c4fa9a00ac":{"type":"slider","blocks":{"template--16604901540069__9c7c1f3f-538d-4434-af41-98c4fa9a00ac-16655567716fbdd105-0":{"type":"slider_item","settings":{"background":"shopify:\/\/shop_images\/Affiliate-Web-Page-1920px_02.jpg","mb_background":"shopify:\/\/shop_images\/Affiliate-Web-Page-1080px_03.jpg","image_alignment":"center","content_in_container":false,"content_position":"center middle","text_alignment":"center","text_size":"medium","text_color":"black","subheading":"","title":"","description":"","image_link":"https:\/\/affiliate.discoverpilgrim.com\/create-account","banner_name":"","banner_category":"","banner_offer":"","button_text":"","button_link":"","button_style":"sf__btn-primary","button_size":"","show_footer":false,"footer_alignment":"end","footer_text":"New Collection","footer_button":"","footer_link":""}}},"block_order":["template--16604901540069__9c7c1f3f-538d-4434-af41-98c4fa9a00ac-16655567716fbdd105-0"],"settings":{"container":"w-full","slideshow_height":"adapt","show_overlay":false,"dots_position":"bottom","dots_color":"dark","show_dots":true,"show_arrows":false,"autorotate":false,"autorotate_speed":5,"use_content_above":false,"custom_class":""}},"6fe37989-d5ba-48a8-988c-1825502841ae":{"type":"slider","blocks":{"template--16604901540069__6fe37989-d5ba-48a8-988c-1825502841ae-1665556943101def50-0":{"type":"slider_item","settings":{"background":"shopify:\/\/shop_images\/Affiliate-Web-Page-1920px_03.jpg","mb_background":"shopify:\/\/shop_images\/Affiliate-Web-Page-1080px_04.jpg","image_alignment":"center","content_in_container":false,"content_position":"center middle","text_alignment":"center","text_size":"medium","text_color":"black","subheading":"","title":"","description":"","image_link":"","banner_name":"","banner_category":"","banner_offer":"","button_text":"","button_link":"","button_style":"sf__btn-primary","button_size":"","show_footer":false,"footer_alignment":"end","footer_text":"New Collection","footer_button":"","footer_link":""}}},"block_order":["template--16604901540069__6fe37989-d5ba-48a8-988c-1825502841ae-1665556943101def50-0"],"settings":{"container":"w-full","slideshow_height":"adapt","show_overlay":false,"dots_position":"bottom","dots_color":"dark","show_dots":true,"show_arrows":false,"autorotate":false,"autorotate_speed":5,"use_content_above":false,"custom_class":""}},"80ad0510-fd06-4c4b-88bd-33a5236645bb":{"type":"slider","blocks":{"template--16604901540069__80ad0510-fd06-4c4b-88bd-33a5236645bb-1665556943101def50-0":{"type":"slider_item","settings":{"background":"shopify:\/\/shop_images\/Affiliate-Web-Page-1920px_04.jpg","mb_background":"shopify:\/\/shop_images\/Affiliate-Web-Page-1080px_05.jpg","image_alignment":"center","content_in_container":false,"content_position":"center middle","text_alignment":"center","text_size":"medium","text_color":"black","subheading":"","title":"","description":"","image_link":"","banner_name":"","banner_category":"","banner_offer":"","button_text":"","button_link":"","button_style":"sf__btn-primary","button_size":"","show_footer":false,"footer_alignment":"end","footer_text":"","footer_button":"","footer_link":""}}},"block_order":["template--16604901540069__80ad0510-fd06-4c4b-88bd-33a5236645bb-1665556943101def50-0"],"settings":{"container":"w-full","slideshow_height":"adapt","show_overlay":false,"dots_position":"bottom","dots_color":"dark","show_dots":true,"show_arrows":false,"autorotate":false,"autorotate_speed":5,"use_content_above":false,"custom_class":""}},"2091a303-9040-41f4-ad39-9dc18d2172e0":{"type":"slider","blocks":{"template--16604901540069__2091a303-9040-41f4-ad39-9dc18d2172e0-1665556943101def50-0":{"type":"slider_item","settings":{"background":"shopify:\/\/shop_images\/Affiliate-Web-Page-1920px_05.jpg","mb_background":"shopify:\/\/shop_images\/Affiliate-Web-Page-1080px_06.jpg","image_alignment":"center","content_in_container":false,"content_position":"center middle","text_alignment":"center","text_size":"medium","text_color":"black","subheading":"","title":"","description":"","image_link":"","banner_name":"","banner_category":"","banner_offer":"","button_text":"","button_link":"","button_style":"sf__btn-primary","button_size":"","show_footer":false,"footer_alignment":"end","footer_text":"","footer_button":"","footer_link":""}}},"block_order":["template--16604901540069__2091a303-9040-41f4-ad39-9dc18d2172e0-1665556943101def50-0"],"settings":{"container":"w-full","slideshow_height":"adapt","show_overlay":false,"dots_position":"bottom","dots_color":"dark","show_dots":true,"show_arrows":false,"autorotate":false,"autorotate_speed":5,"use_content_above":false,"custom_class":""}},"6076e24b-089b-44a2-b8ac-2e7e57bd88e2":{"type":"slider","blocks":{"template--16604901540069__6076e24b-089b-44a2-b8ac-2e7e57bd88e2-1665557091a5b9949a-0":{"type":"slider_item","settings":{"background":"shopify:\/\/shop_images\/Affiliate-Web-Page-1920px_06.jpg","mb_background":"shopify:\/\/shop_images\/Affiliate-Web-Page-1080px_07.jpg","image_alignment":"center","content_in_container":false,"content_position":"center middle","text_alignment":"center","text_size":"medium","text_color":"black","subheading":"","title":"","description":"","image_link":"","banner_name":"","banner_category":"","banner_offer":"","button_text":"","button_link":"","button_style":"sf__btn-primary","button_size":"","show_footer":false,"footer_alignment":"end","footer_text":"","footer_button":"","footer_link":""}}},"block_order":["template--16604901540069__6076e24b-089b-44a2-b8ac-2e7e57bd88e2-1665557091a5b9949a-0"],"settings":{"container":"w-full","slideshow_height":"adapt","show_overlay":false,"dots_position":"bottom","dots_color":"dark","show_dots":true,"show_arrows":false,"autorotate":false,"autorotate_speed":5,"use_content_above":false,"custom_class":""}},"47243de8-f0b3-4072-84b0-aac9b33db2b4":{"type":"slider","blocks":{"template--16604901540069__47243de8-f0b3-4072-84b0-aac9b33db2b4-1665557091a5b9949a-0":{"type":"slider_item","settings":{"background":"shopify:\/\/shop_images\/Affiliate-Web-Page-1920px_07.jpg","mb_background":"shopify:\/\/shop_images\/Affiliate-Web-Page-1080px_08.jpg","image_alignment":"center","content_in_container":false,"content_position":"center middle","text_alignment":"center","text_size":"medium","text_color":"black","subheading":"","title":"","description":"","image_link":"https:\/\/affiliate.discoverpilgrim.com\/create-account","banner_name":"","banner_category":"","banner_offer":"","button_text":"","button_link":"","button_style":"sf__btn-primary","button_size":"","show_footer":false,"footer_alignment":"end","footer_text":"","footer_button":"","footer_link":""}}},"block_order":["template--16604901540069__47243de8-f0b3-4072-84b0-aac9b33db2b4-1665557091a5b9949a-0"],"settings":{"container":"w-full","slideshow_height":"adapt","show_overlay":false,"dots_position":"bottom","dots_color":"dark","show_dots":true,"show_arrows":false,"autorotate":false,"autorotate_speed":5,"use_content_above":false,"custom_class":""}},"59464da8-7d2d-4b0d-a007-e19f25214d30":{"type":"slider","blocks":{"template--16604901540069__59464da8-7d2d-4b0d-a007-e19f25214d30-1665557091a5b9949a-0":{"type":"slider_item","settings":{"background":"shopify:\/\/shop_images\/Affiliate-Web-Page-1920px_08.jpg","mb_background":"shopify:\/\/shop_images\/Affiliate-Web-Page-1080px_09.jpg","image_alignment":"center","content_in_container":false,"content_position":"center middle","text_alignment":"center","text_size":"medium","text_color":"black","subheading":"","title":"","description":"","image_link":"","banner_name":"","banner_category":"","banner_offer":"","button_text":"","button_link":"","button_style":"sf__btn-primary","button_size":"","show_footer":false,"footer_alignment":"end","footer_text":"","footer_button":"","footer_link":""}}},"block_order":["template--16604901540069__59464da8-7d2d-4b0d-a007-e19f25214d30-1665557091a5b9949a-0"],"settings":{"container":"w-full","slideshow_height":"adapt","show_overlay":false,"dots_position":"bottom","dots_color":"dark","show_dots":true,"show_arrows":false,"autorotate":false,"autorotate_speed":5,"use_content_above":false,"custom_class":""}},"fc96da5d-2b69-4997-8113-cfc8c4e3b6d7":{"type":"slider","blocks":{"template--16604901540069__fc96da5d-2b69-4997-8113-cfc8c4e3b6d7-1665557091a5b9949a-0":{"type":"slider_item","disabled":true,"settings":{"background":"shopify:\/\/shop_images\/Affiliate-Web-Page-1920px_09.jpg","mb_background":"shopify:\/\/shop_images\/Affiliate-Web-Page-1080px_10.jpg","image_alignment":"center","content_in_container":false,"content_position":"center middle","text_alignment":"center","text_size":"medium","text_color":"black","subheading":"","title":"","description":"","image_link":"","banner_name":"","banner_category":"","banner_offer":"","button_text":"","button_link":"","button_style":"sf__btn-primary","button_size":"","show_footer":false,"footer_alignment":"end","footer_text":"","footer_button":"","footer_link":""}}},"block_order":["template--16604901540069__fc96da5d-2b69-4997-8113-cfc8c4e3b6d7-1665557091a5b9949a-0"],"settings":{"container":"w-full","slideshow_height":"adapt","show_overlay":false,"dots_position":"bottom","dots_color":"dark","show_dots":true,"show_arrows":false,"autorotate":false,"autorotate_speed":5,"use_content_above":false,"custom_class":""}},"b962e915-be9c-4493-82ff-4fdf5d56103f":{"type":"custom-content","blocks":{"2638f1ec-92c5-423f-9374-32f0d333224f":{"type":"text","disabled":true,"settings":{"title":"","subheading":"","text":"","width":"25%","alignment":"start","align_text":"left","text_size":"medium","text_color":"black","button_label":"Terms & Conditions","button_link":"","button_style":"sf__btn-secondary","button_size":"sf__btn-small","block_custom_class":""}},"template--16604901540069__b962e915-be9c-4493-82ff-4fdf5d56103f-1666088690794d980e-0":{"type":"text","disabled":true,"settings":{"title":"","subheading":"","text":"","width":"16%","alignment":"center","align_text":"right","text_size":"medium","text_color":"black","button_label":"FAQs","button_link":"","button_style":"sf__btn-secondary","button_size":"sf__btn-small","block_custom_class":""}},"8fe2cb73-cdd4-49c6-a4e9-a1e38f200495":{"type":"image","settings":{"image":"shopify:\/\/shop_images\/FAQs.png","link":"https:\/\/discoverpilgrim.com\/pages\/affiliate-program-faqs#faqs","width":"25%","alignment":"center","block_custom_class":""}},"9ea8ebfb-b035-40e9-812c-c98fce332593":{"type":"image","settings":{"image":"shopify:\/\/shop_images\/T_C.png","link":"https:\/\/discoverpilgrim.com\/pages\/affiliate-program-faqs#tnc","width":"25%","alignment":"center","block_custom_class":""}}},"block_order":["2638f1ec-92c5-423f-9374-32f0d333224f","template--16604901540069__b962e915-be9c-4493-82ff-4fdf5d56103f-1666088690794d980e-0","8fe2cb73-cdd4-49c6-a4e9-a1e38f200495","9ea8ebfb-b035-40e9-812c-c98fce332593"],"settings":{"heading":"","subheading":"","description":"","header_alignment":"center","container":"container-fluid","background_color":"","gap":30,"use_scroll_mobile":false,"gap_mobile":16,"custom_class":""}}},"order":["main","2b38e7a8-e779-4b13-9f2a-12fd6c5f35d9","9c7c1f3f-538d-4434-af41-98c4fa9a00ac","6fe37989-d5ba-48a8-988c-1825502841ae","80ad0510-fd06-4c4b-88bd-33a5236645bb","2091a303-9040-41f4-ad39-9dc18d2172e0","6076e24b-089b-44a2-b8ac-2e7e57bd88e2","47243de8-f0b3-4072-84b0-aac9b33db2b4","59464da8-7d2d-4b0d-a007-e19f25214d30","fc96da5d-2b69-4997-8113-cfc8c4e3b6d7","b962e915-be9c-4493-82ff-4fdf5d56103f"]}