{"sections":{"main":{"type":"blog-template","disabled":true,"blocks":{"d3edb8bc-04ea-4ca1-90c7-408677484928":{"type":"categories","settings":{"title":"Categories","list_blog":""}},"261dcbb3-347b-4fc0-bdb9-897faf531886":{"type":"recent_post","settings":{"title":"Recent Post","sidebar_recent_blog_name":"mix-and-match","sidebar_recent_blog_count":"3","blog_show_tags":false,"blog_show_author":false,"blog_show_date":false,"show_excerpt":false,"truncate":"15"}},"c1f05653-bae3-4ede-96e8-9b0c3b4d2d9a":{"type":"tags","settings":{"title":"Tags"}},"64549c91-0da7-4040-9536-59e15e91e6d5":{"type":"instagram","settings":{"title":"Instagram","images_count":6}}},"block_order":["d3edb8bc-04ea-4ca1-90c7-408677484928","261dcbb3-347b-4fc0-bdb9-897faf531886","c1f05653-bae3-4ede-96e8-9b0c3b4d2d9a","64549c91-0da7-4040-9536-59e15e91e6d5"],"settings":{"container":"container-fluid","show_sidebar":true,"layout":"right_column","view":"grid","blog_list":12,"show_item_per_row":4}},"86e39567-f680-459e-ade1-264b8e99bf64":{"type":"custom-content","blocks":{"template--16729128665317__86e39567-f680-459e-ade1-264b8e99bf64-16878593023c417c06-0":{"type":"text","settings":{"title":"Talk about your brand","subheading":"","text":"<p>Use this text to share information about your brand with your customers. Describe a product, share announcements, or welcome customers to your store.<\/p>","width":"50%","alignment":"center","align_text":"left","text_size":"medium","text_color":"black","button_label":"","button_link":"","button_style":"sf__btn-primary","button_size":"","block_custom_class":""}},"template--16729128665317__86e39567-f680-459e-ade1-264b8e99bf64-16878593023c417c06-1":{"type":"image","disabled":true,"settings":{"link":"","width":"50%","alignment":"center","block_custom_class":""}}},"block_order":["template--16729128665317__86e39567-f680-459e-ade1-264b8e99bf64-16878593023c417c06-0","template--16729128665317__86e39567-f680-459e-ade1-264b8e99bf64-16878593023c417c06-1"],"settings":{"heading":"Custom content","subheading":"","description":"","header_alignment":"center","container":"container-fluid","background_color":"","gap":30,"use_scroll_mobile":false,"gap_mobile":16,"custom_class":""}}},"order":["main","86e39567-f680-459e-ade1-264b8e99bf64"]}