{"sections":{"bd2571a2-f2c0-4092-afa8-e5b35f1151ed":{"type":"slider","blocks":{"bebd3ea9-49f7-46ee-b0fa-bde0de416d69":{"type":"slider_item","disabled":true,"settings":{"background":"shopify:\/\/shop_images\/B1G1-FREE-24-Hours-Only-Homepage-Banner-1920x520_d8d8e5ed-8136-4881-92ce-91294df80209.jpg","mb_background":"shopify:\/\/shop_images\/B1G1-FREE-24-Hours-Only-Homepage-Banner-800x1000_e1a255d2-bdfa-4906-a836-7e5d1d36a9ea.jpg","image_alignment":"center","content_in_container":false,"content_position":"center middle","text_alignment":"center","text_size":"medium","text_color":"black","subheading":"","title":"","description":"","image_link":"shopify:\/\/collections\/all-products","banner_name":"","banner_category":"","banner_offer":"","button_text":"","button_link":"","button_style":"sf__btn-primary","button_size":"","show_footer":false,"footer_alignment":"end","footer_text":"","footer_button":"","footer_link":""}},"54d0aa4b-fa52-43f5-a0cd-51b25745521c":{"type":"slider_item","disabled":true,"settings":{"background":"shopify:\/\/shop_images\/EDP-DT-Final.png","mb_background":"shopify:\/\/shop_images\/EDP-Final.png","image_alignment":"center","content_in_container":false,"content_position":"center middle","text_alignment":"center","text_size":"medium","text_color":"black","subheading":"","title":"","description":"","image_link":"shopify:\/\/collections\/perfumes","banner_name":"","banner_category":"","banner_offer":"","button_text":"","button_link":"","button_style":"sf__btn-primary","button_size":"","show_footer":false,"footer_alignment":"end","footer_text":"New Collection","footer_button":"Shop Now","footer_link":""}},"7938e9bc-a137-4a89-9259-76d0faa2040f":{"type":"slider_item","settings":{"background":"shopify:\/\/shop_images\/yame_banner_1920x520_ef8012ef-9dad-487a-a1da-c6168b379356.jpg","mb_background":"shopify:\/\/shop_images\/yame_banner_800x1000_f.jpg","image_alignment":"center","content_in_container":false,"content_position":"center middle","text_alignment":"center","text_size":"medium","text_color":"black","subheading":"","title":"","description":"","image_link":"shopify:\/\/products\/patua-keratin-smoothening-shampoo","banner_name":"","banner_category":"","banner_offer":"","button_text":"","button_link":"","button_style":"sf__btn-primary","button_size":"","show_footer":false,"footer_alignment":"end","footer_text":"New Collection","footer_button":"Shop Now","footer_link":""}},"7d095a8d-003c-41b1-8efe-462c40e90a07":{"type":"slider_item","disabled":true,"settings":{"background":"shopify:\/\/shop_images\/Free-Mini-Website-Homepage-Banner-1920x520_1_18fd8775-3af1-42f0-b0dc-76a50bb9a545.jpg","mb_background":"shopify:\/\/shop_images\/mobile-sizemini_b7db44a5-a51f-4f48-a35a-3590e39f625c.jpg","image_alignment":"center","content_in_container":false,"content_position":"center middle","text_alignment":"center","text_size":"medium","text_color":"black","subheading":"","title":"","description":"","image_link":"shopify:\/\/collections\/all-products","banner_name":"","banner_category":"","banner_offer":"","button_text":"","button_link":"","button_style":"sf__btn-primary","button_size":"","show_footer":false,"footer_alignment":"end","footer_text":"","footer_button":"","footer_link":""}},"template--16690719588581__bd2571a2-f2c0-4092-afa8-e5b35f1151ed-167733609975a19d64-0":{"type":"slider_item","disabled":true,"settings":{"background":"shopify:\/\/shop_images\/B2G1-Hair-Care-Products-Homepage-Banner-1920x520.jpg","mb_background":"shopify:\/\/shop_images\/B2G1-Hair-Care-Products-Homepage-Banner-800x1000.jpg","image_alignment":"center","content_in_container":false,"content_position":"center middle","text_alignment":"center","text_size":"medium","text_color":"black","subheading":"","title":"","description":"","image_link":"shopify:\/\/collections\/hair-care","banner_name":"","banner_category":"","banner_offer":"","button_text":"","button_link":"","button_style":"sf__btn-primary","button_size":"","show_footer":false,"footer_alignment":"end","footer_text":"","footer_button":"","footer_link":""}},"dc279742-349d-4311-b62e-f525c563199f":{"type":"slider_item","disabled":true,"settings":{"background":"shopify:\/\/shop_images\/Website_Banner_Desktop_1920x520_OFFER.jpg","mb_background":"shopify:\/\/shop_images\/Body_Mist_Banner_OFFER_800x1000_ecf0fe42-3691-432e-9a65-f1624e91a54c.jpg","image_alignment":"center","content_in_container":false,"content_position":"center middle","text_alignment":"center","text_size":"medium","text_color":"black","subheading":"","title":"","description":"","image_link":"shopify:\/\/collections\/body-mists","banner_name":"","banner_category":"","banner_offer":"","button_text":"","button_link":"","button_style":"sf__btn-primary","button_size":"","show_footer":false,"footer_alignment":"end","footer_text":"New Collection","footer_button":"Shop Now","footer_link":""}}},"block_order":["bebd3ea9-49f7-46ee-b0fa-bde0de416d69","54d0aa4b-fa52-43f5-a0cd-51b25745521c","7938e9bc-a137-4a89-9259-76d0faa2040f","7d095a8d-003c-41b1-8efe-462c40e90a07","template--16690719588581__bd2571a2-f2c0-4092-afa8-e5b35f1151ed-167733609975a19d64-0","dc279742-349d-4311-b62e-f525c563199f"],"custom_css":[".homepage-banner {margin-top: -50px;}"],"settings":{"container":"w-full","slideshow_height":"adapt","show_overlay":false,"dots_position":"bottom","dots_color":"dark","show_dots":true,"show_arrows":false,"autorotate":false,"autorotate_speed":4,"use_content_above":false,"custom_class":"homepage-banner"}},"16485587154c3b17c5":{"type":"slider","blocks":{"d6744d17-1b35-4e79-bc1a-7b45772229a8":{"type":"slider_item","settings":{"background":"shopify:\/\/shop_images\/Free-Mini-Website-Homepage-Banner-1920x520_51619bdd-f993-41db-a30c-72e9ef3fe4be.jpg","mb_background":"shopify:\/\/shop_images\/Free-Mini-Website-Homepage-Banner-800x1000_7db19367-9735-4000-a519-24e6c0cf1916.jpg","image_alignment":"center","content_in_container":false,"content_position":"center middle","text_alignment":"center","text_size":"medium","text_color":"black","subheading":"","title":"","description":"","image_link":"shopify:\/\/collections\/all-products","banner_name":"","banner_category":"","banner_offer":"","button_text":"","button_link":"","button_style":"sf__btn-primary","button_size":"","show_footer":false,"footer_alignment":"end","footer_text":"New Collection","footer_button":"Shop Now","footer_link":""}},"c1a7b43c-f208-4c1f-b346-63c6c902a911":{"type":"slider_item","disabled":true,"settings":{"background":"shopify:\/\/shop_images\/Fabulous-Friday-Buy-Any-3-At-1099-Homepage-Banner-1920x520.jpg","mb_background":"shopify:\/\/shop_images\/Fabulous-Friday-Buy-Any-3-At-1099-Homepage-Banner-800x1000.jpg","image_alignment":"center","content_in_container":false,"content_position":"center middle","text_alignment":"center","text_size":"medium","text_color":"black","subheading":"","title":"","description":"","image_link":"shopify:\/\/collections\/face-care","banner_name":"","banner_category":"","banner_offer":"","button_text":"","button_link":"","button_style":"sf__btn-primary","button_size":"","show_footer":false,"footer_alignment":"end","footer_text":"New Collection","footer_button":"Shop Now","footer_link":""}},"6a09e757-294b-4ea3-84b1-285ca56a0626":{"type":"slider_item","disabled":true,"settings":{"background":"shopify:\/\/shop_images\/Gold-Facial-Mask-Homepage-Banner-1920x520_7d2f1da6-c01f-422f-8d9c-de6b237774a3.jpg","mb_background":"shopify:\/\/shop_images\/Gold-Facial-Mask-Homepage-Banner-800x1000_37c896ee-5c61-435f-acc7-0894322f253b.jpg","image_alignment":"center","content_in_container":false,"content_position":"center middle","text_alignment":"center","text_size":"medium","text_color":"black","subheading":"","title":"","description":"","image_link":"shopify:\/\/products\/24k-gold-facial-mask","banner_name":"","banner_category":"","banner_offer":"","button_text":"","button_link":"","button_style":"sf__btn-primary","button_size":"","show_footer":false,"footer_alignment":"end","footer_text":"","footer_button":"","footer_link":""}},"6d01287b-cda0-4301-bfb4-2344db856598":{"type":"slider_item","disabled":true,"settings":{"background":"shopify:\/\/shop_images\/kalki_1920x520-1_2.png","mb_background":"shopify:\/\/shop_images\/kalki_banner_3_1.png","image_alignment":"center","content_in_container":false,"content_position":"center middle","text_alignment":"center","text_size":"medium","text_color":"black","subheading":"","title":"","description":"","image_link":"https:\/\/discoverpilgrim.com\/collections\/kalkis-picks","banner_name":"","banner_category":"","banner_offer":"","button_text":"","button_link":"","button_style":"sf__btn-primary","button_size":"","show_footer":false,"footer_alignment":"end","footer_text":"","footer_button":"","footer_link":""}},"1648558715502cf48f-0":{"type":"slider_item","disabled":true,"settings":{"background":"shopify:\/\/shop_images\/body_Serum_lotion_home_page_banner_2nd_v2_1920x520-Recovered.png","mb_background":"shopify:\/\/shop_images\/body_Serum_lotion_home_page_banner_2nd_800x100_3978c222-cd51-49e0-ad0c-dce693dfb360.png","image_alignment":"center","content_in_container":false,"content_position":"center middle","text_alignment":"center","text_size":"medium","text_color":"black","subheading":"","title":"","description":"","image_link":"https:\/\/discoverpilgrim.com\/collections\/body-serum-lotions","banner_name":"Banner Name 1","banner_category":"Banner Category 1","banner_offer":"Banner Offer 1","button_text":"","button_link":"","button_style":"sf__btn-primary","button_size":"","show_footer":false,"footer_alignment":"end","footer_text":"New Collection","footer_button":"Shop Now","footer_link":""}},"ddd9f1b6-1770-486c-ae62-2948dbad68d1":{"type":"slider_item","disabled":true,"settings":{"background":"shopify:\/\/shop_images\/Silky-Hair-Essentials-Homepage-Banner-1920x520.jpg","mb_background":"shopify:\/\/shop_images\/Silky-Hair-Essentials-Homepage-Banner-800x1000.jpg","image_alignment":"center","content_in_container":false,"content_position":"center middle","text_alignment":"center","text_size":"medium","text_color":"black","subheading":"","title":"","description":"","image_link":"shopify:\/\/collections\/hair-care","banner_name":"","banner_category":"","banner_offer":"","button_text":"","button_link":"","button_style":"sf__btn-primary","button_size":"","show_footer":false,"footer_alignment":"end","footer_text":"New Collection","footer_button":"Shop Now","footer_link":""}}},"block_order":["d6744d17-1b35-4e79-bc1a-7b45772229a8","c1a7b43c-f208-4c1f-b346-63c6c902a911","6a09e757-294b-4ea3-84b1-285ca56a0626","6d01287b-cda0-4301-bfb4-2344db856598","1648558715502cf48f-0","ddd9f1b6-1770-486c-ae62-2948dbad68d1"],"disabled":true,"custom_css":[],"settings":{"container":"w-full","slideshow_height":"adapt","show_overlay":false,"dots_position":"bottom","dots_color":"dark","show_dots":true,"show_arrows":false,"autorotate":false,"autorotate_speed":5,"use_content_above":false,"custom_class":"homepage-banner"}},"1651754583fdd00906":{"type":"product-tabs","blocks":{"a38469d8-f3cb-4359-93ae-f04fb4cfd2c0":{"type":"tab","settings":{"title":"ANY 3 @ 999","collection":"buy-3-at-999mo"}},"4b48c8fe-d420-4017-9ff1-4b5870e725e6":{"type":"tab","settings":{"title":"Hair Care Products","collection":"hair-care"}},"a1e5fae2-7ced-46d8-b0bb-208de794fe67":{"type":"tab","settings":{"title":"","collection":"bestsellers"}},"fd2811a8-3ac9-424d-80f9-c336a6c44418":{"type":"tab","settings":{"title":"Face Care Products","collection":"face-care"}},"16517545830994d5a0-0":{"type":"tab","settings":{"title":"Body Care Products","collection":"bath-body"}},"1f0f09d5-10bb-4234-81cc-5255afd33cda":{"type":"tab","disabled":true,"settings":{"title":"ANY 3 Face Care @ ₹999","collection":"buy-3-at-999-on-face-care"}},"9d007abb-ef78-4f55-9444-740e5c742c66":{"type":"tab","disabled":true,"settings":{"title":"ANY 4 @ 1249","collection":"buy-4-1249mo"}},"f2ff63b6-a4f8-461f-b7b3-6ec5e4a12809":{"type":"tab","disabled":true,"settings":{"title":"ANY 2 @ ₹649","collection":"buy-2-at-649"}},"cbf10811-c336-4bff-ae3b-51bec179fde3":{"type":"tab","disabled":true,"settings":{"title":"3 Body Mists @ ₹849","collection":"buy-3-body-mists-799"}},"26619c48-9d8d-4471-aeb8-6e58ec6f5d13":{"type":"tab","disabled":true,"settings":{"title":"Kalki's Picks 😍","collection":"kalki-vino-1"}}},"block_order":["a38469d8-f3cb-4359-93ae-f04fb4cfd2c0","4b48c8fe-d420-4017-9ff1-4b5870e725e6","a1e5fae2-7ced-46d8-b0bb-208de794fe67","fd2811a8-3ac9-424d-80f9-c336a6c44418","16517545830994d5a0-0","1f0f09d5-10bb-4234-81cc-5255afd33cda","9d007abb-ef78-4f55-9444-740e5c742c66","f2ff63b6-a4f8-461f-b7b3-6ec5e4a12809","cbf10811-c336-4bff-ae3b-51bec179fde3","26619c48-9d8d-4471-aeb8-6e58ec6f5d13"],"settings":{"heading":"Shop From Our","subheading":"","description":"","header_alignment":"center","container":"container","background_color":"rgba(0,0,0,0)","tab_header":"select","limit":4,"show_button":true,"button_type":"load","button_label":"View all","button_style":"sf__btn-link","button_size":"","pcard_layout":"4","pcard_image_ratio":"","show_vendor":false,"items_per_row":4,"item_gap":30,"enable_slider":false,"show_navigation":true,"show_pagination":false,"use_scroll_mobile":true,"item_gap_mobile":16,"custom_class":""}},"80b9b762-5081-4d61-9a9d-fbebc5e93c4f":{"type":"slider","blocks":{"24b4b188-7496-41dd-8c12-5ecfedd23b7c":{"type":"slider_item","settings":{"background":"shopify:\/\/shop_images\/FREE-Gold-Mask-Website-Homepage-Banner-1920x520.jpg","mb_background":"shopify:\/\/shop_images\/FREE-Gold-Mask-Offer-Slider-Banner-800x400.jpg","image_alignment":"center","content_in_container":false,"content_position":"center middle","text_alignment":"center","text_size":"medium","text_color":"black","subheading":"","title":"","description":"","image_link":"shopify:\/\/collections\/free-gold-mask-on-699","banner_name":"","banner_category":"","banner_offer":"","button_text":"","button_link":"","button_style":"sf__btn-primary","button_size":"","show_footer":false,"footer_alignment":"end","footer_text":"New Collection","footer_button":"Shop Now","footer_link":""}},"template--16666251133157__80b9b762-5081-4d61-9a9d-fbebc5e93c4f-16729077443e620a3e-0":{"type":"slider_item","settings":{"background":"shopify:\/\/shop_images\/FREE-EDP-Website-Homepage-Banner-1920x520.jpg","mb_background":"shopify:\/\/shop_images\/FREE-EDP-Offer-Slider-Banner-800x400.jpg","image_alignment":"center","content_in_container":false,"content_position":"center middle","text_alignment":"center","text_size":"medium","text_color":"black","subheading":"","title":"","description":"","image_link":"shopify:\/\/collections\/free-edp-on-1099","banner_name":"","banner_category":"","banner_offer":"","button_text":"","button_link":"","button_style":"sf__btn-primary","button_size":"","show_footer":false,"footer_alignment":"end","footer_text":"","footer_button":"","footer_link":""}},"19edc823-ff01-4a5f-bf5d-a72cc7ae82f6":{"type":"slider_item","disabled":true,"settings":{"background":"shopify:\/\/shop_images\/4-Grids-_How-do-I-get-rid-of-this_-2.jpg","mb_background":"shopify:\/\/shop_images\/4-Grids-_How-do-I-get-rid-of-this_-2.jpg","image_alignment":"center","content_in_container":false,"content_position":"center middle","text_alignment":"center","text_size":"medium","text_color":"black","subheading":"","title":"","description":"","image_link":"","banner_name":"","banner_category":"","banner_offer":"","button_text":"","button_link":"","button_style":"sf__btn-primary","button_size":"","show_footer":false,"footer_alignment":"end","footer_text":"New Collection","footer_button":"Shop Now","footer_link":""}},"53fa2330-216b-4139-8336-f2c005dcf8fd":{"type":"slider_item","disabled":true,"settings":{"background":"shopify:\/\/shop_images\/4-Grids-_How-do-I-get-rid-of-this_-3.jpg","mb_background":"shopify:\/\/shop_images\/4-Grids-_How-do-I-get-rid-of-this_-3.jpg","image_alignment":"center","content_in_container":false,"content_position":"center middle","text_alignment":"center","text_size":"medium","text_color":"black","subheading":"","title":"","description":"","image_link":"","banner_name":"","banner_category":"","banner_offer":"","button_text":"","button_link":"","button_style":"sf__btn-primary","button_size":"","show_footer":false,"footer_alignment":"end","footer_text":"","footer_button":"","footer_link":""}},"cad12784-c175-487d-b5de-7d3ae5eb8670":{"type":"slider_item","disabled":true,"settings":{"background":"shopify:\/\/shop_images\/4-Grids-_How-do-I-get-rid-of-this_-4.jpg","mb_background":"shopify:\/\/shop_images\/4-Grids-_How-do-I-get-rid-of-this_-4.jpg","image_alignment":"center","content_in_container":false,"content_position":"center middle","text_alignment":"center","text_size":"medium","text_color":"black","subheading":"","title":"","description":"","image_link":"","banner_name":"","banner_category":"","banner_offer":"","button_text":"","button_link":"","button_style":"sf__btn-primary","button_size":"","show_footer":false,"footer_alignment":"end","footer_text":"","footer_button":"","footer_link":""}},"01ccd9b6-1693-4b08-91c6-fee55ab35cc3":{"type":"slider_item","disabled":true,"settings":{"background":"shopify:\/\/shop_images\/Mini-Homepage-Banner-1920x550.jpg","mb_background":"shopify:\/\/shop_images\/Mini-Homepage-Banner-800x1000.jpg","image_alignment":"center","content_in_container":false,"content_position":"center middle","text_alignment":"center","text_size":"medium","text_color":"black","subheading":"","title":"","description":"","image_link":"shopify:\/\/collections\/products-minis","banner_name":"","banner_category":"","banner_offer":"","button_text":"","button_link":"","button_style":"sf__btn-primary","button_size":"","show_footer":false,"footer_alignment":"end","footer_text":"New Collection","footer_button":"Shop Now","footer_link":""}}},"block_order":["24b4b188-7496-41dd-8c12-5ecfedd23b7c","template--16666251133157__80b9b762-5081-4d61-9a9d-fbebc5e93c4f-16729077443e620a3e-0","19edc823-ff01-4a5f-bf5d-a72cc7ae82f6","53fa2330-216b-4139-8336-f2c005dcf8fd","cad12784-c175-487d-b5de-7d3ae5eb8670","01ccd9b6-1693-4b08-91c6-fee55ab35cc3"],"disabled":true,"custom_css":[".mini_banner {padding-top: 20px; padding-bottom: 20px;}"],"settings":{"container":"w-full","slideshow_height":"adapt","show_overlay":false,"dots_position":"bottom","dots_color":"dark","show_dots":true,"show_arrows":false,"autorotate":false,"autorotate_speed":5,"use_content_above":false,"custom_class":"mini_banner"}},"b16c25ca-e92f-49e4-8ef7-c4e7b0268e49":{"type":"slider","blocks":{"template--16729129681125__b16c25ca-e92f-49e4-8ef7-c4e7b0268e49-slider_item-1":{"type":"slider_item","settings":{"background":"shopify:\/\/shop_images\/Play_Win_Banner_1.jpg","mb_background":"shopify:\/\/shop_images\/Play_Win_Banner_1.jpg","image_alignment":"center","content_in_container":false,"content_position":"center middle","text_alignment":"center","text_size":"medium","text_color":"black","subheading":"","title":"","description":"","image_link":"","banner_name":"","banner_category":"","banner_offer":"","button_text":"","button_link":"","button_style":"sf__btn-primary","button_size":"","show_footer":false,"footer_alignment":"end","footer_text":"New Collection","footer_button":"","footer_link":""}},"template--16729129681125__b16c25ca-e92f-49e4-8ef7-c4e7b0268e49-slider_item-2":{"type":"slider_item","disabled":true,"settings":{"image_alignment":"center","content_in_container":false,"content_position":"center middle","text_alignment":"center","text_size":"medium","text_color":"black","subheading":"","title":"New Collection","description":"<p>Tell your campaign through images<\/p>","image_link":"","banner_name":"","banner_category":"","banner_offer":"","button_text":"Shop now","button_link":"","button_style":"sf__btn-primary","button_size":"","show_footer":false,"footer_alignment":"end","footer_text":"New Collection","footer_button":"Shop Now","footer_link":""}},"template--16729129681125__b16c25ca-e92f-49e4-8ef7-c4e7b0268e49-slider_item-3":{"type":"slider_item","disabled":true,"settings":{"image_alignment":"center","content_in_container":false,"content_position":"center middle","text_alignment":"center","text_size":"medium","text_color":"black","subheading":"","title":"New Collection","description":"<p>Tell your campaign through images<\/p>","image_link":"","banner_name":"","banner_category":"","banner_offer":"","button_text":"Shop now","button_link":"","button_style":"sf__btn-primary","button_size":"","show_footer":false,"footer_alignment":"end","footer_text":"New Collection","footer_button":"Shop Now","footer_link":""}}},"block_order":["template--16729129681125__b16c25ca-e92f-49e4-8ef7-c4e7b0268e49-slider_item-1","template--16729129681125__b16c25ca-e92f-49e4-8ef7-c4e7b0268e49-slider_item-2","template--16729129681125__b16c25ca-e92f-49e4-8ef7-c4e7b0268e49-slider_item-3"],"settings":{"container":"w-full","slideshow_height":"adapt","show_overlay":false,"dots_position":"bottom","dots_color":"dark","show_dots":true,"show_arrows":false,"autorotate":false,"autorotate_speed":5,"use_content_above":false,"custom_class":"shop_win_spin"}},"1aa124e5-8450-47d3-8f00-4b9fa22d6d95":{"type":"custom-content","blocks":{"dfa7be33-91e3-45fc-9cc3-a463a8f07ae9":{"type":"image","settings":{"image":"shopify:\/\/shop_images\/Yamis-Picks-Banner-1080x1080.jpg","link":"shopify:\/\/collections\/hair-care","width":"25%","alignment":"center","block_custom_class":""}},"template--16690719588581__1aa124e5-8450-47d3-8f00-4b9fa22d6d95-16764549796639f500-1":{"type":"image","settings":{"image":"shopify:\/\/shop_images\/WhatsApp_Image_2023-01-11_at_6.02.38_PM.jpg","link":"shopify:\/\/collections\/kalkis-picks-1","width":"25%","alignment":"center","block_custom_class":""}},"e49acde3-3102-4691-be3f-2875d40894b4":{"type":"image","settings":{"image":"shopify:\/\/shop_images\/WhatsApp_Image_2023-01-11_at_6.02.37_PM.jpg","link":"shopify:\/\/collections\/secrets-of-seville","width":"25%","alignment":"center","block_custom_class":""}},"2118b3a5-4a21-43ed-a007-bd4a89071160":{"type":"image","settings":{"image":"shopify:\/\/shop_images\/WhatsApp_Image_2023-01-11_at_5.58.21_PM_1.jpg","link":"shopify:\/\/collections\/influencer-top-picks","width":"25%","alignment":"center","block_custom_class":""}}},"block_order":["dfa7be33-91e3-45fc-9cc3-a463a8f07ae9","template--16690719588581__1aa124e5-8450-47d3-8f00-4b9fa22d6d95-16764549796639f500-1","e49acde3-3102-4691-be3f-2875d40894b4","2118b3a5-4a21-43ed-a007-bd4a89071160"],"settings":{"heading":"Trending Now","subheading":"","description":"","header_alignment":"center","container":"container","background_color":"","gap":20,"use_scroll_mobile":false,"gap_mobile":5,"custom_class":""}},"f4061682-bdd6-4d7d-bc9d-960655b3493a":{"type":"slider","blocks":{"template--16385760362725__f4061682-bdd6-4d7d-bc9d-960655b3493a-16650655536cc9aafe-0":{"type":"slider_item","disabled":true,"settings":{"background":"shopify:\/\/shop_images\/Buy-4-At-1249-Website-Homepage-Banner-1920x520.jpg","mb_background":"shopify:\/\/shop_images\/Buy-4-At-1249-Offer-Slider-Banner-800x400_e4d2e90a-36c6-4300-a857-382e72c662c8.jpg","image_alignment":"center","content_in_container":false,"content_position":"center middle","text_alignment":"center","text_size":"medium","text_color":"black","subheading":"","title":"","description":"","image_link":"shopify:\/\/collections\/buy-4-1249mo","banner_name":"","banner_category":"","banner_offer":"","button_text":"","button_link":"","button_style":"sf__btn-primary","button_size":"","show_footer":false,"footer_alignment":"end","footer_text":"New Collection","footer_button":"Shop Now","footer_link":""}},"dcadb811-3296-419e-97d4-a0971c89d72c":{"type":"slider_item","settings":{"background":"shopify:\/\/shop_images\/Buy-3-At-999-Website-Homepage-Banner-1920x520_29700b93-f2c3-4d2b-9010-11ecb8beb150.jpg","mb_background":"shopify:\/\/shop_images\/Buy-3-At-999-Offer-Slider-Banner-800x400_fcab10ef-0334-441e-839c-99cd6829d59d.jpg","image_alignment":"center","content_in_container":false,"content_position":"center middle","text_alignment":"center","text_size":"medium","text_color":"black","subheading":"","title":"","description":"","image_link":"shopify:\/\/collections\/buy-3-at-999mo","banner_name":"","banner_category":"","banner_offer":"","button_text":"","button_link":"","button_style":"sf__btn-primary","button_size":"","show_footer":false,"footer_alignment":"end","footer_text":"New Collection","footer_button":"Shop Now","footer_link":""}},"ebfec67a-7f6c-4ecb-b6d4-aab27c3ba92c":{"type":"slider_item","settings":{"background":"shopify:\/\/shop_images\/Flat-20_-OFF-Hair-Care-Products-Homepage-Banner-1920x520_7229013e-bf97-459d-bbc6-ffed38ca9b82.jpg","mb_background":"shopify:\/\/shop_images\/Flat-20_-OFF-Hair-Care-Offer-Slider-Banner-800x400_1.jpg","image_alignment":"center","content_in_container":false,"content_position":"center middle","text_alignment":"center","text_size":"medium","text_color":"black","subheading":"","title":"","description":"","image_link":"shopify:\/\/collections\/hair-care","banner_name":"","banner_category":"","banner_offer":"","button_text":"","button_link":"","button_style":"sf__btn-primary","button_size":"","show_footer":false,"footer_alignment":"end","footer_text":"New Collection","footer_button":"Shop Now","footer_link":""}},"0573dd43-3a0e-4158-ba0d-bc621771a9e3":{"type":"slider_item","disabled":true,"settings":{"background":"shopify:\/\/shop_images\/Buy-2-Get-2-Free-sale-Homepage-Banner-1920x520_08860faa-43b5-4b56-a4bd-fdb70c97ab63.jpg","mb_background":"shopify:\/\/shop_images\/B2G2-FREE-Offer-Slider-Banner-800x400_1_53a21302-9e5c-407a-b826-9919789de9e1.jpg","image_alignment":"center","content_in_container":false,"content_position":"center middle","text_alignment":"center","text_size":"medium","text_color":"black","subheading":"","title":"","description":"","image_link":"shopify:\/\/collections\/all-products","banner_name":"","banner_category":"","banner_offer":"","button_text":"","button_link":"","button_style":"sf__btn-primary","button_size":"","show_footer":false,"footer_alignment":"end","footer_text":"New Collection","footer_button":"Shop Now","footer_link":""}},"70cab2a9-e1d1-43aa-9f23-b0014a6c8a39":{"type":"slider_item","disabled":true,"settings":{"background":"shopify:\/\/shop_images\/Men-Perfume-Buy-2-At-40_-OFF-Website-Collection-Banner-1920x720_1.jpg","mb_background":"shopify:\/\/shop_images\/Men-Perfume-Buy-2-At-40_-OFF-Slider-Banner-800x400.jpg","image_alignment":"center","content_in_container":false,"content_position":"center middle","text_alignment":"center","text_size":"medium","text_color":"black","subheading":"","title":"","description":"","image_link":"shopify:\/\/collections\/perfumes","banner_name":"","banner_category":"","banner_offer":"","button_text":"","button_link":"","button_style":"sf__btn-primary","button_size":"","show_footer":false,"footer_alignment":"end","footer_text":"New Collection","footer_button":"Shop Now","footer_link":""}}},"block_order":["template--16385760362725__f4061682-bdd6-4d7d-bc9d-960655b3493a-16650655536cc9aafe-0","dcadb811-3296-419e-97d4-a0971c89d72c","ebfec67a-7f6c-4ecb-b6d4-aab27c3ba92c","0573dd43-3a0e-4158-ba0d-bc621771a9e3","70cab2a9-e1d1-43aa-9f23-b0014a6c8a39"],"custom_css":[".shop_win_iphone {margin-bottom: -30px;}"],"settings":{"container":"w-full","slideshow_height":"adapt","show_overlay":false,"dots_position":"bottom","dots_color":"dark","show_dots":true,"show_arrows":false,"autorotate":true,"autorotate_speed":5,"use_content_above":false,"custom_class":"shop_win_iphone"}},"ae956c9c-74e3-4e9a-9db3-700bba555bb4":{"type":"slider","blocks":{"template--16729129681125__ae956c9c-74e3-4e9a-9db3-700bba555bb4-1680461187333be47d-0":{"type":"slider_item","settings":{"background":"shopify:\/\/shop_images\/50_-OFF-Homepage-Banner-1366x360_68c58fd6-40fd-49e5-af08-3b7023fbb622.jpg","mb_background":"shopify:\/\/shop_images\/50_-OFF-Homepage-Banner-1366x360_68c58fd6-40fd-49e5-af08-3b7023fbb622.jpg","image_alignment":"center","content_in_container":false,"content_position":"center middle","text_alignment":"center","text_size":"medium","text_color":"black","subheading":"","title":"","description":"","image_link":"shopify:\/\/collections\/up-to-50-off-may","banner_name":"","banner_category":"","banner_offer":"","button_text":"","button_link":"","button_style":"sf__btn-primary","button_size":"","show_footer":false,"footer_alignment":"end","footer_text":"New Collection","footer_button":"Shop Now","footer_link":""}}},"block_order":["template--16729129681125__ae956c9c-74e3-4e9a-9db3-700bba555bb4-1680461187333be47d-0"],"disabled":true,"settings":{"container":"container-fluid","slideshow_height":"adapt","show_overlay":false,"dots_position":"bottom","dots_color":"dark","show_dots":true,"show_arrows":false,"autorotate":false,"autorotate_speed":5,"use_content_above":false,"custom_class":""}},"c8cb43cd-804b-43d0-b45f-1772f7d800d1":{"type":"featured-collection","disabled":true,"settings":{"heading":"","subheading":"","description":"","header_alignment":"center","container":"container-fluid","background_color":"rgba(0,0,0,0)","collection":"up-to-50-off-may","enable_flashsale":false,"show_countdown":false,"product_to_show":8,"items_per_row":4,"item_gap":30,"pcard_layout":"","pcard_image_ratio":"","show_vendor":false,"hide_title":false,"enable_slider":false,"show_pagination":false,"show_navigation":false,"button_type":"link","button_text":"","button_style":"sf__btn-primary","button_size":"","infinite_load":false,"max_page_load":3,"use_scroll_mobile":true,"item_gap_mobile":10,"custom_class":""}},"b308e2a1-9ad2-410b-b010-ee62006891e0":{"type":"slider","blocks":{"template--16729129681125__b308e2a1-9ad2-410b-b010-ee62006891e0-1682004986e9d5cb54-0":{"type":"slider_item","settings":{"background":"shopify:\/\/shop_images\/35_-OFF-Homepage-Banner-1366x360.jpg","mb_background":"shopify:\/\/shop_images\/35_-OFF-Homepage-Banner-1366x360.jpg","image_alignment":"center","content_in_container":false,"content_position":"center middle","text_alignment":"center","text_size":"medium","text_color":"black","subheading":"","title":"","description":"","image_link":"shopify:\/\/collections\/up-to-35-off-may","banner_name":"","banner_category":"","banner_offer":"","button_text":"","button_link":"","button_style":"sf__btn-primary","button_size":"","show_footer":false,"footer_alignment":"end","footer_text":"","footer_button":"","footer_link":""}}},"block_order":["template--16729129681125__b308e2a1-9ad2-410b-b010-ee62006891e0-1682004986e9d5cb54-0"],"disabled":true,"settings":{"container":"container-fluid","slideshow_height":"adapt","show_overlay":false,"dots_position":"bottom","dots_color":"dark","show_dots":true,"show_arrows":false,"autorotate":false,"autorotate_speed":5,"use_content_above":false,"custom_class":""}},"185bbd5e-55d7-415d-8132-199ab3bb0461":{"type":"featured-collection","disabled":true,"settings":{"heading":"","subheading":"","description":"","header_alignment":"center","container":"container-fluid","background_color":"rgba(0,0,0,0)","collection":"up-to-35-off-may","enable_flashsale":false,"show_countdown":false,"product_to_show":8,"items_per_row":4,"item_gap":30,"pcard_layout":"","pcard_image_ratio":"","show_vendor":false,"hide_title":false,"enable_slider":false,"show_pagination":false,"show_navigation":false,"button_type":"link","button_text":"","button_style":"sf__btn-primary","button_size":"","infinite_load":false,"max_page_load":3,"use_scroll_mobile":true,"item_gap_mobile":16,"custom_class":""}},"ed6a8104-c595-499b-b327-f2cb04cc61fc":{"type":"slider","blocks":{"template--16729129681125__ed6a8104-c595-499b-b327-f2cb04cc61fc-1682172279aa618010-0":{"type":"slider_item","settings":{"background":"shopify:\/\/shop_images\/30_-OFF-Homepage-Banner-1366x360.jpg","mb_background":"shopify:\/\/shop_images\/30_-OFF-Homepage-Banner-1366x360.jpg","image_alignment":"center","content_in_container":false,"content_position":"center middle","text_alignment":"center","text_size":"medium","text_color":"black","subheading":"","title":"","description":"","image_link":"shopify:\/\/collections\/up-to-30-off-may","banner_name":"","banner_category":"","banner_offer":"","button_text":"","button_link":"","button_style":"sf__btn-primary","button_size":"","show_footer":false,"footer_alignment":"end","footer_text":"","footer_button":"","footer_link":""}}},"block_order":["template--16729129681125__ed6a8104-c595-499b-b327-f2cb04cc61fc-1682172279aa618010-0"],"disabled":true,"settings":{"container":"container-fluid","slideshow_height":"adapt","show_overlay":false,"dots_position":"bottom","dots_color":"dark","show_dots":true,"show_arrows":false,"autorotate":false,"autorotate_speed":5,"use_content_above":false,"custom_class":""}},"afc0d9d3-505d-4989-a76b-accf0e19aee7":{"type":"featured-collection","disabled":true,"settings":{"heading":"","subheading":"","description":"","header_alignment":"center","container":"container-fluid","background_color":"rgba(0,0,0,0)","collection":"up-to-30-off-may","enable_flashsale":false,"show_countdown":false,"product_to_show":8,"items_per_row":4,"item_gap":30,"pcard_layout":"","pcard_image_ratio":"","show_vendor":false,"hide_title":false,"enable_slider":false,"show_pagination":false,"show_navigation":false,"button_type":"link","button_text":"","button_style":"sf__btn-primary","button_size":"","infinite_load":false,"max_page_load":3,"use_scroll_mobile":true,"item_gap_mobile":16,"custom_class":""}},"58ce75b5-d720-4dd5-b434-a9a601d28b1a":{"type":"slider","blocks":{"template--16729129681125__58ce75b5-d720-4dd5-b434-a9a601d28b1a-1682091820e1e81f55-0":{"type":"slider_item","disabled":true,"settings":{"background":"shopify:\/\/shop_images\/Rs99-23-April-Flash-Sale-Homepage-Banner-1920x440-1.jpg","mb_background":"shopify:\/\/shop_images\/Rs99-23-April-Flash-Sale-Homepage-Mobile-Banner-800x300-1.jpg","image_alignment":"center","content_in_container":false,"content_position":"center middle","text_alignment":"center","text_size":"medium","text_color":"black","subheading":"","title":"","description":"","image_link":"https:\/\/discoverpilgrim.com\/collections\/99-flash-sale-23-april","banner_name":"","banner_category":"","banner_offer":"","button_text":"","button_link":"","button_style":"sf__btn-primary","button_size":"","show_footer":false,"footer_alignment":"end","footer_text":"","footer_button":"","footer_link":""}},"template--16729129681125__58ce75b5-d720-4dd5-b434-a9a601d28b1a-1682091820e1e81f55-2":{"type":"slider_item","disabled":true,"settings":{"background":"shopify:\/\/shop_images\/Rs99-23-April-Flash-Sale-Homepage-Mobile-Banner-800x300-2.gif","mb_background":"shopify:\/\/shop_images\/Rs99-23-April-Flash-Sale-Homepage-Mobile-Banner-800x300-2.gif","image_alignment":"center","content_in_container":false,"content_position":"center middle","text_alignment":"center","text_size":"medium","text_color":"black","subheading":"","title":"","description":"","image_link":"https:\/\/discoverpilgrim.com\/collections\/99-flash-sale-23-april","banner_name":"","banner_category":"","banner_offer":"","button_text":"","button_link":"","button_style":"sf__btn-primary","button_size":"","show_footer":false,"footer_alignment":"end","footer_text":"","footer_button":"","footer_link":""}},"template--16729129681125__58ce75b5-d720-4dd5-b434-a9a601d28b1a-1682091820e1e81f55-1":{"type":"slider_item","settings":{"background":"shopify:\/\/shop_images\/20_-OFF-Homepage-Banner-1366x360.jpg","mb_background":"shopify:\/\/shop_images\/20_-OFF-Homepage-Banner-1366x360.jpg","image_alignment":"center","content_in_container":false,"content_position":"center middle","text_alignment":"center","text_size":"medium","text_color":"black","subheading":"","title":"","description":"","image_link":"shopify:\/\/collections\/20-off","banner_name":"","banner_category":"","banner_offer":"","button_text":"","button_link":"","button_style":"sf__btn-primary","button_size":"","show_footer":false,"footer_alignment":"end","footer_text":"","footer_button":"","footer_link":""}}},"block_order":["template--16729129681125__58ce75b5-d720-4dd5-b434-a9a601d28b1a-1682091820e1e81f55-0","template--16729129681125__58ce75b5-d720-4dd5-b434-a9a601d28b1a-1682091820e1e81f55-2","template--16729129681125__58ce75b5-d720-4dd5-b434-a9a601d28b1a-1682091820e1e81f55-1"],"disabled":true,"settings":{"container":"container-fluid","slideshow_height":"adapt","show_overlay":false,"dots_position":"bottom","dots_color":"dark","show_dots":true,"show_arrows":false,"autorotate":false,"autorotate_speed":5,"use_content_above":false,"custom_class":""}},"69fbdb45-a67a-48c8-94c4-f34d8bf1b77d":{"type":"featured-collection","disabled":true,"settings":{"heading":"","subheading":"","description":"","header_alignment":"center","container":"container-fluid","background_color":"rgba(0,0,0,0)","collection":"20-off","enable_flashsale":false,"show_countdown":false,"product_to_show":8,"items_per_row":4,"item_gap":30,"pcard_layout":"","pcard_image_ratio":"","show_vendor":false,"hide_title":false,"enable_slider":false,"show_pagination":false,"show_navigation":false,"button_type":"link","button_text":"","button_style":"sf__btn-primary","button_size":"","infinite_load":false,"max_page_load":3,"use_scroll_mobile":true,"item_gap_mobile":16,"custom_class":""}},"1bdb4e5b-b90b-4964-a867-fe715bac7c9a":{"type":"slider","blocks":{"template--16385760362725__1bdb4e5b-b90b-4964-a867-fe715bac7c9a-16650655536cc9aafe-0":{"type":"slider_item","disabled":true,"settings":{"background":"shopify:\/\/shop_images\/Homepage_Banner_70_scroll_Kortean_Haircare_with_Yami_WEBSITE_Desktop_920x500_1f6ed103-af66-43ad-b77b-3630de7e3369.jpg","mb_background":"shopify:\/\/shop_images\/Homepage_Banner_70_scroll_Kortean_Haircare_with_Yami_WEBSITE_Mobile_800x300_089694ca-b517-4536-b4d7-41ecfe4f2d50.jpg","image_alignment":"center","content_in_container":false,"content_position":"center middle","text_alignment":"center","text_size":"medium","text_color":"black","subheading":"","title":"","description":"","image_link":"https:\/\/discoverpilgrim.com\/pages\/yami-hair-growth-serum","banner_name":"","banner_category":"","banner_offer":"","button_text":"","button_link":"","button_style":"sf__btn-primary","button_size":"","show_footer":false,"footer_alignment":"end","footer_text":"New Collection","footer_button":"Shop Now","footer_link":""}},"66824858-b650-4bd1-b932-224bd9f78977":{"type":"slider_item","disabled":true,"settings":{"background":"shopify:\/\/shop_images\/Homepage_Banner_70_scroll_French_skincare_with_Kalki_WEBSITE_Mobile_800x300_dc6204ef-38cb-4389-97b4-37b7e9ae8172.jpg","mb_background":"shopify:\/\/shop_images\/Homepage_Banner_70_scroll_French_skincare_with_Kalki_WEBSITE_Mobile_800x300_dc6204ef-38cb-4389-97b4-37b7e9ae8172.jpg","image_alignment":"center","content_in_container":false,"content_position":"center middle","text_alignment":"center","text_size":"medium","text_color":"black","subheading":"","title":"","description":"","image_link":"https:\/\/discoverpilgrim.com\/collections\/secrets-of-vinotherapie","banner_name":"","banner_category":"","banner_offer":"","button_text":"","button_link":"","button_style":"sf__btn-primary","button_size":"","show_footer":false,"footer_alignment":"end","footer_text":"New Collection","footer_button":"Shop Now","footer_link":""}},"ea0e9ff2-e152-4c6f-9b49-a9f2207f1f87":{"type":"slider_item","settings":{"background":"shopify:\/\/shop_images\/Men-Perfume-Website-Homepage-Banner-1920x520.jpg","mb_background":"shopify:\/\/shop_images\/Men-Perfume-Website-Homepage-Banner-800x1000.jpg","image_alignment":"center","content_in_container":false,"content_position":"center middle","text_alignment":"center","text_size":"medium","text_color":"black","subheading":"","title":"","description":"","image_link":"shopify:\/\/collections\/perfumes","banner_name":"","banner_category":"","banner_offer":"","button_text":"","button_link":"","button_style":"sf__btn-primary","button_size":"","show_footer":false,"footer_alignment":"end","footer_text":"New Collection","footer_button":"Shop Now","footer_link":""}}},"block_order":["template--16385760362725__1bdb4e5b-b90b-4964-a867-fe715bac7c9a-16650655536cc9aafe-0","66824858-b650-4bd1-b932-224bd9f78977","ea0e9ff2-e152-4c6f-9b49-a9f2207f1f87"],"disabled":true,"settings":{"container":"w-full","slideshow_height":"adapt","show_overlay":false,"dots_position":"bottom","dots_color":"dark","show_dots":false,"show_arrows":false,"autorotate":false,"autorotate_speed":4,"use_content_above":false,"custom_class":""}},"162251092958fcda7c":{"type":"product-tabs","blocks":{"162251092958fcda7c-1":{"type":"tab","settings":{"title":"Newly Launched","collection":"new-launch"}},"ca2d4551-2c7d-4127-8e24-a66b44e4ece8":{"type":"tab","settings":{"title":"trending now","collection":"trending-now"}},"24ddb70f-fefb-47c3-bb00-d16537d54ec4":{"type":"tab","disabled":true,"settings":{"title":"Body Mists","collection":"body-mists"}},"f2968005-20be-41a0-9a6c-c63f977327f7":{"type":"tab","settings":{"title":"Silky Hair Must-haves","collection":"silky-hair-essentials"}},"dbff35db-8457-4c76-9bab-918cc403fc3c":{"type":"tab","settings":{"title":"festive glow products","collection":"festive-glow-products"}},"162251092958fcda7c-0":{"type":"tab","settings":{"title":"low-stock bestsellers","collection":"bestsellers"}},"c92bf79b-7321-43c3-8fca-3d3d98f2700c":{"type":"tab","settings":{"title":"Perfect Pout Essentials","collection":"lip-care"}}},"block_order":["162251092958fcda7c-1","ca2d4551-2c7d-4127-8e24-a66b44e4ece8","24ddb70f-fefb-47c3-bb00-d16537d54ec4","f2968005-20be-41a0-9a6c-c63f977327f7","dbff35db-8457-4c76-9bab-918cc403fc3c","162251092958fcda7c-0","c92bf79b-7321-43c3-8fca-3d3d98f2700c"],"settings":{"heading":"You are in","subheading":"","description":"","header_alignment":"center","container":"container","background_color":"rgba(0,0,0,0)","tab_header":"select","limit":3,"show_button":true,"button_type":"load","button_label":"Load More","button_style":"sf__btn-link","button_size":"","pcard_layout":"4","pcard_image_ratio":"3\/4","show_vendor":false,"items_per_row":3,"item_gap":30,"enable_slider":true,"show_navigation":false,"show_pagination":false,"use_scroll_mobile":true,"item_gap_mobile":16,"custom_class":""}},"adf7c15e-5b71-4d9a-bd2f-78abd8aa1f51":{"type":"featured-collection","disabled":true,"settings":{"heading":"","subheading":"","description":"","header_alignment":"center","container":"container-fluid","background_color":"rgba(0,0,0,0)","collection":"rituals-under-1249","enable_flashsale":false,"show_countdown":false,"product_to_show":12,"items_per_row":4,"item_gap":30,"pcard_layout":"","pcard_image_ratio":"","show_vendor":false,"hide_title":false,"enable_slider":false,"show_pagination":false,"show_navigation":false,"button_type":"link","button_text":"","button_style":"sf__btn-primary","button_size":"","infinite_load":false,"max_page_load":3,"use_scroll_mobile":true,"item_gap_mobile":16,"custom_class":""}},"693b2ad6-93f8-4bb0-bd6e-270ce8468555":{"type":"slider","blocks":{"template--16690719588581__693b2ad6-93f8-4bb0-bd6e-270ce8468555-167587616497a0e64b-0":{"type":"slider_item","disabled":true,"settings":{"background":"shopify:\/\/shop_images\/GIft-Set-Homepage-Banner-1920x550_1.jpg","mb_background":"shopify:\/\/shop_images\/GIft-Set-Homepage-Banner-800x1000.jpg","image_alignment":"center","content_in_container":false,"content_position":"center middle","text_alignment":"center","text_size":"medium","text_color":"black","subheading":"","title":"","description":"","image_link":"https:\/\/discoverpilgrim.com\/collections\/valentines-special-gifts-sets","banner_name":"","banner_category":"","banner_offer":"","button_text":"","button_link":"","button_style":"sf__btn-primary","button_size":"","show_footer":false,"footer_alignment":"end","footer_text":"","footer_button":"","footer_link":""}},"a3c72d9d-0df2-4862-9128-f966de06beb5":{"type":"slider_item","disabled":true,"settings":{"background":"shopify:\/\/shop_images\/Instagram-Live-Homepage-Banner-1920x500-3_1.jpg","mb_background":"shopify:\/\/shop_images\/Instagram-Live-Homepage-Banner-1920x500-3_1.jpg","image_alignment":"center","content_in_container":false,"content_position":"center middle","text_alignment":"center","text_size":"medium","text_color":"black","subheading":"","title":"","description":"","image_link":"https:\/\/www.instagram.com\/discover.pilgrim\/","banner_name":"","banner_category":"","banner_offer":"","button_text":"","button_link":"","button_style":"sf__btn-primary","button_size":"","show_footer":false,"footer_alignment":"end","footer_text":"New Collection","footer_button":"Shop Now","footer_link":""}}},"block_order":["template--16690719588581__693b2ad6-93f8-4bb0-bd6e-270ce8468555-167587616497a0e64b-0","a3c72d9d-0df2-4862-9128-f966de06beb5"],"settings":{"container":"w-full","slideshow_height":"adapt","show_overlay":false,"dots_position":"bottom","dots_color":"dark","show_dots":true,"show_arrows":false,"autorotate":false,"autorotate_speed":5,"use_content_above":false,"custom_class":""}},"7e3b216b-fd3e-43a6-aed4-288dc2db8295":{"type":"brands-list","blocks":{"template--16690719588581__7e3b216b-fd3e-43a6-aed4-288dc2db8295-1674561244dcf1d528-0":{"type":"image","settings":{"image":"shopify:\/\/shop_images\/facecleansersshopingcategorybanner600x900-1670942271490.webp","image_by_url":"","image_link":"shopify:\/\/collections\/face-washes","max_width":"150px"}},"template--16690719588581__7e3b216b-fd3e-43a6-aed4-288dc2db8295-1674561244dcf1d528-1":{"type":"image","settings":{"image":"shopify:\/\/shop_images\/nightcareshopingcategorybanner600x900_1-1670942271521.webp","image_by_url":"","image_link":"shopify:\/\/collections\/night-care","max_width":"150px"}},"template--16690719588581__7e3b216b-fd3e-43a6-aed4-288dc2db8295-1674561244dcf1d528-2":{"type":"image","settings":{"image":"shopify:\/\/shop_images\/dermatapprovedskincareshopingcategorybanner600x900-1670942271484.webp","image_by_url":"","image_link":"shopify:\/\/collections\/dermat-approved-skincare","max_width":"150px"}},"template--16690719588581__7e3b216b-fd3e-43a6-aed4-288dc2db8295-1674561244dcf1d528-3":{"type":"image","settings":{"image":"shopify:\/\/shop_images\/lipessentialsshopingcategorybanner600x900_1-1670942271499.webp","image_by_url":"","image_link":"shopify:\/\/collections\/lip-care","max_width":"150px"}},"3ff44680-8b0d-479b-9969-b12be14f99d3":{"type":"image","settings":{"image":"shopify:\/\/shop_images\/budgetfriendlyskincareshopingcategorybanner600x900_1-1670942271468.webp","image_by_url":"","image_link":"shopify:\/\/collections\/skincare-under-599","max_width":"150px"}},"8919b7d2-9c3f-4ddf-8d78-97fe68d730c9":{"type":"image","settings":{"image":"shopify:\/\/shop_images\/mosttalkedaboutfaceserumsshopingcategorybanner600x900_1-1670942271516.webp","image_by_url":"","image_link":"shopify:\/\/collections\/face-serums","max_width":"150px"}},"b93cdc2e-36d8-416d-866c-e46f1a58fa43":{"type":"image","settings":{"image":"shopify:\/\/shop_images\/bestsellingcombosshopingcategorybanner600x900-1670942271463.webp","image_by_url":"","image_link":"shopify:\/\/collections\/bestselling-combos","max_width":"150px"}},"54cdccc0-4e8b-4f85-a349-20c19d96a662":{"type":"image","settings":{"image":"shopify:\/\/shop_images\/dailyessentialsshopingcategorybanner600x900-1670942271474.webp","image_by_url":"","image_link":"shopify:\/\/collections\/daily-essentials","max_width":"150px"}},"7fd49096-efad-4bf6-8c1f-68688aefbd42":{"type":"image","settings":{"image":"shopify:\/\/shop_images\/shampoos_conditionersshopingcategorybanner600x900-1670942271530.webp","image_by_url":"","image_link":"shopify:\/\/collections\/hair-care","max_width":"150px"}},"aebbc811-9169-4e83-8434-b8b7cb9ee81e":{"type":"image","settings":{"image":"shopify:\/\/shop_images\/sunprotectionshopingcategorybanner600x900-1670942271536.webp","image_by_url":"","image_link":"shopify:\/\/collections\/sun-protection","max_width":"150px"}},"08abf13f-f80a-4247-9bc7-ca6f87d9a997":{"type":"image","settings":{"image":"shopify:\/\/shop_images\/trendinghaircombosshopingcategorybanner600x900-1670942271543.webp","image_by_url":"","image_link":"shopify:\/\/collections\/hair-care-rituals","max_width":"150px"}},"9c3104ac-eb84-4060-bd3b-d1f5c22158ef":{"type":"image","settings":{"image":"shopify:\/\/shop_images\/moisturizersshopingcategorybanner600x900-1670942271509_290b8d14-d5a6-4048-8cd0-f202d6d212b2.webp","image_by_url":"","image_link":"shopify:\/\/collections\/day-creams","max_width":"150px"}}},"block_order":["template--16690719588581__7e3b216b-fd3e-43a6-aed4-288dc2db8295-1674561244dcf1d528-0","template--16690719588581__7e3b216b-fd3e-43a6-aed4-288dc2db8295-1674561244dcf1d528-1","template--16690719588581__7e3b216b-fd3e-43a6-aed4-288dc2db8295-1674561244dcf1d528-2","template--16690719588581__7e3b216b-fd3e-43a6-aed4-288dc2db8295-1674561244dcf1d528-3","3ff44680-8b0d-479b-9969-b12be14f99d3","8919b7d2-9c3f-4ddf-8d78-97fe68d730c9","b93cdc2e-36d8-416d-866c-e46f1a58fa43","54cdccc0-4e8b-4f85-a349-20c19d96a662","7fd49096-efad-4bf6-8c1f-68688aefbd42","aebbc811-9169-4e83-8434-b8b7cb9ee81e","08abf13f-f80a-4247-9bc7-ca6f87d9a997","9c3104ac-eb84-4060-bd3b-d1f5c22158ef"],"settings":{"heading":"Beauty Essentials","subheading":"","header_alignment":"center","container":"container","background_color":"rgba(0,0,0,0)","item_per_row":6,"enable_slider":true,"autorotate":true,"autorotate_speed":5,"custom_class":""}},"ede3736a-19fa-452f-943d-914e3f56a873":{"type":"slider","blocks":{"template--16690719588581__ede3736a-19fa-452f-943d-914e3f56a873-167733609975a19d64-0":{"type":"slider_item","settings":{"background":"shopify:\/\/shop_images\/Media-Mention-Homepage-Banner-800x300.jpg","mb_background":"shopify:\/\/shop_images\/Media-Mention-Homepage-Banner-800x300.jpg","image_alignment":"center","content_in_container":true,"content_position":"center middle","text_alignment":"center","text_size":"medium","text_color":"black","subheading":"","title":"","description":"","image_link":"","banner_name":"","banner_category":"","banner_offer":"","button_text":"","button_link":"","button_style":"sf__btn-primary","button_size":"","show_footer":false,"footer_alignment":"end","footer_text":"","footer_button":"","footer_link":""}}},"block_order":["template--16690719588581__ede3736a-19fa-452f-943d-914e3f56a873-167733609975a19d64-0"],"settings":{"container":"container-fluid","slideshow_height":"adapt","show_overlay":false,"dots_position":"bottom","dots_color":"dark","show_dots":true,"show_arrows":false,"autorotate":false,"autorotate_speed":2,"use_content_above":false,"custom_class":""}},"1661836213761256f4":{"type":"custom-content","blocks":{"16618362121a8637e2-0":{"type":"text","settings":{"title":"The Pilgrim Code","subheading":"","text":"<p>Pilgrim is \"Clean Compatible\". Not just free of harmful and toxic chemicals but uses only those ingredients that either enhance the health of our hair & skin or support the effectiveness of formulations. <\/p>","width":"50%","alignment":"center","align_text":"center","text_size":"medium","text_color":"black","button_label":"","button_link":"","button_style":"sf__btn-primary","button_size":"","block_custom_class":""}},"16618362121a8637e2-1":{"type":"image","settings":{"image":"shopify:\/\/shop_images\/Pilgrim-Code-1080px_720x_606bce7b-f8e8-4927-b9a4-c43b7a3ad1db.png","link":"","width":"50%","alignment":"center","block_custom_class":""}}},"block_order":["16618362121a8637e2-0","16618362121a8637e2-1"],"settings":{"heading":"","subheading":"","description":"","header_alignment":"center","container":"container-fluid","background_color":"#fff7e5","gap":30,"use_scroll_mobile":false,"gap_mobile":16,"custom_class":""}},"16517562945ba9e681":{"type":"slider","blocks":{"16517562941c2712d5-2":{"type":"slider_item","settings":{"background":"shopify:\/\/shop_images\/Free-Delivery-Strip-1920px_1.jpg","mb_background":"shopify:\/\/shop_images\/mobileBanner_f935c9d5-01e0-4524-93ff-74a4ea61fc06.png","image_alignment":"center","content_in_container":true,"content_position":"center middle","text_alignment":"center","text_size":"medium","text_color":"black","subheading":"","title":"","description":"","image_link":"","banner_name":"","banner_category":"","banner_offer":"","button_text":"","button_link":"","button_style":"sf__btn-primary","button_size":"","show_footer":false,"footer_alignment":"end","footer_text":"New Collection","footer_button":"Shop Now","footer_link":""}}},"block_order":["16517562941c2712d5-2"],"disabled":true,"settings":{"container":"w-full","slideshow_height":"adapt","show_overlay":false,"dots_position":"bottom","dots_color":"dark","show_dots":true,"show_arrows":false,"autorotate":false,"autorotate_speed":5,"use_content_above":false,"custom_class":""}},"eb1f1af4-ebd1-43b7-87db-a96f0ec8e888":{"type":"brands-list","blocks":{"template--16690719588581__eb1f1af4-ebd1-43b7-87db-a96f0ec8e888-16741924772d381aef-0":{"type":"image","settings":{"image":"shopify:\/\/shop_images\/Vitamin-C-500x500.png","image_by_url":"","image_link":"shopify:\/\/collections\/glow-with-vitamin-c","max_width":"35px"}},"template--16690719588581__eb1f1af4-ebd1-43b7-87db-a96f0ec8e888-16741924772d381aef-1":{"type":"image","settings":{"image":"shopify:\/\/shop_images\/Top-Selling-500x500.png","image_by_url":"","image_link":"shopify:\/\/collections\/bestsellers","max_width":"35px"}},"template--16690719588581__eb1f1af4-ebd1-43b7-87db-a96f0ec8e888-16741924772d381aef-2":{"type":"image","settings":{"image":"shopify:\/\/shop_images\/Retinol-500x500_7287b48b-7bea-4adc-8c27-0c5296fdd67b.png","image_by_url":"","image_link":"shopify:\/\/collections\/renew-with-retinol","max_width":"35px"}},"template--16690719588581__eb1f1af4-ebd1-43b7-87db-a96f0ec8e888-16741924772d381aef-3":{"type":"image","settings":{"image":"shopify:\/\/shop_images\/K-Beauty-500x500_f83a7a79-0ca4-4e83-ae01-517dbee0d84f.png","image_by_url":"","image_link":"https:\/\/discoverpilgrim.com\/collections\/secrets-of-jeju-island","max_width":"35px"}},"0312d4be-2d65-416c-8fd5-59bcf85b6323":{"type":"image","settings":{"image":"shopify:\/\/shop_images\/Brightening-500x500.png","image_by_url":"","image_link":"shopify:\/\/collections\/brightening-illuminating","max_width":"35px"}},"f9a484bc-674d-4ca9-b8ec-c4b33ce3682e":{"type":"image","settings":{"image":"shopify:\/\/shop_images\/Face-Care-500x500_20be7a36-17b0-417b-930d-57f322b1471e.png","image_by_url":"","image_link":"shopify:\/\/collections\/face-care","max_width":"35px"}},"7c9e234f-2ca9-4aaa-ba24-0d82d0d0e47c":{"type":"image","settings":{"image":"shopify:\/\/shop_images\/Anti-Ageing-500x500_c8ec28e5-15e7-4d6a-b325-36bb108116c6.png","image_by_url":"","image_link":"shopify:\/\/collections\/anti-ageing","max_width":"35px"}},"6d44ca6b-c7ea-4dab-9d91-ac8870ca84ad":{"type":"image","settings":{"image":"shopify:\/\/shop_images\/Niacinamide-500x500_350be723-64aa-4f1d-a83b-8eb6d62ed690.png","image_by_url":"","image_link":"shopify:\/\/collections\/clarifying-niacinamide","max_width":"35px"}},"7b9c1eda-0959-4488-b041-1f409a5e3753":{"type":"image","settings":{"image":"shopify:\/\/shop_images\/Lip-Care-500x500_0b04b795-7c57-4d81-a584-7fad0b242820.png","image_by_url":"","image_link":"shopify:\/\/collections\/lip-care","max_width":"35px"}},"fac90521-9fb2-4a46-bd30-a07077f3fc0f":{"type":"image","settings":{"image":"shopify:\/\/shop_images\/Squalane-500x500_2e63b61e-22d0-4c74-af18-b4f6de5fe88a.png","image_by_url":"","image_link":"shopify:\/\/collections\/secrets-of-seville","max_width":"35px"}},"0b0d0750-8301-4b75-bb84-d037a3765f38":{"type":"image","settings":{"image":"shopify:\/\/shop_images\/Hair-Care-500x500_08111a93-5561-479c-a505-ebdb1b748080.png","image_by_url":"","image_link":"shopify:\/\/collections\/hair-care","max_width":"35px"}},"4be49d96-6a22-46b9-9c20-8a125e06c24b":{"type":"image","settings":{"image":"shopify:\/\/shop_images\/Red-Vine-500x500_95abb1d2-1e86-404e-9a98-0a8efe6b63c0.png","image_by_url":"","image_link":"shopify:\/\/collections\/secrets-of-vinotherapie","max_width":"35px"}}},"block_order":["template--16690719588581__eb1f1af4-ebd1-43b7-87db-a96f0ec8e888-16741924772d381aef-0","template--16690719588581__eb1f1af4-ebd1-43b7-87db-a96f0ec8e888-16741924772d381aef-1","template--16690719588581__eb1f1af4-ebd1-43b7-87db-a96f0ec8e888-16741924772d381aef-2","template--16690719588581__eb1f1af4-ebd1-43b7-87db-a96f0ec8e888-16741924772d381aef-3","0312d4be-2d65-416c-8fd5-59bcf85b6323","f9a484bc-674d-4ca9-b8ec-c4b33ce3682e","7c9e234f-2ca9-4aaa-ba24-0d82d0d0e47c","6d44ca6b-c7ea-4dab-9d91-ac8870ca84ad","7b9c1eda-0959-4488-b041-1f409a5e3753","fac90521-9fb2-4a46-bd30-a07077f3fc0f","0b0d0750-8301-4b75-bb84-d037a3765f38","4be49d96-6a22-46b9-9c20-8a125e06c24b"],"disabled":true,"settings":{"heading":"","subheading":"","header_alignment":"center","container":"container-fluid","background_color":"rgba(0,0,0,0)","item_per_row":8,"enable_slider":true,"autorotate":true,"autorotate_speed":5,"custom_class":""}},"e40a45be-665d-40fd-8aa2-9f94e4790c49":{"type":"testimonials","blocks":{"template--16729129681125__e40a45be-665d-40fd-8aa2-9f94e4790c49-1681819419f3c1fb0e-2":{"type":"testimonial","settings":{"title":"Best hair growth serum in the market","description":"<p>This hair growth serum has been a game-changer for me. I have been using it consistently for the past few months and have noticed a significant difference in the overall thickness and volume of my hair. The key ingredient in this serum is Redensyl, that has been scientifically proven to be effective in stimulating hair growth. I will continue to use this product as part of my hair care routine!<\/p>","footer":"<p><strong>Aarush Shan<\/strong><\/p>","image_text":"","image_link":"","product":"3-redensyl-4-anagain-hair-growth-serum"}},"template--16729129681125__e40a45be-665d-40fd-8aa2-9f94e4790c49-1681819419f3c1fb0e-0":{"type":"testimonial","settings":{"title":"Daily Youthful radiance!","description":"<p>This face serum is fantastic. I've just been using it for about 10 days. I use it after I wash my face with facewash. I wait a minute till it feels entirely absorbed before applying Red Vine Night Gel Creme (my long-time favourite!!). My nighttime skincare routine is now complete. I wake up in the morning with a stunning glow and extremely smooth skin!!!<\/p>","footer":"<p><strong>Suniti Bahl<\/strong><\/p>","image_text":"","image_link":"","product":"red-vine-face-serum-for-anti-ageing"}},"template--16729129681125__e40a45be-665d-40fd-8aa2-9f94e4790c49-1681819419f3c1fb0e-1":{"type":"testimonial","settings":{"title":"Worked like magic for my dull skin!","description":"<p>The Pilgrim AHA\/BHA\/PHA peel is amazing. Naturally, the skin seems cleaner and brighter. It's like a quick 10-minute facial without the fuss of a salon or a beautician. It is considerably kinder on my skin than a traditional facial. I would highly recommend this product to anyone with dull skin. Loved it<\/p>","footer":"<p><strong>Kavika Sagar<\/strong><\/p>","image_text":"","image_link":"","product":"25-aha-2-bha-5-pha-peeling-solution"}},"template--16729129681125__e40a45be-665d-40fd-8aa2-9f94e4790c49-1681819419f3c1fb0e-3":{"type":"testimonial","settings":{"title":"Loved using this serum","description":"<p>I recently stumbled upon this brightening serum, and I must say, it has brought a new level of radiance to my skincare routine. This little bottle of glow contains vitamin C, a powerful antioxidant that has worked wonders in evening out my skin tone and giving my complexion a bright, youthful glow. Loved it!<\/p>","footer":"<p><strong>Kavita Bhardwaj<\/strong><\/p>","image_text":"","image_link":"","product":"alpha-arbutin-vitamin-c-brightening-serum"}},"template--16729129681125__e40a45be-665d-40fd-8aa2-9f94e4790c49-1681819419f3c1fb0e-4":{"type":"testimonial","settings":{"title":"Loved it!","description":"<p>Overall, I would highly recommend this AHA BHA Patua scalp scrub to anyone looking for a transformative hair care experience. It's like a secret weapon for achieving healthy, beautiful hair, and I can't imagine going back to my old routine without it. So go ahead and treat your scalp to a little TLC - your hair (and your soul) will thank you for it!<\/p>","footer":"<p><strong>Reva Kadakia<\/strong><\/p>","image_text":"","image_link":"","product":"patua-aha-bha-scalp-scrub"}}},"block_order":["template--16729129681125__e40a45be-665d-40fd-8aa2-9f94e4790c49-1681819419f3c1fb0e-2","template--16729129681125__e40a45be-665d-40fd-8aa2-9f94e4790c49-1681819419f3c1fb0e-0","template--16729129681125__e40a45be-665d-40fd-8aa2-9f94e4790c49-1681819419f3c1fb0e-1","template--16729129681125__e40a45be-665d-40fd-8aa2-9f94e4790c49-1681819419f3c1fb0e-3","template--16729129681125__e40a45be-665d-40fd-8aa2-9f94e4790c49-1681819419f3c1fb0e-4"],"settings":{"heading":"What People Are Saying","subheading":"","description":"","header_alignment":"center","container":"container","background_color":"","design":"testimonials-6","show_stars":true,"autorotate":true,"show_navigation":true,"show_pagination":true,"star_color":"#000000","custom_class":""}}},"order":["bd2571a2-f2c0-4092-afa8-e5b35f1151ed","16485587154c3b17c5","1651754583fdd00906","80b9b762-5081-4d61-9a9d-fbebc5e93c4f","b16c25ca-e92f-49e4-8ef7-c4e7b0268e49","1aa124e5-8450-47d3-8f00-4b9fa22d6d95","f4061682-bdd6-4d7d-bc9d-960655b3493a","ae956c9c-74e3-4e9a-9db3-700bba555bb4","c8cb43cd-804b-43d0-b45f-1772f7d800d1","b308e2a1-9ad2-410b-b010-ee62006891e0","185bbd5e-55d7-415d-8132-199ab3bb0461","ed6a8104-c595-499b-b327-f2cb04cc61fc","afc0d9d3-505d-4989-a76b-accf0e19aee7","58ce75b5-d720-4dd5-b434-a9a601d28b1a","69fbdb45-a67a-48c8-94c4-f34d8bf1b77d","1bdb4e5b-b90b-4964-a867-fe715bac7c9a","162251092958fcda7c","adf7c15e-5b71-4d9a-bd2f-78abd8aa1f51","693b2ad6-93f8-4bb0-bd6e-270ce8468555","7e3b216b-fd3e-43a6-aed4-288dc2db8295","ede3736a-19fa-452f-943d-914e3f56a873","1661836213761256f4","16517562945ba9e681","eb1f1af4-ebd1-43b7-87db-a96f0ec8e888","e40a45be-665d-40fd-8aa2-9f94e4790c49"]}