{"sections":{"main":{"type":"page-contact","settings":{"container":"container"}},"maps":{"type":"maps","disabled":true,"settings":{"container":"container","map_height":"large","textx":"40.6700","texty":"-73.9400","zoom":"11","text2":"New York"}},"contact-form":{"type":"contact-form","blocks":{"text-block-1":{"type":"textblock","settings":{"title":"Address","content":"<p>405 & 406, Corporate Centre, Marol Pipeline Rd, Ajit Nagar, J B Nagar, Andheri East, Mumbai, Maharashtra 400059<\/p>"}},"text-block-2":{"type":"textblock","settings":{"title":"Information","content":"<p>+91 7400097974<\/p><p>hello@discoverpilgrim.com<br\/><br\/>Support timings: 9:00AM to 8:00PM(Monday to Sunday)<\/p>"}},"text-block-3":{"type":"socialmedia","settings":{"title":"Social Media"}},"text-block-4":{"type":"textblock","disabled":true,"settings":{"title":"We're Open","content":"<p>Our store has re-opened for shopping, exchanges<\/p><p>Every day 11am to 7pm<\/p>"}}},"block_order":["text-block-1","text-block-2","text-block-3","text-block-4"],"settings":{"container":"container","title":"We would love to hear from you.","description":"<p>Please feel free to drop your message here.<\/p>","show_name":true,"show_phone":false,"show_email":true,"show_message":true}}},"order":["main","maps","contact-form"]}