{"sections":{"main":{"type":"page-about-us","disabled":true,"settings":{}},"83383f2d-938a-40fc-88c2-ce9d0c7a04ed":{"type":"custom-content","blocks":{"fe8a6259-dd4d-4344-ad3d-fd53476a28ba":{"type":"text","settings":{"title":"Join Our Team at Pilgrim!","subheading":"","text":"<p>If you're driven by creativity, innovation, and making a positive impact, we would love to have you on our team. We believe in fostering a collaborative and diverse work environment where every voice is heard and valued.<\/p><p>If you're excited to contribute to the future of the beauty industry and be part of a dynamic team, we want to hear from you. To apply, please email your resume and cover letter (optional) to <a href=\"mailto:hr@discoverpilgrim.com\">hr@discoverpilgrim.com<\/a>. We can't wait to welcome you to the Pilgrim family!<\/p><p>Note: Please mention the desired position in the subject line of your email.<\/p>","width":"100%","alignment":"center","align_text":"left","text_size":"medium","text_color":"black","button_label":"","button_link":"","button_style":"sf__btn-primary","button_size":"","block_custom_class":""}},"f03c351a-ff47-4020-8b55-51a569e210f1":{"type":"text","disabled":true,"settings":{"title":"","subheading":"","text":"<h2><strong>Current Openings<\/strong><\/h2>","width":"100%","alignment":"center","align_text":"left","text_size":"medium","text_color":"black","button_label":"","button_link":"","button_style":"sf__btn-primary","button_size":"","block_custom_class":""}},"6a34ce42-5244-4e9c-8fa7-12fd33e4a566":{"type":"html","disabled":true,"settings":{"code":"<div class=\"sk-ww-linkedin-page-jobs\" data-embed-id=\"159422\"><\/div><script src=\"https:\/\/widgets.sociablekit.com\/linkedin-page-jobs\/widget.js\" async=\"\" defer><\/script>","width":"100%","block_custom_class":""}}},"block_order":["fe8a6259-dd4d-4344-ad3d-fd53476a28ba","f03c351a-ff47-4020-8b55-51a569e210f1","6a34ce42-5244-4e9c-8fa7-12fd33e4a566"],"custom_css":[],"settings":{"heading":"","subheading":"","description":"","header_alignment":"center","container":"container-fluid","background_color":"","gap":0,"use_scroll_mobile":false,"gap_mobile":0,"custom_class":"careers_policy_text"}},"a0124dd8-2426-4cc9-bfde-6884971519d8":{"type":"brands-list","blocks":{"template--16775193919717__a0124dd8-2426-4cc9-bfde-6884971519d8-168931767909e48d96-0":{"type":"image","settings":{"image":"shopify:\/\/shop_images\/Pilgrim-Core-Value-1_1.jpg","image_by_url":"","image_link":"","max_width":"150px"}},"template--16775193919717__a0124dd8-2426-4cc9-bfde-6884971519d8-168931767909e48d96-1":{"type":"image","settings":{"image":"shopify:\/\/shop_images\/Pilgrim-Core-Value-2_1.jpg","image_by_url":"","image_link":"","max_width":"150px"}},"template--16775193919717__a0124dd8-2426-4cc9-bfde-6884971519d8-168931767909e48d96-2":{"type":"image","settings":{"image":"shopify:\/\/shop_images\/Pilgrim-Core-Value-3_1.jpg","image_by_url":"","image_link":"","max_width":"150px"}},"template--16775193919717__a0124dd8-2426-4cc9-bfde-6884971519d8-168931767909e48d96-3":{"type":"image","settings":{"image":"shopify:\/\/shop_images\/Pilgrim-Core-Value-4_1.jpg","image_by_url":"","image_link":"","max_width":"150px"}}},"block_order":["template--16775193919717__a0124dd8-2426-4cc9-bfde-6884971519d8-168931767909e48d96-0","template--16775193919717__a0124dd8-2426-4cc9-bfde-6884971519d8-168931767909e48d96-1","template--16775193919717__a0124dd8-2426-4cc9-bfde-6884971519d8-168931767909e48d96-2","template--16775193919717__a0124dd8-2426-4cc9-bfde-6884971519d8-168931767909e48d96-3"],"settings":{"heading":"Our Values","subheading":"","header_alignment":"center","container":"w-full","background_color":"rgba(0,0,0,0)","item_per_row":4,"enable_slider":false,"autorotate":true,"autorotate_speed":3,"custom_class":""}},"4840aa2b-280e-4a26-b59d-d76ca2d4216c":{"type":"custom-content","blocks":{"ab52fc5d-a020-4d3a-98d6-f12e1ba0aa43":{"type":"text","settings":{"title":"","subheading":"","text":"<h3><strong>Influencer Marketing Executive<\/strong><\/h3>","width":"100%","alignment":"center","align_text":"left","text_size":"medium","text_color":"black","button_label":"View Details","button_link":"https:\/\/docs.google.com\/forms\/d\/12mhNPY78FK7lYaDjkbvVqla1PrIeG9n8Seyi7Z4ntCQ\/edit?pli=1","button_style":"sf__btn-primary","button_size":"","block_custom_class":""}},"6fd0649d-f622-4d2d-8b75-cdaed2520961":{"type":"text","settings":{"title":"","subheading":"","text":"<h3>Market Research Executive<\/h3>","width":"100%","alignment":"center","align_text":"left","text_size":"medium","text_color":"black","button_label":"View Details","button_link":"https:\/\/docs.google.com\/forms\/d\/1fh23jA-ZmIyJV3YnAcRdMG4ZlrCMMB27HjYwGqbh05Y\/edit","button_style":"sf__btn-primary","button_size":"","block_custom_class":""}},"789fe9ae-590d-402e-80fe-aa09d5bb04e3":{"type":"text","settings":{"title":"","subheading":"","text":"<h3>Brand Manager ( Makeup Category)<\/h3>","width":"100%","alignment":"center","align_text":"left","text_size":"medium","text_color":"black","button_label":"View Details","button_link":"https:\/\/docs.google.com\/forms\/d\/1ag0dU0FjWFYjMctLwsr2nzdCPbm4dewY4cZEw9BQzMQ\/edit","button_style":"sf__btn-primary","button_size":"","block_custom_class":""}},"f3681bce-e1ea-4ed0-8836-0226098aa827":{"type":"text","settings":{"title":"","subheading":"","text":"<h3>Creative Director<\/h3>","width":"100%","alignment":"center","align_text":"left","text_size":"medium","text_color":"black","button_label":"View Details","button_link":"https:\/\/docs.google.com\/forms\/d\/15MxGqlI-eZKVW_2JgAfiLlyJDTadbo5zwLDag_iGUns\/edit","button_style":"sf__btn-primary","button_size":"","block_custom_class":""}},"82f660d3-7d6d-4d18-a57b-c5e7102beb5f":{"type":"text","settings":{"title":"","subheading":"","text":"<h3>Business Intelligence Manager<\/h3>","width":"100%","alignment":"center","align_text":"left","text_size":"medium","text_color":"black","button_label":"View Details","button_link":"https:\/\/docs.google.com\/forms\/d\/1SZ1MKMSrt7hY7nTQ6tDhxUVB6TNJH-w_6rHlBBG6l6o\/edit","button_style":"sf__btn-primary","button_size":"","block_custom_class":""}},"42031b11-9c1d-4037-b077-9857ba7b561e":{"type":"text","settings":{"title":"","subheading":"","text":"<h3>Process Excellence<\/h3>","width":"100%","alignment":"center","align_text":"left","text_size":"medium","text_color":"black","button_label":"View Details","button_link":"https:\/\/docs.google.com\/forms\/d\/1QNCZf6R9hA2b1chze1yuihvn8zWhNicvANp4H95KZ50\/edit","button_style":"sf__btn-primary","button_size":"","block_custom_class":""}},"f1640dd7-9d80-4cc5-aa37-7e422d074743":{"type":"text","settings":{"title":"","subheading":"","text":"<h3><strong>Shopify Developer<\/strong><\/h3>","width":"100%","alignment":"center","align_text":"left","text_size":"medium","text_color":"black","button_label":"View Details","button_link":"https:\/\/docs.google.com\/forms\/d\/1LHjLwnCOIpN80iPwNVdWGqFJwCsV3pavYAY7BpFFcxQ\/edit","button_style":"sf__btn-primary","button_size":"","block_custom_class":""}}},"block_order":["ab52fc5d-a020-4d3a-98d6-f12e1ba0aa43","6fd0649d-f622-4d2d-8b75-cdaed2520961","789fe9ae-590d-402e-80fe-aa09d5bb04e3","f3681bce-e1ea-4ed0-8836-0226098aa827","82f660d3-7d6d-4d18-a57b-c5e7102beb5f","42031b11-9c1d-4037-b077-9857ba7b561e","f1640dd7-9d80-4cc5-aa37-7e422d074743"],"custom_css":[".current_opening div.sf-custom__block {border: 1px solid #ccc; border-radius: 8px; margin-bottom: 20px; padding: 10px 20px; padding-top: unset;}"],"settings":{"heading":"Current Openings","subheading":"","description":"","header_alignment":"center","container":"container-fluid","background_color":"","gap":30,"use_scroll_mobile":false,"gap_mobile":16,"custom_class":"current_opening"}},"f99daddd-9f67-449d-85df-30f7ea9a66e9":{"type":"collapsible-tabs","blocks":{"template--16775193919717__f99daddd-9f67-449d-85df-30f7ea9a66e9-1686293849083f5fd3-0":{"type":"item","settings":{"header":"Our Workplace Policy","content":"<h2>POLICY PREFACE<\/h2><p>The Government of India notified “The Rights of People with Disabilities Act, 2016” (RPWD) and “The Transgender Persons (Protection of Rights) Act, 2019” to provide protection to the Rights of Persons with Disabilities and to Transgender Persons employed or otherwise hired by the Company and for matters connected therewith or incidental thereto. Heavenly Secrets Private Limited (” the Company”) has framed this Equal Opportunity Policy in compliance with the requirements of “The Rights of People with Disabilities Act, 2016” and “The Transgender Persons (Protection of Rights) Act, 2019”.<br\/>At “Heavenly Secrets Pvt Ltd”, we recognize the value of a diverse workforce and are committed to providing equal opportunities in employment thereby creating an inclusive workplace and work culture in which all employees are treated with respect and dignity.<br\/>We constantly strive to ensure that our workforce is representative of all sections of the society. We believe that, by doing so, we would be better equipped to develop and deliver inclusive growth to all the employees of the organization along with achieving business excellence.<br\/>Through this policy the Company shall proactively work towards equal opportunity in all aspects of employment of Persons with Disabilities and Transgender Persons including the hiring\/selection process, promotions, transfers, provision of training opportunities, compensation, employee benefits.<br\/>The Managing Director along with the Liaison Officer (HR Head) has the overall responsibility for the effective operation and implementation of the equal opportunity policy.<\/p><h2><br\/>POLICY STATEMENT<\/h2><p><br\/>“Heavenly Secrets Pvt Ltd” is committed to eliminating all forms of unlawful discrimination (which includes direct discrimination, indirect discrimination and denial of reasonable accommodation), bullying and harassment of people with disabilities and transgender persons.<br\/>At “Heavenly Secrets Pvt Ltd”, we continuously strive to ensure that all our facilities, technologies, information and privileges are accessible to people with disabilities and transgender persons. We encourage differently abled candidates and transgender persons to apply for any job opportunity arising within the organization. Our decisions on employment, career progression, training or any other benefits are solely based on merit. We follow an inclusive evaluation process by ensuring that a person with disability is provided with such suitable flexibility and accommodation that may be required so that she\/he may be evaluated fairly. Any information shared by employee on disability\/medical condition\/sexuality\/gender identity shall remain confidential. If an employee acquires a disability during her\/his employment tenure she\/he can return to work at the same rank as before. In case the employee is unable to perform the assigned job, the organization will invest in re-skilling the employee for another suitable equivalent position.<\/p><h2>TERMS DEFINED<\/h2><p>Some relevant terms of the Rights of Persons with Disabilities Act, 2016 and The Transgender Persons (Protection of Rights) Act, 2019 are stated below:<\/p><p><strong>1. Discrimination: <\/strong>Discrimination in relation to disability, means any distinction, exclusion, restriction on the basis of disability which is the purpose or effect of impairing or nullifying the recognition, enjoyment or exercise on an equal basis with others of all human rights and fundamental freedoms in the political, economic, social, cultural, civil or any other field and includes all forms of discrimination and denial of reasonable accommodation.<\/p><p><strong>2. Person with benchmark disability: <\/strong>It means a person with not less than forty per cent of a specified disability where specified disability has not been defined in measurable terms and includes a person with disability where specified disability has been defined in measurable terms, as certified by the certifying authority.<\/p><p><strong>3. Person with disability: <\/strong>It means a person with long term physical, mental, intellectual or sensory impairment which, in interaction with barriers, hinders his full and effective participation in society equally with others.<\/p><p><strong>4. Reasonable accommodation: <\/strong>Reasonable Accommodation means necessary and appropriate modification and adjustments, without imposing a disproportionate or undue burden in a particular case, to ensure to persons with disabilities the enjoyment or exercise of rights equally with others.<\/p><p><strong>5. Special Employment Exchange: <\/strong>It means any office or place established or maintained by the Government for the collection and furnishing of information, either by keeping of registers or otherwise, regarding-<\/p><ul><li>Persons who seek to engage employees from amongst the persons with disabilities.<\/li><li>Persons with benchmark disability who seek employment<\/li><li>Vacancies to which persons with benchmark disabilities seeking employment may be<br\/>appointed<\/li><\/ul><p><strong>6. Specified Disability: <\/strong>Specified Disability shall mean and cover all the disabilities as specified in the Rights of Persons with Disabilities Act, 2016.<\/p><p><strong>7. Transgender Person: <\/strong>Means a person whose gender does not match with the gender assigned to that person at birth and includes trans-man or trans-woman (whether or not such person has undergone Sex Reassignment Surgery or hormone therapy or laser therapy or such other therapy), person with intersex variations, genderqueer and person having such socio-cultural identities as kinner, hijra, aravani and jogta.<\/p><h2>POLICY DETAILS<\/h2><p><strong>1. Rights and Entitlements<\/strong><\/p><p>Equal Opportunity Policy of the Company aims at ensuring that none of the employees with disability is discriminated against on the ground of disability, unless it is shown that the impugned act or omission is a proportionate means of achieving a legitimate aim.<br\/>The Company shall not discriminate with respect to any aspect of the employment relationship including the hiring\/selection process, promotions, transfers, provision of training opportunities, compensation, employee benefits, termination or retirement policies, and disciplinary practices.<br\/>Further, the with regard to Transgender persons, the Company shall maintain confidentiality of the gender identity of the employees except where the Company or its representatives is required to disclose such information to government officials or in order to cater to or provide support to such Employees.<\/p><p><strong>2. Positions for Disabled Persons and Transgender Persons<\/strong><\/p><p>In “Heavenly Secrets Pvt Ltd”, the hiring for all the positions is purely based on merit and the candidates are evaluated based upon their skills and competence. Flexibility and accommodations will be provided to persons with disabilities on an individual basis.<br\/>Pursuant to the Persons with Disabilities Rules, 2017, all establishments are required to identify posts that are suitable for Persons with Disabilities. Further, in addition to Persons with Disabilities Rules, 2017, Transgender Persons (Protection of Rights) Rules, 2020 require all establishments to implement all measures for providing a safe working environment and to ensure that no person with disabilities or transgender person is discriminated against in any matter relating to employment and other related issues. At “Heavenly Secrets Pvt Ltd”, all positions of employment, internships, etc., are open to everyone, as long as they are capable and competent at carrying out the essential functions of the position.<\/p><p><strong>3. Manner of selection<\/strong><\/p><p>a) Vacancy advertisement and application<\/p><ul><li>Wherever possible, all vacancies will be advertised internally and externally.<\/li><li>Wherever possible, vacancies will be notified to colleges, polytechnics and disability<br\/>organizations.<\/li><li>All vacancy advertisements will include an appropriate short statement on equal opportunities for people with disabilities and transgender persons.<\/li><li>Selection criteria (job description and employee specification) will be kept under constant review to ensure that they are non-discriminatory and that they relate purely to the skills needed for the job and nothing else.<\/li><li>Application forms will be made available in alternate formats, based on request.<\/li><\/ul><p>Employees are requested to report the existence of a disability or certificate of identity issued by the District Magistrate under the Transgender Rules to the Liaison Officer at the time of joining the organization, in order to ensure protection of their rights under this Policy.<\/p><p><strong>4. Facilities and Amenities<\/strong><\/p><p>The Company shall, as far as possible, endeavor to provide such facilities and amenities to Persons with Disabilities and Transgender Persons to enable them to effectively discharge their duties in the Company. The Company shall take into account the specific and special needs of Person with Disabilities and Transgender Persons employed by it and ensure that its facilities (including physical\/ digital infrastructure, information and communication technology, safety and security and transportation system, if any, provided by the Company) are easily accessible.<br\/><\/p><p>a) Physical Infrastructure: “Heavenly Secrets Pvt Ltd” shall endeavor to ensure that it provides barrier-free accessibility to Persons with Disabilities and that its physical infrastructure is disabled- friendly. Further, the Company shall endeavor to ensure that it provides basic infrastructural facilities to Transgender Persons. Towards this end, the Company shall, on a continuous basis, liaise with service providers, facility managers or such other appropriate persons who manage the premises within which its offices are located, in order to endeavor to observance of the accessibility standards prescribed under the Act in relation to its physical infrastructure. On a case to case basis, the Company may also opt to provide assistive devices for the convenience of Persons with Disabilities. Employees facing accessibility issues in relation to the physical infrastructure of the Company or with regard toany other issue, are requested to report the same to the Liaison Officer. Employees may report accessibility issues relating to the Company’s information and communication technology, to the Liaison Officer.<\/p><p>b) Digital Infrastructure: “Heavenly Secrets Pvt Ltd” continuously endeavors to ensure that all our documents, communication and information technology systems adhere to the accessibility standards. We shall always ensure that only accessible technologies are procured. Any employee facing accessibility challenges can reach out to the local IT support team.<\/p><p>c) Reasonable Accommodation: “Heavenly Secrets Pvt Ltd” will make reasonable accommodations, whenever necessary, for qualified employees or job applicants who have disabilities, as per The RPWD Act. Such accommodation will be provided:<\/p><p>1) to ensure equal opportunity in the application and selection process,<br\/>2) to enable an employee with a disability to perform the essential functions of a job, and<br\/>3) to enable an employee with a disability and transgender persons to enjoy the same benefits and privileges of employment as non-disabled employees<\/p><p><br\/>All documents concerning an employee’s reasonable accommodations request would be maintained in the employee’s confidential file, separate from the employee’s official personnel file.<\/p><p><strong>5. Training and Career development<\/strong><\/p><p>“Heavenly Secrets Pvt Ltd” will endeavor to provide course materials meant for induction and training in accessible formats on request. The request for reasonable accommodation, such as assistive aids, accessible training venue, accessible materials, interpreter, scribe, etc. shall be placed at least one week prior to the scheduled date of commencement of induction\/training.<br\/>The company has an accessible and inclusive appraisal process. Any employee\/Manager requiring any accommodations for an appraisal process must place a request at least two days in advance.<\/p><p><strong>6. Travel, stay and transport<\/strong><\/p><p>For official travel, employees with disabilities will be provided accessible modes of transport - air travel (in case road\/train travel is inaccessible), and accessible guest houses and hotels an allowing a personal attendant to travel along, as per our reasonable accommodation guidelines. An employee can place a written\/email request for this with the Travel Officer.<\/p><p><strong>7. Employee Engagement and social inclusion<\/strong><\/p><p>“Heavenly Secrets Pvt Ltd” will endeavor to make all company events and meetings inclusive by ensuring that these are conducted at accessible venues with a provision of reasonable accommodation being available to employees with disabilities.<\/p><p><strong>8. Maintenance of Records<\/strong><\/p><p>“Heavenly Secrets Pvt Ltd” will collect and maintain data regarding employees with disabilities in relation to their employment, facilities provided and other necessary information as per The RPWD Act. All employees will be asked to fill the Voluntary Disability Self Identification Form in order to give information regarding any disability that she\/he may have.<\/p><p>Employees are also requested to report disabilities acquired after joining the Company or in case of ceasing of a disability. An employee can edit the information at any time during her\/his tenure. There will be no penalties imposed because she\/he did not share information regarding her\/his disability earlier. An employee who acquires disability can also edit and update the form.<br\/>“Heavenly Secrets Pvt Ltd” respects the privacy of every individual and ensures utmost confidentiality of information\/concerns in relation to disability \/sexuality\/gender identity or any other personal information shared with it by its employees (or potential candidates). However, if the disclosure is mandated under law, then any such disclosure will be handled with utmost confidentiality and in accordance with applicable laws.<br\/>Exceptions to the confidentiality clause:<br\/>a. Managers\/Supervisors may be given information about an employee’s disability for allowing\/providing any accommodations.<br\/>b. Security personnel may be given information about an employee’s disability so as to facilitate obtaining any necessary support during an emergency.<br\/>c. Government officials who are investigating the compliance with The RPWD Act and The Transgender Persons (Protection of Rights) Act, 2019, may be given information about an employee’s disability and sexuality<\/p><p><strong>9. Furnishing of Returns<\/strong><\/p><p>The organization shall furnish information in relation to the vacancies appointed for persons with benchmark disabilities as and when they occur to such special employment exchanges as may be notified by the Government, from time to time.<\/p><h2>GOVERNANCE FRAMEWORK<\/h2><p>The Managing Director is responsible for ensuring that the establishment operates in compliance with The RPWD Act, 2016 and The Transgender Persons (Protection of Rights) Act, 2019 to fulfil the terms of this policy. The HR Head takes a lead in implementing the program and is responsible for planning, monitoring and reviewing its progress to ensure compliance with the policy.<\/p><p><strong>1. Liaison Officer<\/strong><\/p><p>“Heavenly Secrets Pvt Ltd” has appointed its HR head as a Liaison Officer who’s email id is hr@discoverpilgrim.com who will be responsible for taking initiative and providing the requisite support needed to realize the goals of an inclusive and accessible workplace and reasonable accommodation.<br\/>The Liaison Officer is responsible for:<\/p><ul><li>Implementing the action plan for making the workplace and IT systems accessible for people with disabilities by liaising with the various departments in the organization.<\/li><li>Ensuring that all employees are aware of the Equal Opportunity Policy and know their duties and rights in relation to the Equal Employment Opportunity policy.<\/li><li>Developing proactive strategies to prevent discrimination and harassment of persons (including disabled persons and Transgender Persons) at the workplace.<br\/>All employees have the responsibility to comply with the Equal Opportunity Policy. Managers and team members need to monitor the work environment to ensure that it is free from discrimination and harassment and encourages inclusion and respect for others. All employees are encouraged to report any incidents of violation of this policy and Managers should act promptly when concerns arise or complaints are made.<\/li><\/ul><p><strong>2. Violations and Reporting<\/strong><\/p><p>“Heavenly Secrets Pvt Ltd” has zero tolerance for disrespectful or inappropriate behavior, unfair treatment or retaliation of any kind. Harassment (physical, verbal or mental harassment) is not tolerated in the workplace and in any work-related circumstances outside of work. Complaints and grievances in relation to discrimination or harassment at the workplace and in any work-related circumstances outside of work may be forwarded to:<\/p><p>The Liaison Officer through e-mail communication marked to Shraddha Shikhare – hr@discoverpilgrim.com The Liaison Officer shall use best efforts to resolve and address grievances in a timely manner including to prevent any further harm or inconvenience to the Employee.<br\/>It is clarified that grievances raised with the Liaison Officer shall not affect any rights or recourse that Employees may have under applicable laws.<br\/>No retaliatory action will be taken against any individual for raising concerns as regards this policy. However, any such reporting by an employee if found to be in bad faith or in a false or frivolous manner, will be considered a violation of the code of conduct, and such employee may be subject to disciplinary action.<\/p>","content_page":"","open":false}},"template--16775193919717__f99daddd-9f67-449d-85df-30f7ea9a66e9-1686293849083f5fd3-1":{"type":"item","disabled":true,"settings":{"header":"Collapsible tab heading","content":"<p>Shipping cost is based on weight. Just add products to your cart and use the Shipping Calculator to see the shipping price.<\/p><p>We want you to be 100% satisfied with your purchase. Items can be returned or exchanged within 30 days of delivery.<\/p>","content_page":"","open":false}}},"block_order":["template--16775193919717__f99daddd-9f67-449d-85df-30f7ea9a66e9-1686293849083f5fd3-0","template--16775193919717__f99daddd-9f67-449d-85df-30f7ea9a66e9-1686293849083f5fd3-1"],"settings":{"container":"container"}}},"order":["main","83383f2d-938a-40fc-88c2-ce9d0c7a04ed","a0124dd8-2426-4cc9-bfde-6884971519d8","4840aa2b-280e-4a26-b59d-d76ca2d4216c","f99daddd-9f67-449d-85df-30f7ea9a66e9"]}