{"sections":{"main":{"type":"page-about-us","disabled":true,"settings":{}},"1655208074e6cb9da3":{"type":"slider","disabled":true,"blocks":{"16552080735bc4a842-0":{"type":"slider_item","settings":{"background":"shopify:\/\/shop_images\/about-us-1.jpg","mb_background":"shopify:\/\/shop_images\/about-us-1-sm_fa4bd931-d305-4e8d-acab-bc9a52c60153.png","image_alignment":"center","content_in_container":false,"content_position":"center middle","text_alignment":"center","text_size":"medium","text_color":"black","subheading":"","title":"","description":"","image_link":"","banner_name":"","banner_category":"","banner_offer":"","button_text":"","button_link":"","button_style":"sf__btn-primary","button_size":"","show_footer":false,"footer_alignment":"end","footer_text":"","footer_button":"Shop Now","footer_link":""}}},"block_order":["16552080735bc4a842-0"],"settings":{"container":"w-full","slideshow_height":"adapt","show_overlay":false,"dots_position":"bottom","dots_color":"dark","show_dots":true,"show_arrows":false,"autorotate":false,"autorotate_speed":5,"use_content_above":false,"custom_class":""}},"c1b57868-0c24-4457-94a9-a84077ba394f":{"type":"pagefly-section","disabled":true,"settings":{"section_id":"pf-da6dc6c6"}},"1bfd2137-5592-40d5-8b6a-7650ccc3a711":{"type":"custom-liquid","settings":{"custom_liquid":"<iframe style=\"border: #23183D;margin-bottom:0px;height:100vh\" width=\"100%\" height=\"100%\" src=\"https:\/\/play.rhym.io\/custom-game?game=GAM441767971476\"><\/iframe>","custom_class":""}}},"order":["main","1655208074e6cb9da3","c1b57868-0c24-4457-94a9-a84077ba394f","1bfd2137-5592-40d5-8b6a-7650ccc3a711"]}