{"sections":{"main":{"type":"main-product","blocks":{"544362f3-dd95-436d-b7eb-1456e173264c":{"type":"custom_liquid","disabled":true,"settings":{"custom_liquid":"<div class=\"B1G1\" style=\"width:fit-content;\">VALENTINE EDITION<\/div>"}},"6fdcc8bc-3d20-4ef3-975e-f5b408078378":{"type":"badge","settings":{}},"title":{"type":"title","settings":{}},"9254da6c-36a5-481b-967a-e8316a844800":{"type":"text","settings":{"text":"{{ product.metafields.my_fields.after_atc_single_line_text.value }}","text_style":"subtitle"}},"a20214b2-e575-4f81-bc15-48a5a3829364":{"type":"custom_text","disabled":true,"settings":{"content":"<p><strong>Range: <\/strong>{{ product.metafields.my_fields.product_range.value }}<\/p>"}},"2d07e415-d932-4c40-914a-f47b98688259":{"type":"custom_liquid","settings":{"custom_liquid":"{{ product.metafields.custom.body_mist_fragrance_notes }}"}},"a331ec9b-dc97-42fd-bd6f-373bb3d87a2b":{"type":"custom_liquid","settings":{"custom_liquid":"<p style=\"font-size: 16px; line-height: 16px;\"><strong>Strength: <\/strong>{{ product.metafields.custom.body_mist_strength }}<\/p>\n<p style=\"font-size: 16px; line-height: 16px; padding-bottom: 2%;\"><strong>Emotions: <\/strong>{{ product.metafields.custom.body_mist_emotions }}<\/p>"}},"b6eeb036-3df8-4fc9-83ae-aa56f644d5e8":{"type":"custom_liquid","settings":{"custom_liquid":""}},"72692ee8-3aee-4218-82bb-10d1a44571a6":{"type":"meta","settings":{"show_collections":false,"show_vendor":false,"show_type":false,"show_availability":true,"show_sku":false}},"fc817cd4-5da6-4582-9ea9-f38d291462e4":{"type":"text","settings":{"text":"MRP:","text_style":"uppercase"}},"price":{"type":"price","settings":{"show_saving":true}},"b90547e3-4ff9-4c96-8e29-ba62028f3c33":{"type":"text","settings":{"text":"Inclusive of all taxes.","text_style":"subtitle"}},"variant_picker":{"type":"variant_picker","disabled":true,"settings":{"size_title":"Style"}},"2a3fe451-4b2e-4cff-85e5-3bc0a34ac193":{"type":"custom_liquid","disabled":true,"settings":{"custom_liquid":"<script>\nasync function fetchAsync () {\npin=document.getElementById(\"pincode\").value;\nif(pin.length!=6){\ndocument.getElementById(\"pinlist\").innerHTML=\"<font color='red'>Please enter correct pincode<\/font>\";\nreturn;}\n\/\/alert(pin.length);\nurl='https:\/\/staging-admin.discoverpilgrim.com\/rest\/V1\/growisto-pincode\/pincodelist?pincode='+pin;\n  let response = await fetch(url);\n  let data = await response.json();\nconsole.log(data);\nif(data[0].duration){console.log('Data fetched')}\nelse{\ndocument.getElementById(\"pinlist\").innerHTML=\"<font color='red'>Unservicable pincode<\/font>\";\nreturn;\n};\ntxt='';\ncod='';\nif(data[0].cod==true){\ncod=\"\";\n}\nelse{\ncod=\"\";\n}\nnow = new Date(data[0].duration);\nconsole.log(now);\nvar months = ['January', 'February', 'March', 'April', 'May', 'June', 'July', 'August', 'September', 'October', 'November', 'December'];\nconsole.log(now.getDate(),months[now.getMonth()]);\nedate=now.getDate()+\" \"+months[now.getMonth()];\nconsole.log(edate);\n\ntxt=txt+\"Delivery to \"+data[0].city+\", India<\/br>\";\ntxt=txt+\"Delivery By <font color='green'> \"+edate+\"<\/font><\/br>\";\ntxt=txt+\" <font color='green'> \"+cod+\"<\/font><\/br>\";\n\n\ndocument.getElementById(\"pinlist\").innerHTML=txt;\n}\n<\/script>\n<input type=\"text\" id=\"pincode\" class=\"form-control\" placeholder=\"Enter Pincode\" maxlength=\"6\"><button type=\"button\" onclick=\"fetchAsync();\" name=\"add\" class=\"delivery-check-button\">\n <span>Check<br><\/span>\n<\/button>\n<p style=\"font-size:16px;color:#888888;\" id=\"pinlist\"><\/p>"}},"69c66ebd-3bef-4c30-8100-5a4d3ec72fe7":{"type":"custom_text","disabled":true,"settings":{"content":"<p><strong>Suitable for: <\/strong>{{ product.metafields.my_fields.rich_text_skin_type_batc.value }}<\/p><p><strong>Size: <\/strong>{{ product.metafields.my_fields.product_size.value }}<\/p>"}},"96e0d497-691e-47b4-9bb9-77c4efa475c2":{"type":"custom_text","disabled":true,"settings":{"content":"<p><strong>Size: <\/strong>{{ product.metafields.my_fields.product_size.value }}<\/p>"}},"59a28a0b-8f3a-4f74-8dbc-253db809c3bc":{"type":"custom_text","disabled":true,"settings":{"content":"<p><strong>Limited Period Offer:<\/strong><\/p><p><strong>Buy 2 Get 2 Free<\/strong> | Add 4 to Cart to get 2 of them free. <\/p><p>Shop skincare worth ₹2999 to get a <strong>FREE Pilgrim Vanity Bag<\/strong>. <\/p>"}},"ed6a5f5a-6faa-419f-a05d-b41cb8c3f7f8":{"type":"text","disabled":true,"settings":{"text":"{{ product.metafields.my_fields.after_atc_long_text | metafield_text }}","text_style":"body"}},"d35a65db-29b2-4f88-9303-213016244070":{"type":"foxkit_stock_countdown","settings":{}},"buy_buttons":{"type":"buy_buttons","settings":{"show_quantity_selector":false,"show_atc_button":true,"show_dynamic_checkout":false}},"3c252586-d180-470f-bc03-521a714f69e4":{"type":"image","disabled":true,"settings":{"image":"shopify:\/\/shop_images\/mobileBanner.png","image_link":"","image_width":100,"image_alignment":"center"}},"38e7d337-e4ba-495f-9b6a-d96e01e39337":{"type":"custom_liquid","disabled":true,"settings":{"custom_liquid":"<div id=\"razorpay-affordability-widget\"> <\/div>\n<div><\/div>\n<script>\nconst key = \"rzp_live_x69ujJvrmmHsh2\";\nconst amount = {{ product.price }};\n\nwindow.onload = function() {\n const widgetConfig = {\n\t\"key\": key,\n\t\"amount\": amount,\n };\n const rzpAffordabilitySuite = new RazorpayAffordabilitySuite(widgetConfig);\n rzpAffordabilitySuite.render();\n}\n<\/script>"}},"85665f30-103d-4fba-891a-cb651ef3829f":{"type":"image","settings":{"image":"shopify:\/\/shop_images\/Buy-3-At-999-PDP-Offer-Banner-800px_6ee16f84-079c-4630-bee2-d20bd5217f36.jpg","image_link":"","image_width":100,"image_alignment":"start"}}},"block_order":["544362f3-dd95-436d-b7eb-1456e173264c","6fdcc8bc-3d20-4ef3-975e-f5b408078378","title","9254da6c-36a5-481b-967a-e8316a844800","a20214b2-e575-4f81-bc15-48a5a3829364","2d07e415-d932-4c40-914a-f47b98688259","a331ec9b-dc97-42fd-bd6f-373bb3d87a2b","b6eeb036-3df8-4fc9-83ae-aa56f644d5e8","72692ee8-3aee-4218-82bb-10d1a44571a6","fc817cd4-5da6-4582-9ea9-f38d291462e4","price","b90547e3-4ff9-4c96-8e29-ba62028f3c33","variant_picker","2a3fe451-4b2e-4cff-85e5-3bc0a34ac193","69c66ebd-3bef-4c30-8100-5a4d3ec72fe7","96e0d497-691e-47b4-9bb9-77c4efa475c2","59a28a0b-8f3a-4f74-8dbc-253db809c3bc","ed6a5f5a-6faa-419f-a05d-b41cb8c3f7f8","d35a65db-29b2-4f88-9303-213016244070","buy_buttons","3c252586-d180-470f-bc03-521a714f69e4","38e7d337-e4ba-495f-9b6a-d96e01e39337","85665f30-103d-4fba-891a-cb651ef3829f"],"settings":{"container":"container-fluid","layout":"layout-6","show_atwl":false,"enable_history_state":true,"show_zoom_button":true,"enable_video_autoplay":false,"show_nav_media_mobile":true,"show_pagination_mobile":false,"use_sticky_atc":true,"use_sticky_atc_on_mobile":true,"enable_dynamic_checkout":false,"sticky_atc_wishtlist":false,"sticky_atc_compare":false}},"1660891912b22f8257":{"type":"countdown-timer","disabled":true,"settings":{"container":"w-full","section_height":"small","align":"center","background_color":"#fff7e5","background_image":"shopify:\/\/shop_images\/The-Ultimate-Lip-Care-Experience-Kit-Celebs-_-Top-Influencers-1080x1400-V2-_2.png","heading":"Coming Soon!","time":"2022-08-20 20:00:00","button_label":"","button_link":"","button_style":"sf__btn-primary","button_size":"","custom_class":"countdown"}},"1660806471f87afdfa":{"type":"custom-liquid","disabled":true,"settings":{"custom_liquid":"<strong>What makes it Special?<\/strong>\n<br>• Limited Edition. 100 Kits Only <br>\n• Bestsellers Chosen From Spanish Skincare Range\n<br>• Made With Squalane From 100% Pure Spanish Olives\n<br>• The Ultimate Hydration &amp; Glowing Skin!\n<br>• No Parabens, Sulfates. 100% Vegan","custom_class":"test-lip"}},"165233526202ef3ffb":{"type":"brands-list","disabled":true,"blocks":{"16523352625088d8c4-0":{"type":"image","settings":{"image_by_url":"{{ product.metafields.my_fields.ingredients1_url.value }}","image_link":"","max_width":"800px"}},"16523352625088d8c4-1":{"type":"image","settings":{"image_by_url":"{{ product.metafields.my_fields.ingredients2_url.value }}","image_link":"","max_width":"800px"}}},"block_order":["16523352625088d8c4-0","16523352625088d8c4-1"],"settings":{"heading":"Powerful Ingredients","subheading":"","header_alignment":"center","container":"container","background_color":"rgba(0,0,0,0)","item_per_row":2,"enable_slider":false,"autorotate":true,"autorotate_speed":3,"custom_class":""}},"product-details-tabs":{"type":"product-details-tabs","disabled":true,"blocks":{"e3684d89-7992-4811-98a0-4e38529b4fbb":{"type":"reviews","disabled":true,"settings":{"header":"Customer Reviews","container":"container-fluid","custom_liquid":""}},"tab":{"type":"tab","disabled":true,"settings":{"header":"Shipping & Return","content":"","content_page":"shipping-returns"}},"description":{"type":"description","disabled":true,"settings":{"header":"Know more about {{ product.title }}"}}},"block_order":["e3684d89-7992-4811-98a0-4e38529b4fbb","tab","description"],"settings":{"container":"container","bg_color":"rgba(0,0,0,0)","default_open":true}},"1648124814f79336e0":{"type":"collection-list","disabled":true,"blocks":{"16481248138709d903-0":{"type":"collection_block","settings":{"collection":"","title":"Step 1","item_image":"shopify:\/\/shop_images\/LANEIGE_WSM_HowToUse_242x242-1alt_240x240_crop_center_ada43e4e-2300-4787-a9e1-78ef28bedea0.gif"}},"16481248138709d903-1":{"type":"collection_block","settings":{"collection":"","title":"Step 2","item_image":"shopify:\/\/shop_images\/LANEIGE_WSM_HowToUse_242x242-2_240x240_crop_center_1d71a59e-dc60-4938-976d-91148b105b35.gif"}},"16481248138709d903-2":{"type":"collection_block","settings":{"collection":"","title":"Step 3","item_image":"shopify:\/\/shop_images\/LANEIGE_WSM_HowToUse_242x242-3_240x240_crop_center_d27e728c-84f6-4a19-9fd6-be09be96766d.gif"}}},"block_order":["16481248138709d903-0","16481248138709d903-1","16481248138709d903-2"],"settings":{"heading":"How to use?","subheading":"","description":"","header_alignment":"center","container":"container-fluid","background_color":"","layout":"grid","card_style":"standard","text_alignment":"left","hover_effect":"scaling-down","show_product_count":true,"count_inline_title":true,"image_rounded":false,"items_per_row":3,"item_gap":30,"enable_slider":true,"show_pagination":false,"show_navigation":false,"autorotate":false,"autorotate_speed":5,"use_scroll_mobile":true,"mobile_gap":26,"hidden_slide_control_mobile":false,"custom_class":""}},"1660315761ba0b7829":{"type":"image-with-text-2","disabled":true,"settings":{"container":"w-full","hero_size":"adapt","show_overlay":false,"image":"shopify:\/\/shop_images\/desktop-pdp-pilgrim-code_2.png","bg_position":"center","image_link":"","parallax":false,"content_in_container":false,"content_position":"center middle","text_alignment":"center","text_size":"medium","text_color":"white","title":"","subtitle":"","text":"","button_label":"","button_link":"","button_style":"sf__btn-primary","button_size":"","mb_image":"shopify:\/\/shop_images\/pdp-pilgrim-code-mobile-1_2.png","use_content_above":false,"custom_class":""}},"1660806070ba8fd512":{"type":"custom-content","disabled":true,"blocks":{"5d9a9086-213a-4e27-9fdd-d9ae8c17ce85":{"type":"text","disabled":true,"settings":{"title":"Designed in France","subheading":"","text":"<p>Romance is in the air! Introducing French Kiss, a body mist expertly crafted by the best perfumers from the city of love, France.<\/p>","width":"50%","alignment":"center","align_text":"left","text_size":"medium","text_color":"black","button_label":"","button_link":"","button_style":"sf__btn-primary","button_size":"","block_custom_class":""}},"c985b3b5-7d8d-4b4e-a488-2ecf54d36d82":{"type":"text","disabled":true,"settings":{"title":"Daily Body Spray","subheading":"","text":"<p>Romance is in the air! Introducing French Kiss, a body mist expertly crafted by the best perfumers from the city of love, France.<\/p>","width":"50%","alignment":"center","align_text":"left","text_size":"medium","text_color":"black","button_label":"","button_link":"","button_style":"sf__btn-primary","button_size":"","block_custom_class":""}},"c5bc9d64-d10c-44ef-8ee3-84e7c62cd6fc":{"type":"text","disabled":true,"settings":{"title":"Fragrance Notes","subheading":"","text":"<p>Warm vanilla and starfruit notes that'll make you smell irresistible.<\/p>","width":"50%","alignment":"center","align_text":"left","text_size":"medium","text_color":"black","button_label":"","button_link":"","button_style":"sf__btn-primary","button_size":"","block_custom_class":""}},"a0cdd9a7-fe76-4b43-a6e5-91307a60e754":{"type":"text","disabled":true,"settings":{"title":"Occasion","subheading":"","text":"<p>Whether you're going out for the day or getting ready for a romantic date, this fragrance will keep you smelling lovely for 8+ hours. So go ahead, try French Kiss and let your inner romantic girl shine!<\/p>","width":"50%","alignment":"center","align_text":"left","text_size":"medium","text_color":"black","button_label":"","button_link":"","button_style":"sf__btn-primary","button_size":"","block_custom_class":""}},"01ad0aab-01f2-48c5-b58f-ea3c83bcf01f":{"type":"html","disabled":true,"settings":{"code":"","width":"50%","block_custom_class":""}}},"block_order":["5d9a9086-213a-4e27-9fdd-d9ae8c17ce85","c985b3b5-7d8d-4b4e-a488-2ecf54d36d82","c5bc9d64-d10c-44ef-8ee3-84e7c62cd6fc","a0cdd9a7-fe76-4b43-a6e5-91307a60e754","01ad0aab-01f2-48c5-b58f-ea3c83bcf01f"],"custom_css":[".body_mist_description_header {}"],"settings":{"heading":"PERFECT BODY SPRAY FOR SUMMER!","subheading":"","description":"","header_alignment":"center","container":"container","background_color":"","gap":35,"use_scroll_mobile":false,"gap_mobile":6,"custom_class":"body_mist_description_header"}},"5086f4ac-cc23-4bfa-922a-683733a5b8cd":{"type":"custom-liquid","custom_css":[".body_mist_description {margin-top: -25px; max-width: 800px; display: block;}"],"settings":{"custom_liquid":"{{ product.metafields.custom.body_mist_description }}","custom_class":"container-narrow"}},"633644b1-b6c8-4627-b9ef-89db4d9d69ab":{"type":"image-with-text-2","settings":{"container":"w-full","hero_size":"adapt","show_overlay":true,"image":"{{ product.metafields.custom.what_makes_it_special_img1.value }}","bg_position":"center","image_link":"","parallax":false,"content_in_container":false,"content_position":"center middle","text_alignment":"center","text_size":"medium","text_color":"white","title":"","subtitle":"","text":"","button_label":"","button_link":"","button_style":"sf__btn-primary","button_size":"","mb_image":"{{ product.metafields.custom.what_makes_it_special_img1.value }}","use_content_above":false,"custom_class":""}},"6f68c92b-a44e-4cd4-9e78-3a7146f13b1d":{"type":"image-with-text-2","custom_css":[".body_mist_benefit_images {margin-top: -70px;}"],"settings":{"container":"w-full","hero_size":"adapt","show_overlay":true,"image":"{{ product.metafields.custom.what_makes_it_special_img2.value }}","bg_position":"center","image_link":"","parallax":false,"content_in_container":false,"content_position":"center middle","text_alignment":"center","text_size":"medium","text_color":"white","title":"","subtitle":"","text":"","button_label":"","button_link":"","button_style":"sf__btn-primary","button_size":"","mb_image":"{{ product.metafields.custom.what_makes_it_special_img2.value }}","use_content_above":false,"custom_class":"body_mist_benefit_images"}},"1660806165fd95efaa":{"type":"custom-content","custom_css":[".top_fragrance_notes_text {margin-top: -30px;}"],"settings":{"heading":"Top Fragrance Notes","subheading":"","description":"","header_alignment":"center","container":"w-full","background_color":"","gap":30,"use_scroll_mobile":false,"gap_mobile":16,"custom_class":"top_fragrance_notes_text"}},"62494d17-ff75-471e-bdf9-2859c4d117b8":{"type":"slider","blocks":{"template--16753363386597__62494d17-ff75-471e-bdf9-2859c4d117b8-1683523314fa8039ea-0":{"type":"slider_item","settings":{"background":"{{ product.metafields.custom.ingredient_slideshow_1.value }}","mb_background":"{{ product.metafields.custom.ingredient_slideshow_1.value }}","image_alignment":"center","content_in_container":false,"content_position":"center middle","text_alignment":"center","text_size":"medium","text_color":"black","subheading":"","title":"","description":"","image_link":"","banner_name":"","banner_category":"","banner_offer":"","button_text":"","button_link":"","button_style":"sf__btn-primary","button_size":"","show_footer":false,"footer_alignment":"end","footer_text":"New Collection","footer_button":"Shop Now","footer_link":""}},"template--16753363386597__62494d17-ff75-471e-bdf9-2859c4d117b8-1683523314fa8039ea-1":{"type":"slider_item","settings":{"background":"{{ product.metafields.custom.ingredient_slideshow_2.value }}","mb_background":"{{ product.metafields.custom.ingredient_slideshow_2.value }}","image_alignment":"center","content_in_container":false,"content_position":"center middle","text_alignment":"center","text_size":"medium","text_color":"black","subheading":"","title":"","description":"","image_link":"","banner_name":"","banner_category":"","banner_offer":"","button_text":"","button_link":"","button_style":"sf__btn-primary","button_size":"","show_footer":false,"footer_alignment":"end","footer_text":"New Collection","footer_button":"Shop Now","footer_link":""}}},"block_order":["template--16753363386597__62494d17-ff75-471e-bdf9-2859c4d117b8-1683523314fa8039ea-0","template--16753363386597__62494d17-ff75-471e-bdf9-2859c4d117b8-1683523314fa8039ea-1"],"settings":{"container":"w-full","slideshow_height":"adapt","show_overlay":false,"dots_position":"bottom","dots_color":"dark","show_dots":true,"show_arrows":false,"autorotate":false,"autorotate_speed":5,"use_content_above":false,"custom_class":""}},"1650100479e3b0d30f":{"type":"apps","disabled":true,"blocks":{"ab29edfc-7cf1-483e-9317-54020e9f736c":{"type":"shopify:\/\/apps\/judge-me-product-reviews\/blocks\/review_widget\/61ccd3b1-a9f2-4160-9fe9-4fec8413e5d8","settings":{}}},"block_order":["ab29edfc-7cf1-483e-9317-54020e9f736c"],"settings":{"heading":"","subheading":"","header_alignment":"center","container":"container","background_color":"","custom_class":""}},"16494867301842afff":{"type":"collapsible-tabs","blocks":{"16494867307dbee142-0":{"type":"item","settings":{"header":"See All Ingredients","content":"<p>{{ product.metafields.my_fields.after_atc_test_ingrdients.value }}<\/p>","content_page":"","open":false}}},"block_order":["16494867307dbee142-0"],"settings":{"container":"container-narrow"}},"1651576694774d624e":{"type":"collapsible-tabs","blocks":{"16515766949eabb77e-1":{"type":"item","settings":{"header":"How to Use","content":"<p>{{ product.metafields.my_fields.how_to_use | metafield_tag }}<\/p>","content_page":"","open":true}},"16515766949eabb77e-0":{"type":"item","settings":{"header":"Additional Information","content":"<p>{{ product.metafields.my_fields.additional_information | metafield_tag }}<\/p>","content_page":"","open":false}},"38f9beb2-573f-4112-b464-81ea872eff23":{"type":"liquid","disabled":true,"settings":{"header":"{{ product.metafields.my_fields.product_range.value }}","custom_liquid":"{{ product.metafields.my_fields.faq_products.value }}"}}},"block_order":["16515766949eabb77e-1","16515766949eabb77e-0","38f9beb2-573f-4112-b464-81ea872eff23"],"settings":{"container":"container-narrow"}},"1651935717456da1da":{"type":"custom-content","settings":{"heading":"FAQs","subheading":"","description":"","header_alignment":"center","container":"w-full","background_color":"","gap":30,"use_scroll_mobile":false,"gap_mobile":16,"custom_class":""}},"1651929136acb2fa69":{"type":"collapsible-tabs","blocks":{"16519291366d4bcadb-0":{"type":"item","settings":{"header":"• {{ product.metafields.my_fields.question1.value }}","content":"<p>» {{ product.metafields.my_fields.answer1 | metafield_tag }}<\/p>","content_page":"","open":true}},"16519291366d4bcadb-1":{"type":"item","settings":{"header":"• {{ product.metafields.my_fields.question2.value }}","content":"<p>» {{ product.metafields.my_fields.answer2 | metafield_tag }}<\/p>","content_page":"","open":false}},"98ffb8ef-7cdf-4787-bf8e-ef73a005dfc3":{"type":"item","settings":{"header":"• {{ product.metafields.my_fields.question3.value }}","content":"<p>» {{ product.metafields.my_fields.answer3 | metafield_tag }}<\/p>","content_page":"","open":false}},"961cea91-f9cb-4d3a-a1bc-0ace5e6ae223":{"type":"item","settings":{"header":"• {{ product.metafields.my_fields.question4.value }}","content":"<p>» {{ product.metafields.my_fields.answer4 | metafield_tag }}<\/p>","content_page":"","open":false}},"02916977-e9f2-4d67-8206-b72aa4149767":{"type":"item","settings":{"header":"• {{ product.metafields.my_fields.question5.value }}","content":"<p>» {{ product.metafields.my_fields.answer5 | metafield_tag }}<\/p>","content_page":"","open":false}},"62f2c1f7-1bd5-4835-a645-c7e10a147359":{"type":"item","disabled":true,"settings":{"header":"• {{ product.metafields.my_fields.question6.value }}","content":"<p>» {{ product.metafields.my_fields.answer6 | metafield_tag }}<\/p>","content_page":"","open":false}},"07f5802c-4cfc-4b4c-88a8-1471cf84367f":{"type":"item","disabled":true,"settings":{"header":"• {{ product.metafields.my_fields.question7.value }}","content":"<p>» {{ product.metafields.my_fields.answer7 | metafield_tag }} <\/p>","content_page":"","open":false}},"1527e8c4-8573-41ff-882f-8eecca1eb443":{"type":"item","disabled":true,"settings":{"header":"• {{ product.metafields.my_fields.question8.value }}","content":"<p>» {{ product.metafields.my_fields.answer8 | metafield_tag }}<\/p>","content_page":"","open":false}},"7e4929fd-561d-4088-99c6-e76439bd6fcc":{"type":"item","disabled":true,"settings":{"header":"• {{ product.metafields.my_fields.question9.value }}","content":"<p>» {{ product.metafields.my_fields.answer9 | metafield_tag }}<\/p>","content_page":"","open":false}},"1a8d4444-d96c-49c1-8c2e-34b537101fe7":{"type":"item","disabled":true,"settings":{"header":"• {{ product.metafields.my_fields.question10.value }}","content":"<p>» {{ product.metafields.my_fields.answer10 | metafield_tag }} <\/p>","content_page":"","open":false}}},"block_order":["16519291366d4bcadb-0","16519291366d4bcadb-1","98ffb8ef-7cdf-4787-bf8e-ef73a005dfc3","961cea91-f9cb-4d3a-a1bc-0ace5e6ae223","02916977-e9f2-4d67-8206-b72aa4149767","62f2c1f7-1bd5-4835-a645-c7e10a147359","07f5802c-4cfc-4b4c-88a8-1471cf84367f","1527e8c4-8573-41ff-882f-8eecca1eb443","7e4929fd-561d-4088-99c6-e76439bd6fcc","1a8d4444-d96c-49c1-8c2e-34b537101fe7"],"settings":{"container":"container"}},"recent-viewed-products":{"type":"recent-viewed-products","disabled":true,"settings":{"container":"container","heading":"Recently Viewed","limit":10,"columns":4,"column_gap":50,"enable_slider":true}},"5dcc6c40-8fff-4163-8b92-dd84bcfcf16f":{"type":"featured-collection","settings":{"heading":"More body mists for you","subheading":"","description":"","header_alignment":"center","container":"container-fluid","background_color":"rgba(0,0,0,0)","collection":"body-mists","enable_flashsale":false,"show_countdown":false,"product_to_show":8,"items_per_row":4,"item_gap":30,"pcard_layout":"","pcard_image_ratio":"","show_vendor":false,"hide_title":false,"enable_slider":false,"show_pagination":false,"show_navigation":false,"button_type":"link","button_text":"","button_style":"sf__btn-primary","button_size":"","infinite_load":false,"max_page_load":3,"use_scroll_mobile":true,"item_gap_mobile":12,"custom_class":""}}},"order":["main","1660891912b22f8257","1660806471f87afdfa","165233526202ef3ffb","product-details-tabs","1648124814f79336e0","1660315761ba0b7829","1660806070ba8fd512","5086f4ac-cc23-4bfa-922a-683733a5b8cd","633644b1-b6c8-4627-b9ef-89db4d9d69ab","6f68c92b-a44e-4cd4-9e78-3a7146f13b1d","1660806165fd95efaa","62494d17-ff75-471e-bdf9-2859c4d117b8","1650100479e3b0d30f","16494867301842afff","1651576694774d624e","1651935717456da1da","1651929136acb2fa69","recent-viewed-products","5dcc6c40-8fff-4163-8b92-dd84bcfcf16f"]}