{"sections":{"16640077481f4d6f56":{"type":"slider","blocks":{"1664007747e1ea0624-0":{"type":"slider_item","settings":{"background":"shopify:\/\/shop_images\/Pilgrim-Super-Saver-Sale-B1G1-FREE-Homepage-Banner-1920x520_8875bc56-b172-4bf8-a793-ee3e4b0622c8.jpg","mb_background":"shopify:\/\/shop_images\/Pilgrim-Super-Saver-Sale-B1G1-FREE-Homepage-Banner-800x1000_4ef7b04c-1a9d-49a3-8338-07a315517a45.jpg","image_alignment":"center","content_in_container":false,"content_position":"center middle","text_alignment":"center","text_size":"medium","text_color":"black","subheading":"","title":"","description":"","image_link":"","banner_name":"","banner_category":"","banner_offer":"","button_text":"","button_link":"","button_style":"sf__btn-primary","button_size":"","show_footer":false,"footer_alignment":"end","footer_text":"","footer_button":"","footer_link":""}}},"block_order":["1664007747e1ea0624-0"],"settings":{"container":"w-full","slideshow_height":"adapt","show_overlay":false,"dots_position":"bottom","dots_color":"dark","show_dots":true,"show_arrows":false,"autorotate":false,"autorotate_speed":5,"use_content_above":false,"custom_class":""}},"1664007829d8e6bbf2":{"type":"countdown-timer","settings":{"container":"container-fluid","section_height":"small","align":"center","background_color":"#ffffff","heading":"VIP Access ends in","time":"2022-09-25 00:00:00","button_label":"","button_link":"","button_style":"sf__btn-primary","button_size":"","custom_class":"presale"}},"1664008341259c81e6":{"type":"featured-collection","settings":{"heading":"B1G1 FREE on Bestsellers!","subheading":"","description":"","header_alignment":"center","container":"container-fluid","background_color":"rgba(0,0,0,0)","collection":"bestsellers","enable_flashsale":false,"show_countdown":false,"product_to_show":8,"items_per_row":4,"item_gap":30,"pcard_layout":"","pcard_image_ratio":"","show_vendor":false,"hide_title":false,"enable_slider":false,"show_pagination":false,"show_navigation":false,"button_type":"link","button_text":"","button_style":"sf__btn-primary","button_size":"","infinite_load":false,"max_page_load":3,"use_scroll_mobile":true,"item_gap_mobile":16,"custom_class":""}},"collection-header":{"type":"collection-page-header","disabled":true,"settings":{"container":"container","layout":"inside","header_height":"small","text_alignment":"center","vertical_alignment":"center","text_color":"dark","bg_color":"#ffffff","enable_parallax":false,"upper_title":false,"show_desc":false,"collection_all_desc":""}},"1664021457f6b04ebc":{"type":"slider","blocks":{"166402145667211baf-0":{"type":"slider_item","settings":{"background":"shopify:\/\/shop_images\/Hot-Picks-Category-Banner-1920x400.jpg","mb_background":"shopify:\/\/shop_images\/Hot-Picks-Category-Banner-1920x400.jpg","image_alignment":"center","content_in_container":false,"content_position":"center middle","text_alignment":"center","text_size":"medium","text_color":"black","subheading":"","title":"","description":"","image_link":"shopify:\/\/collections\/products-under-699","banner_name":"","banner_category":"","banner_offer":"","button_text":"","button_link":"","button_style":"sf__btn-primary","button_size":"","show_footer":false,"footer_alignment":"end","footer_text":"","footer_button":"","footer_link":""}}},"block_order":["166402145667211baf-0"],"settings":{"container":"w-full","slideshow_height":"adapt","show_overlay":false,"dots_position":"bottom","dots_color":"dark","show_dots":true,"show_arrows":false,"autorotate":false,"autorotate_speed":5,"use_content_above":false,"custom_class":""}},"16640228501f6fab46":{"type":"slider","blocks":{"166402285039f88b2f-0":{"type":"slider_item","settings":{"background":"shopify:\/\/shop_images\/Rituals-Category-Banner-1920x400.jpg","mb_background":"shopify:\/\/shop_images\/Rituals-Category-Banner-1920x400.jpg","image_alignment":"center","content_in_container":false,"content_position":"center middle","text_alignment":"center","text_size":"medium","text_color":"black","subheading":"","title":"","description":"","image_link":"shopify:\/\/collections\/rituals-under-1249","banner_name":"","banner_category":"","banner_offer":"","button_text":"","button_link":"","button_style":"sf__btn-primary","button_size":"","show_footer":false,"footer_alignment":"end","footer_text":"","footer_button":"","footer_link":""}}},"block_order":["166402285039f88b2f-0"],"settings":{"container":"w-full","slideshow_height":"adapt","show_overlay":false,"dots_position":"bottom","dots_color":"dark","show_dots":true,"show_arrows":false,"autorotate":false,"autorotate_speed":5,"use_content_above":false,"custom_class":""}},"16640224615dbedd88":{"type":"product-tabs","blocks":{"166402246138e718ad-0":{"type":"tab","settings":{"title":"Festive Glow Products","collection":"festive-glow-products"}},"166402246138e718ad-1":{"type":"tab","settings":{"title":"Silky Hair Must-Haves","collection":"hair-care"}},"3c2597fd-af2d-4c73-8bf1-2b09cfbec3bd":{"type":"tab","settings":{"title":"Perfect Pout Essentials","collection":"lip-care"}},"96f3b759-92c7-4498-ae34-c9d3cbd065c7":{"type":"tab","settings":{"title":"Newly Launched Products","collection":"new-launch"}}},"block_order":["166402246138e718ad-0","166402246138e718ad-1","3c2597fd-af2d-4c73-8bf1-2b09cfbec3bd","96f3b759-92c7-4498-ae34-c9d3cbd065c7"],"settings":{"heading":"BUY 1 GET 1 FREE on","subheading":"","description":"","header_alignment":"center","container":"container-fluid","background_color":"rgba(0,0,0,0)","tab_header":"horizontal","limit":4,"show_button":false,"button_type":"link","button_label":"View all","button_style":"sf__btn-primary","button_size":"","pcard_layout":"","pcard_image_ratio":"","show_vendor":false,"items_per_row":4,"item_gap":30,"enable_slider":false,"show_navigation":true,"show_pagination":false,"use_scroll_mobile":true,"item_gap_mobile":16,"custom_class":""}},"16640233609feb7c3b":{"type":"featured-collection","settings":{"heading":"Featured collection","subheading":"","description":"","header_alignment":"center","container":"container-fluid","background_color":"rgba(0,0,0,0)","collection":"featured-collection","enable_flashsale":false,"show_countdown":false,"product_to_show":8,"items_per_row":4,"item_gap":30,"pcard_layout":"","pcard_image_ratio":"","show_vendor":false,"hide_title":false,"enable_slider":false,"show_pagination":false,"show_navigation":false,"button_type":"link","button_text":"","button_style":"sf__btn-primary","button_size":"","infinite_load":false,"max_page_load":3,"use_scroll_mobile":true,"item_gap_mobile":16,"custom_class":"presale"}},"main":{"type":"main-collection-product-grid","disabled":true,"blocks":{"26ef6509-772d-4c44-bd90-efc089bd9355":{"type":"filter","settings":{"design_filtergroup":"button","title":"Size","filtergroup":"XS,S,M,L,XL","show_label":false,"use_accordion":false,"open_filtergroup":true}},"e12de6da-eab8-4abe-967c-06d0d959a18a":{"type":"filter","settings":{"design_filtergroup":"color","title":"Colors","filtergroup":"Blue, Red, White ,Black ,Pink ,Silver,Purple,Brown,Yellow,Grey,Green,Tan,Violet,Dark Grey,Beige,Light Blue, Dark Blue, Light Grey, Light Pink, Mint, Rose Gold, Night Blue, Copper, Coral, Rosy Brown","show_label":false,"use_accordion":false,"open_filtergroup":true}},"fa31a837-9c99-4c92-8cfe-0527ffbe7b15":{"type":"filter","settings":{"design_filtergroup":"default","title":"Prices","filtergroup":"$0-$50,$50-$100,$100-$150,$150-$200,$200-$300,$300-$400","show_label":false,"use_accordion":false,"open_filtergroup":true}},"4903963a-90f0-4fe1-be23-ee4f8749e483":{"type":"filter","settings":{"design_filtergroup":"inrow","title":"Brands","filtergroup":"Minimog,Retrolie,Abby,Brook,Learts,Vagabond","show_label":false,"use_accordion":false,"open_filtergroup":true}},"00b3badd-1613-4230-85d8-f87f04306aaa":{"type":"filter","settings":{"design_filtergroup":"inrow","title":"Tags","filtergroup":"Dress,Tops,Shirts,Fashion,Hats,Sandal,Belt,Bags,Snacker,Denim,Minimog,Vagabond,Sunglasses, Beachwear,Vintage","show_label":false,"use_accordion":true,"open_filtergroup":true}}},"block_order":["26ef6509-772d-4c44-bd90-efc089bd9355","e12de6da-eab8-4abe-967c-06d0d959a18a","fa31a837-9c99-4c92-8cfe-0527ffbe7b15","4903963a-90f0-4fe1-be23-ee4f8749e483","00b3badd-1613-4230-85d8-f87f04306aaa"],"settings":{"container":"container-fluid","grid_layout":"grid","grid_columns":"4","show_columns_switcher":true,"show_sorting":true,"show_filter":true,"filters_type":"tags_filter","sidebar":"leftColumn","sidebar_title":"Filters","limit_height_widget":false,"limit_height":300,"change_product_variant_on_fitlering":true,"pagination_limit":12,"paginate_type":"paginate"}},"recent-viewed":{"type":"recent-viewed-products","settings":{"container":"container","heading":"Recently Viewed Products","limit":8,"columns":4,"column_gap":30,"enable_slider":true}}},"order":["16640077481f4d6f56","1664007829d8e6bbf2","1664008341259c81e6","collection-header","1664021457f6b04ebc","16640228501f6fab46","16640224615dbedd88","16640233609feb7c3b","main","recent-viewed"]}