{"sections":{"1651751333f62ca8e2":{"type":"slider","blocks":{"165175133344c01248-1":{"type":"slider_item","settings":{"background":"{{ collection.image }}","mb_background":"shopify:\/\/shop_images\/Buy-Any-3-Face-Care-Product-At-1099-Offer-Creative-650x400_b16de646-570e-4669-a9ed-5c94cc4695da.jpg","image_alignment":"center","content_in_container":true,"content_position":"center middle","text_alignment":"center","text_size":"medium","text_color":"black","subheading":"","title":"","description":"","image_link":"","banner_name":"","banner_category":"","banner_offer":"","button_text":"","button_link":"","button_style":"sf__btn-primary","button_size":"","show_footer":false,"footer_alignment":"end","footer_text":"New Collection","footer_button":"Shop Now","footer_link":""}}},"block_order":["165175133344c01248-1"],"settings":{"container":"w-full","slideshow_height":"adapt","show_overlay":false,"dots_position":"bottom","dots_color":"dark","show_dots":true,"show_arrows":false,"autorotate":false,"autorotate_speed":5,"use_content_above":false,"custom_class":""}},"9ea8c400-3ea9-4b72-8f03-9d5053b88f7d":{"type":"custom-liquid","settings":{"custom_liquid":"{% if collection.metafields.custom.addnl_collection_banner %}\n \n<img src=\"{{collection.metafields.custom.addnl_collection_banner | img_url: \"\"}}\" \/>\n{% endif %}","custom_class":""}},"collection-header":{"type":"collection-page-header","disabled":true,"blocks":{"46b649f9-25d7-45c0-b892-cca49e09998f":{"type":"banner","settings":{"collection":"","image":"{{ block.settings.collection.image }}"}}},"block_order":["46b649f9-25d7-45c0-b892-cca49e09998f"],"settings":{"container":"container","layout":"without_breadcrumb","header_height":"adapt","text_alignment":"center","vertical_alignment":"center","text_color":"dark","bg_color":"#ffffff","enable_parallax":false,"upper_title":false,"show_desc":false,"collection_all_desc":""}},"main":{"type":"main-collection-product-grid","blocks":{"26ef6509-772d-4c44-bd90-efc089bd9355":{"type":"filter","disabled":true,"settings":{"design_filtergroup":"button","title":"Size","filtergroup":"XS,S,M,L,XL","show_label":false,"use_accordion":false,"open_filtergroup":true}},"e12de6da-eab8-4abe-967c-06d0d959a18a":{"type":"filter","disabled":true,"settings":{"design_filtergroup":"color","title":"Colors","filtergroup":"Blue, Red, White ,Black ,Pink ,Silver,Purple,Brown,Yellow,Grey,Green,Tan,Violet,Dark Grey,Beige,Light Blue, Dark Blue, Light Grey, Light Pink, Mint, Rose Gold, Night Blue, Copper, Coral, Rosy Brown","show_label":false,"use_accordion":false,"open_filtergroup":true}},"fa31a837-9c99-4c92-8cfe-0527ffbe7b15":{"type":"filter","settings":{"design_filtergroup":"default","title":"Prices","filtergroup":"$0-$50,$50-$100,$100-$150,$150-$200,$200-$300,$300-$400","show_label":false,"use_accordion":true,"open_filtergroup":true}},"4903963a-90f0-4fe1-be23-ee4f8749e483":{"type":"filter","settings":{"design_filtergroup":"inrow","title":"Brands","filtergroup":"Secrets of Jeju, Secrets of Vino, Secrets of Spain","show_label":false,"use_accordion":false,"open_filtergroup":true}},"00b3badd-1613-4230-85d8-f87f04306aaa":{"type":"filter","settings":{"design_filtergroup":"inrow","title":"Tags","filtergroup":"Dress,Tops,Shirts,Fashion,Hats,Sandal,Belt,Bags,Snacker,Denim,Minimog,Vagabond,Sunglasses, Beachwear,Vintage","show_label":false,"use_accordion":true,"open_filtergroup":true}}},"block_order":["26ef6509-772d-4c44-bd90-efc089bd9355","e12de6da-eab8-4abe-967c-06d0d959a18a","fa31a837-9c99-4c92-8cfe-0527ffbe7b15","4903963a-90f0-4fe1-be23-ee4f8749e483","00b3badd-1613-4230-85d8-f87f04306aaa"],"settings":{"container":"container","grid_layout":"grid","grid_columns":"5","show_columns_switcher":false,"show_sorting":true,"show_filter":true,"filters_type":"storefront_filters","sidebar":"fixed","sidebar_title":"Filters","limit_height_widget":false,"limit_height":300,"change_product_variant_on_fitlering":true,"pagination_limit":8,"paginate_type":"infinite"}},"22713817-329f-4ab2-8409-9d50ac9fcdb9":{"type":"custom-content","blocks":{"template--16690718867685__22713817-329f-4ab2-8409-9d50ac9fcdb9-16773363407e4505df-0":{"type":"text","settings":{"title":"Top Bought Combos","subheading":"","text":"<p>Shop for our top selling products!<\/p>","width":"100%","alignment":"center","align_text":"center","text_size":"medium","text_color":"black","button_label":"","button_link":"","button_style":"sf__btn-primary","button_size":"","block_custom_class":""}},"template--16690718867685__22713817-329f-4ab2-8409-9d50ac9fcdb9-16773363407e4505df-1":{"type":"image","disabled":true,"settings":{"link":"","width":"50%","alignment":"center","block_custom_class":""}},"80c8b3cf-23b0-4831-b819-b66594980fb5":{"type":"product_bundles","settings":{"width":"50%","alignment":"start","title":"","subheading":"","show_reviews":true,"product_1":"25-aha-2-bha-5-pha-peeling-solution","product_2":"squalane-ultra-matte-sunscreen-spf-50-pa","product_3":"2-vitamin-c-oil-free-moisturizer","product_4":"","product_5":"","block_custom_class":"combos"}},"2b81d955-ed46-437b-8cc2-0f521f07f89e":{"type":"product_bundles","settings":{"width":"50%","alignment":"center","title":"","subheading":"","show_reviews":true,"product_1":"patua-keratin-smoothening-shampoo","product_2":"patua-keratin-hair-smoothing-conditioner","product_3":"patua-hyaluronic-acid-smoothening-hair-serum","product_4":"","product_5":"","block_custom_class":"combos"}}},"block_order":["template--16690718867685__22713817-329f-4ab2-8409-9d50ac9fcdb9-16773363407e4505df-0","template--16690718867685__22713817-329f-4ab2-8409-9d50ac9fcdb9-16773363407e4505df-1","80c8b3cf-23b0-4831-b819-b66594980fb5","2b81d955-ed46-437b-8cc2-0f521f07f89e"],"custom_css":[".combos {padding-left: 20px;}"],"settings":{"heading":"","subheading":"","description":"","header_alignment":"center","container":"container-fluid","background_color":"","gap":30,"use_scroll_mobile":false,"gap_mobile":16,"custom_class":""}},"recent-viewed":{"type":"recent-viewed-products","settings":{"container":"container","heading":"Recently Viewed Products","limit":8,"columns":4,"column_gap":0,"enable_slider":true}},"16517533909dd52bd2":{"type":"slider","blocks":{"1651753390f7b2ed6c-2":{"type":"slider_item","settings":{"background":"shopify:\/\/shop_images\/Free-Delivery-Strip-1920px_1_0fa19fb9-852e-4e02-97bd-62ed85872a06.jpg","mb_background":"shopify:\/\/shop_images\/mobileBanner_f935c9d5-01e0-4524-93ff-74a4ea61fc06.png","image_alignment":"center","content_in_container":false,"content_position":"center middle","text_alignment":"center","text_size":"medium","text_color":"black","subheading":"","title":"","description":"","image_link":"","banner_name":"","banner_category":"","banner_offer":"","button_text":"","button_link":"","button_style":"sf__btn-primary","button_size":"","show_footer":false,"footer_alignment":"end","footer_text":"New Collection","footer_button":"Shop Now","footer_link":""}}},"block_order":["1651753390f7b2ed6c-2"],"settings":{"container":"w-full","slideshow_height":"adapt","show_overlay":false,"dots_position":"bottom","dots_color":"dark","show_dots":true,"show_arrows":false,"autorotate":false,"autorotate_speed":5,"use_content_above":false,"custom_class":""}}},"order":["1651751333f62ca8e2","9ea8c400-3ea9-4b72-8f03-9d5053b88f7d","collection-header","main","22713817-329f-4ab2-8409-9d50ac9fcdb9","recent-viewed","16517533909dd52bd2"]}