{"sections":{"main":{"type":"main-page","settings":{"show_title":true,"page_width":"medium"}},"faq":{"type":"faq","blocks":{"efedfb51-cd88-4e89-9366-199f3a109eea":{"type":"category","settings":{"title":"Orders"}},"735b8cde-c67e-489f-b130-1ff9bffaa2f3":{"type":"question","settings":{"title":"How do I know that my order is confirmed?","answer":"<p>As soon as you place the order, you will receive <strong>a confirmation SMS<\/strong> and email with the order number and the estimated time of delivery.<\/p>"}},"548e7427-22c6-469a-8a27-fdce302a2e20":{"type":"question","settings":{"title":"Can I modify my order after placing it?","answer":"<p>An order cannot be modified once it has been placed. However, you can contact us via <strong>email (hello@discoverpilgrim.com)<\/strong> or contact our<br\/>customer delight team <strong>(WhatsApp: 74000 97974)<\/strong> and we will do our best to assist you.<\/p>"}},"83fb6891-2514-4970-bcc3-6aaeb3196abf":{"type":"question","settings":{"title":"How can I track my order\/When will I receive my order?","answer":"<p>We aim to ensure that you receive your order as quickly as possible. Once your order is shipped, you will receive an email with the required<br\/>information to track your order.<\/p>"}},"c323f1b1-263d-4f97-b073-0715da74afa2":{"type":"question","settings":{"title":"Will I have to bear the shipping charges?","answer":"<p>We offer free shipping for all orders above a certain value,<br\/>which is notified from time to time. We also offer Cash-On-<br\/>Delivery to many locations at no additional charge. Please<br\/>consider the shipping rates shown at the time of check-out to<br\/>be final.<\/p>"}},"0de56f67-68e8-44c3-883f-f9362bea193a":{"type":"question","settings":{"title":"Do you have Cash On Delivery (COD) facility?","answer":"<p><strong>Yes<\/strong>, we do have Cash On Delivery facility for all our orders.<br\/><\/p>"}},"8f4f97cf-53c9-4c5a-981c-50fceb00c06c":{"type":"question","settings":{"title":"What are the different ways I can order Pilgrim products?","answer":"<p>You can order Pilgrim products online from various stores<br\/>including www.discoverpilgrim.com, Amazon, Flipkart, Myntra<br\/>and Nykaa. In case you want to place a bulk order via email or<br\/>call, please contact our customer care at<br\/>hello@discoverpilgrim.com or Mobile: 74000 97974 for<br\/>assistance. If you want to sell Pilgrim products from your store<br\/>or website, please contact us at hello@discoverpilgrim.com or<br\/>+91 7400097974<\/p>"}},"d1417631-272c-4815-aa61-9d5b50006626":{"type":"question","settings":{"title":"How much time does it take for the order to be delivered?","answer":"<p>Once you place the order, it is shipped within 2 business days<br\/>(Mostly same day) and you can expect it to be delivered within<br\/>4-5 business days. Please note that our standard delivery times<br\/>are estimates and may vary due to external factors including<br\/>unexpected weather conditions, remote locations, and natural<br\/>calamities.<\/p>"}},"52dc7607-7405-4273-b809-63d2dd9c6a7b":{"type":"question","settings":{"title":"Can the billing address be different from the shipping address?","answer":"<p>Yes, the billing and shipping addresses can be different.<\/p>"}},"65c41361-4cd2-4704-b248-8e1a97b1f426":{"type":"question","settings":{"title":"Do you ship outside India?","answer":"<p>No. We currently ship in India only.<\/p>"}},"ddbef071-e85e-4cd7-ad89-0847817db124":{"type":"category","settings":{"title":"Payments"}},"3b4af23c-46ce-4877-8151-52ef6e3aa559":{"type":"question","settings":{"title":"What do I do if I'm having trouble making payments online?","answer":"<p>Kindly contact us at <strong>hello@discoverpilgrim.com<\/strong><br\/>or<br\/><strong>WhatsApp us at +91 7400097974<\/strong><br\/>and we will assist you in<br\/>making the online payment.<\/p>"}},"4996d402-9315-4c89-a44a-b05462cbf706":{"type":"category","settings":{"title":"Returns"}},"90ecfa7d-2f52-459c-8f04-b5fd7dd659af":{"type":"question","settings":{"title":"By when can I return a product I haven't used? Do you cater to returns? What if I don't like the product and want to return it?","answer":"<p>Kindly refer to our <a href=\"https:\/\/discoverpilgrim.com\/pages\/shipping-returns\" title=\"https:\/\/discoverpilgrim.com\/pages\/shipping-returns\">Shipping& Returns Policy.<\/a><\/p>"}},"54030c05-890f-49bb-ae08-13e142944e77":{"type":"category","settings":{"title":"PilgrimTRlBE Loyalty Program"}},"112bc9ed-87af-4e26-bece-dcf254131490":{"type":"question","settings":{"title":"How do I redeem my PilgrimMlLES?","answer":"<p>It's super simple to redeem PilgrimMlLES.<\/p><p><strong>Step 1:<\/strong> Login to your account on our website.<\/p><p><strong>Step 2:<\/strong> Click on the PilgrimTRlBE icon on the homepage. or <a href=\"https:\/\/discoverpilgrim.myshopify.com\/pages\/loyalty-program#smile-referral-program-details\" title=\"https:\/\/discoverpilgrim.myshopify.com\/pages\/loyalty-program#smile-referral-program-details\"><strong>click here<\/strong><\/a><\/p><p><strong>Step 3: <\/strong>Go to 'My Rewards'. Click on 'Redeem points' and generate coupon code.<\/p><p><strong>Step 4:<\/strong> Add products to cart<\/p><p><strong>Step 5:<\/strong> Checkout and apply the code!<\/p>"}},"50282d20-50dd-447b-92d8-5352d5f8fb0f":{"type":"category","settings":{"title":"Contact Us"}},"cde64cca-7d7a-46c6-b54b-6e26f2568dde":{"type":"question","settings":{"title":"How can I get in touch with Pilgrim?","answer":"<p>We would love to hear from you. Please get in touch at<br\/><strong>hello@discoverpilgrim.com<\/strong> or <strong>WhatsApp +91 7400097974.<\/strong><\/p>"}},"b44ba755-6873-4bbd-856c-b994c1834750":{"type":"category","settings":{"title":"Ingredients"}},"be01c660-8d5d-44bb-ad78-816b056db2bb":{"type":"question","settings":{"title":"What is THE PILGRIM CODE?","answer":"<p>All our products are made keeping in mind The Pilgrim Code,<br\/>a set of values that we deeply believe in. Crafted with love, all<br\/>Pilgrim products are <strong>FDA-approved<\/strong> and <strong>free from toxins<\/strong><br\/>parabens, sulfates, and mineral oils - common offenders on beauty product labels. We are <strong>PETA-certified vegan<\/strong> and <strong>cruelty-free<\/strong> - no animal has been harmed in the manufacturing or testing of the products.<\/p><p>Pilgrim is also proud to be <strong>\"Plastic-Positive\"<\/strong> as the company recycles more plastic than it uses for packaging purposes, showing its commitment to the environment.<br\/><\/p>"}},"62e10465-995b-4144-b2a4-012daf5741a2":{"type":"question","settings":{"title":"What is the Toxic 20?","answer":"<p>The ubiquitous Toxic 20 chemicals are often the root cause of<br\/>imbalance in our skin-hair health. When eliminated from our<br\/>products altogether (\"clean break\"), our body has the ability to<br\/>reset and return to its natural & healthy state. To know more,<br\/><a href=\"https:\/\/discoverpilgrim.com\/pages\/the-toxic-20\" title=\"https:\/\/discoverpilgrim.com\/pages\/the-toxic-20\"><strong>please click here.<\/strong><\/a><\/p>"}},"2f421487-659b-48a7-b620-5b244ac8002a":{"type":"question","settings":{"title":"Are you a clean brand?","answer":"<p><strong>Yes, and we are proud of it :)<\/strong> We follow The Pilgrim Code, a<br\/>set of values that we deeply believe in. Crafted with love, all<br\/>Pilgrim products are FDA-approved and free from toxins like<br\/>parabens, sulfates, and mineral oils - common offenders on<br\/>beauty product labels. To know more about the toxins we<br\/>absolutely don't use, <a href=\"https:\/\/discoverpilgrim.com\/pages\/the-toxic-20\" title=\"https:\/\/discoverpilgrim.com\/pages\/the-toxic-20\"><strong>please click here.<\/strong><\/a><\/p>"}},"41906f8f-50d1-4a1a-a640-af01d776a271":{"type":"question","settings":{"title":"Do you use sulfates or parabens in your products?","answer":"<p>No, we are very choosy when it comes to ingredients<br\/>selection, and are strictly against using any harmful chemicals<br\/>including parabens and sulfates (both SLS & SLES). You can read more about our code of conduct, <strong>The Pilgrim Code, here.<\/strong><br\/>NOTE: Be careful while buying sulfate-free products. There are<br\/>brands which tell you the half-truth and say they don't use SLS,<br\/>while sulfates include both SLS and SLES.<\/p>"}},"99c5b012-1a15-4b37-bad7-3c30236c60be":{"type":"question","settings":{"title":"For how long are the products safe to use?","answer":"<p>We recommend that you check the Period After Opening<br\/>(PAO) mentioned on our packaging, or up to the best before<br\/>date, whichever is earlier.<\/p>"}},"0b75ba93-a928-4423-9fac-2e67486ef45f":{"type":"question","settings":{"title":"Do Pilgrim products contain fragrance?","answer":"<p>Yes, some of our products contain fragrance and are clearly<br\/>stated in our ingredients as 'Parfum' or 'Perfume'. Products<br\/>which mention \"Artificial Fragrance\" on the package contain<br\/>fragrant essential oils that are suitable for the skin while<br\/>products that mention \"Fragrance-free\" on the package mean<br\/>the product contains no perfumes or fragrances.<\/p>"}},"5bc9dd32-a414-4f66-baae-a4e0dfa248ca":{"type":"category","settings":{"title":"Animal Testing"}},"37c5996e-d1f1-4fc6-be9f-56e181889375":{"type":"question","settings":{"title":"Do you test your products on animals?","answer":"<p>No, we are strictly against animal testing and we have been so<br\/>since the inception of the brand. We are proud to be<br\/><strong>PETA-<br\/>certified cruelty-free<\/strong><br\/>and<br\/><strong>vegan<\/strong>.<\/p>"}},"52b3b4a8-b28a-4380-a20a-d71e494b8624":{"type":"category","settings":{"title":"Products"}},"a5c05c52-b265-4037-bfb4-c8f3edac88fe":{"type":"question","settings":{"title":"Are your products 100% natural?","answer":"<p>We believe that whether natural or synthetic, the ingredients<br\/>should be biocompatible with your skin. Not all ingredients that<br\/>are natural are good for your skin\/hair and not all chemical<br\/>ingredients are bad. Most of the ingredients we use are natural<br\/>and have been carefully selected. To read about the toxic 20<br\/>ingredients that we absolutely avoid, <a href=\"https:\/\/discoverpilgrim.com\/pages\/the-toxic-20\" title=\"https:\/\/discoverpilgrim.com\/pages\/the-toxic-20\"><strong>please click here.<\/strong><\/a><\/p>"}},"561ba467-e819-47e8-87ea-b25dc3151dbe":{"type":"question","settings":{"title":"Are your products vegan\/vegetarian?","answer":"<p>Yes, we are proud to be a vegan beauty brand!<\/p>"}}},"block_order":["efedfb51-cd88-4e89-9366-199f3a109eea","735b8cde-c67e-489f-b130-1ff9bffaa2f3","548e7427-22c6-469a-8a27-fdce302a2e20","83fb6891-2514-4970-bcc3-6aaeb3196abf","c323f1b1-263d-4f97-b073-0715da74afa2","0de56f67-68e8-44c3-883f-f9362bea193a","8f4f97cf-53c9-4c5a-981c-50fceb00c06c","d1417631-272c-4815-aa61-9d5b50006626","52dc7607-7405-4273-b809-63d2dd9c6a7b","65c41361-4cd2-4704-b248-8e1a97b1f426","ddbef071-e85e-4cd7-ad89-0847817db124","3b4af23c-46ce-4877-8151-52ef6e3aa559","4996d402-9315-4c89-a44a-b05462cbf706","90ecfa7d-2f52-459c-8f04-b5fd7dd659af","54030c05-890f-49bb-ae08-13e142944e77","112bc9ed-87af-4e26-bece-dcf254131490","50282d20-50dd-447b-92d8-5352d5f8fb0f","cde64cca-7d7a-46c6-b54b-6e26f2568dde","b44ba755-6873-4bbd-856c-b994c1834750","be01c660-8d5d-44bb-ad78-816b056db2bb","62e10465-995b-4144-b2a4-012daf5741a2","2f421487-659b-48a7-b620-5b244ac8002a","41906f8f-50d1-4a1a-a640-af01d776a271","99c5b012-1a15-4b37-bad7-3c30236c60be","0b75ba93-a928-4423-9fac-2e67486ef45f","5bc9dd32-a414-4f66-baae-a4e0dfa248ca","37c5996e-d1f1-4fc6-be9f-56e181889375","52b3b4a8-b28a-4380-a20a-d71e494b8624","a5c05c52-b265-4037-bfb4-c8f3edac88fe","561ba467-e819-47e8-87ea-b25dc3151dbe"],"settings":{"show_navigation":true,"title":"","content":"","background":"rgba(0,0,0,0)","text_color":"rgba(0,0,0,0)"}}},"order":["main","faq"]}