{"sections":{"main":{"type":"main-page","settings":{"show_title":true,"page_width":"medium"}},"dc12c967-e82d-4ec4-b285-a941f01458b0":{"type":"slideshow","blocks":{"template--16796807069925__dc12c967-e82d-4ec4-b285-a941f01458b0-image-1":{"type":"image","settings":{"image":"shopify:\/\/shop_images\/happy-young-girls-different-nationalities-white-shirts-stretch-their-hands-camera-beige-background_a2e0ca90-b5f5-4fc9-891c-62a339cb504a.png","text_position":"middle_center","subheading":"","title":"","button_1_text":"","button_1_link":"","button_2_text":"","button_2_link":"","text_color":"#ffffff","button_background":"#ffffff","button_text_color":"#000000","overlay_color":"#000000","overlay_opacity":0}},"template--16796807069925__dc12c967-e82d-4ec4-b285-a941f01458b0-image-2":{"type":"image","disabled":true,"settings":{"text_position":"middle_center","subheading":"Tell your story","title":"Slide 2","button_1_text":"","button_1_link":"","button_2_text":"","button_2_link":"","text_color":"#ffffff","button_background":"#ffffff","button_text_color":"#000000","overlay_color":"#000000","overlay_opacity":30}}},"block_order":["template--16796807069925__dc12c967-e82d-4ec4-b285-a941f01458b0-image-1","template--16796807069925__dc12c967-e82d-4ec4-b285-a941f01458b0-image-2"],"settings":{"section_height":"auto","transition_type":"sweep","autoplay":true,"cycle_speed":5,"background":"rgba(0,0,0,0)"}},"3e47b5d3-ffac-48e4-bb60-cb9912d4857e":{"type":"rich-text","settings":{"subheading":"","title":"Shopping with PilgrimMlLES","content":"<p>Where You get Rewarded For Discovering Beauty Secrets From Around the World!<\/p>","button_text":"","button_link":"","background_type":"full_width","text_width":"medium","text_position":"center","text_alignment":"center","background":"rgba(0,0,0,0)","text_color":"rgba(0,0,0,0)","button_background":"rgba(0,0,0,0)","button_text_color":"rgba(0,0,0,0)"}},"7e274d31-5cfe-4e1b-b5ce-43ac645cc980":{"type":"image-with-text","blocks":{"template--16776545403109__7e274d31-5cfe-4e1b-b5ce-43ac645cc980-16872693292f23052c-0":{"type":"item","settings":{"image":"shopify:\/\/shop_images\/PilgrimMILES.png","tab_label":"Item","subheading":"","title":"","content":"<p>Become a part of the growing <strong>PilgrimTRIBE<\/strong> that is excited to explore the globe for the world’s beauty. You have the opportunity to earn <strong>PilgrimMILES<\/strong> every time you shop for everything, every day, and redeem for your favourite products.<\/p><p>So, join the journey to access hidden beauty secrets and fill up your account!<br\/><br\/><em>Join Today! It's FREE!!!<\/em><\/p>","button_text":"JOIN NOW","button_link":"https:\/\/discoverpilgrim.com\/pages\/loyalty-program#smile-referral-program-details"}},"48a57918-ec73-4494-9bfa-76205c5c397c":{"type":"item","disabled":true,"settings":{"tab_label":"Item","subheading":"Subheading","title":"Image with text","content":"<p>Use image with text to give your customers insight into your brand. Select imagery and text that relates to your style and story.<\/p>","button_text":"","button_link":""}}},"block_order":["template--16776545403109__7e274d31-5cfe-4e1b-b5ce-43ac645cc980-16872693292f23052c-0","48a57918-ec73-4494-9bfa-76205c5c397c"],"settings":{"reveal_on_scroll":true,"background_type":"full_width","background_overlap":"image","image_position":"left","text_alignment":"center","cycle_speed":8,"accent_background":"rgba(0,0,0,0)","text_color":"rgba(0,0,0,0)","button_background":"rgba(0,0,0,0)","button_text_color":"rgba(0,0,0,0)"}},"1a171b69-ccb1-4fcf-8920-093647123196":{"type":"rich-text","settings":{"subheading":"","title":"","content":"<p>Already a Member?<\/p><p><a href=\"https:\/\/discoverpilgrim.com\/pages\/loyalty-program#smile-referral-program-details\" title=\"https:\/\/discoverpilgrim.com\/pages\/loyalty-program#smile-referral-program-details\">Sign In<\/a><\/p><p>Spend more on what you love, earn more of what you love. It’s that simple!<\/p><h3>Here’s How It Works!<\/h3><p>Each time you shop at Pilgrim, you automatically earn PilgrimMILES with our very generous no-strings-attached rewards program. <\/p><p>As a member, <strong>you earn 1 PilgrimMILE per ₹1 you spend<\/strong>, whether you purchase during a sale, buy a gift or a combo kit, or an individual product. You can then redeem PilgrimMILES for any product that you want to buy on our website.<\/p><p><strong>Spend ₹100 = Earn ₹10<\/strong><\/p><p><strong>Redeem 100 PilgrimMILES = ₹ 10<\/strong><\/p><p>PilgrimMILES expire at the end of 6 months from the date that they were earned by the member. So make the most of these beauty reward points!<\/p><p><\/p><p><\/p><p><\/p><p><\/p><h1>Benefits unlocked when you become a member!👇<\/h1>","button_text":"","button_link":"","background_type":"full_width","text_width":"medium","text_position":"center","text_alignment":"center","background":"rgba(0,0,0,0)","text_color":"rgba(0,0,0,0)","button_background":"rgba(0,0,0,0)","button_text_color":"rgba(0,0,0,0)"}},"6b8e092c-5ab7-498d-8e9c-9b65bd08d21f":{"type":"slideshow","blocks":{"template--16796807069925__6b8e092c-5ab7-498d-8e9c-9b65bd08d21f-image-1":{"type":"image","settings":{"image":"shopify:\/\/shop_images\/Programs-1400px_1.jpg","mobile_image":"shopify:\/\/shop_images\/Programs-1080px_2_1.jpg","text_position":"middle_center","subheading":"","title":"","button_1_text":"","button_1_link":"","button_2_text":"","button_2_link":"","text_color":"#ffffff","button_background":"#ffffff","button_text_color":"#000000","overlay_color":"#000000","overlay_opacity":0}}},"block_order":["template--16796807069925__6b8e092c-5ab7-498d-8e9c-9b65bd08d21f-image-1"],"settings":{"section_height":"auto","transition_type":"sweep","autoplay":true,"cycle_speed":5,"background":"rgba(0,0,0,0)"}},"656a357d-c112-4392-9a87-3ce9abc1b2ed":{"type":"rich-text","settings":{"subheading":"","title":"","content":"<h3>PilgrimMILES Rewards Program<\/h3><p>Earning PilgrimMILES is so easy! Register for free and you can earn PilgrimMILES when you shop everything, every day. <\/p><p>The best part? The more you shop, the more your PilgrimMILES are worth. Redeem for your favourite products!<\/p><h3>Referral<\/h3><p>We love it when you share the Pilgrim Love! Click on the PilgrimTRIBE icon on discoverpilgrim.com homepage and log in to your account. Go to the “Refer your friends” section and share the created URL to give your friends the reward ₹250 OFF coupon. Once they register and complete their first purchase on the Pilgrim website, you will receive your very own ₹250 OFF coupon.<\/p>","button_text":"","button_link":"","background_type":"full_width","text_width":"medium","text_position":"center","text_alignment":"center","background":"rgba(0,0,0,0)","text_color":"rgba(0,0,0,0)","button_background":"rgba(0,0,0,0)","button_text_color":"rgba(0,0,0,0)"}},"3e3b017e-402c-4cfc-ba7e-db222a59153b":{"type":"image-with-text","blocks":{"b0913fce-ab77-48ed-b06e-47e1d4caaf31":{"type":"item","settings":{"image":"shopify:\/\/shop_images\/Image-Banner-1080x1080_1.jpg","tab_label":"Item","subheading":"","title":"Different Ways You Can Earn PilgrimMILES","content":"<p><strong>When you sign up with us: <\/strong>On creating your Pilgrim account, 100 PilgrimMILES will be added automatically to your account.<\/p><p><strong>When you shop: <\/strong>For every ₹1 you spend on discoverpilgrim.com, you will earn 1 PilgrimMILE.<\/p><p><strong>When you place your first order: <\/strong>A welcome gift of 200 PilgrimMILES when you place your very first Pilgrim order on the website.<\/p><p><strong>When you follow us on Instagram:<\/strong> Connect with our growing Pilgrim Tribe community on instagram and get 500 PilgrimMILES!<\/p>","button_text":"","button_link":"https:\/\/discoverpilgrim.com\/pages\/loyalty-program#smile-referral-program-details"}},"d9899fd7-ad53-4cfc-87d9-d901a8d26b12":{"type":"item","disabled":true,"settings":{"tab_label":"Item","subheading":"Subheading","title":"Image with text","content":"<p>Use image with text to give your customers insight into your brand. Select imagery and text that relates to your style and story.<\/p>","button_text":"","button_link":""}}},"block_order":["b0913fce-ab77-48ed-b06e-47e1d4caaf31","d9899fd7-ad53-4cfc-87d9-d901a8d26b12"],"settings":{"reveal_on_scroll":true,"background_type":"full_width","background_overlap":"image","image_position":"left","text_alignment":"center","cycle_speed":8,"accent_background":"rgba(0,0,0,0)","text_color":"rgba(0,0,0,0)","button_background":"rgba(0,0,0,0)","button_text_color":"rgba(0,0,0,0)"}},"29b63952-544e-4240-b61a-3bdc80bd46f7":{"type":"faq","blocks":{"template--16796807069925__29b63952-544e-4240-b61a-3bdc80bd46f7-category-1":{"type":"category","disabled":true,"settings":{"title":"Shipping"}},"template--16796807069925__29b63952-544e-4240-b61a-3bdc80bd46f7-question-1":{"type":"question","settings":{"title":"What is the PilgrimMlLES Program?","answer":"<p>- The PilgrimMILES Program is aimed to <strong>bring together a community of world beauty seekers called the Pilgrim Tribe <\/strong>by delighting you everytime you shop, connect and engage! It give you the oppurtunity to earn PilgrimMILES you shop every day, everytime and redeem them for your favourite skincare and haircare products.<\/p><p>How do I sign up?<\/p>"}},"template--16796807069925__29b63952-544e-4240-b61a-3bdc80bd46f7-question-2":{"type":"question","settings":{"title":"How long will it take to get my order?","answer":"<p>It depends on where you are. Orders processed here will take 5-7 business days to arrive. Overseas deliveries can take anywhere from 7-16 days. Delivery details will be provided in your confirmation email.<\/p>"}},"template--16796807069925__29b63952-544e-4240-b61a-3bdc80bd46f7-category-2":{"type":"category","settings":{"title":"Other"}},"template--16796807069925__29b63952-544e-4240-b61a-3bdc80bd46f7-question-3":{"type":"question","settings":{"title":"Any question?","answer":"<p>You can contact us through our contact page! We will be happy to assist you.<\/p>"}}},"block_order":["template--16796807069925__29b63952-544e-4240-b61a-3bdc80bd46f7-category-1","template--16796807069925__29b63952-544e-4240-b61a-3bdc80bd46f7-question-1","template--16796807069925__29b63952-544e-4240-b61a-3bdc80bd46f7-question-2","template--16796807069925__29b63952-544e-4240-b61a-3bdc80bd46f7-category-2","template--16796807069925__29b63952-544e-4240-b61a-3bdc80bd46f7-question-3"],"settings":{"show_navigation":false,"title":"FAQ","content":"","background":"rgba(0,0,0,0)","text_color":"rgba(0,0,0,0)"}}},"order":["main","dc12c967-e82d-4ec4-b285-a941f01458b0","3e47b5d3-ffac-48e4-bb60-cb9912d4857e","7e274d31-5cfe-4e1b-b5ce-43ac645cc980","1a171b69-ccb1-4fcf-8920-093647123196","6b8e092c-5ab7-498d-8e9c-9b65bd08d21f","656a357d-c112-4392-9a87-3ce9abc1b2ed","3e3b017e-402c-4cfc-ba7e-db222a59153b","29b63952-544e-4240-b61a-3bdc80bd46f7"]}