{"sections":{"main":{"type":"main-page","disabled":true,"settings":{"show_title":true,"page_width":"medium"}},"contact-form":{"type":"contact-form","blocks":{"45877fb4-0fc2-4e8c-aec2-aef7b8657312":{"type":"text","disabled":true,"settings":{"title":"Custom field","use_long_text":false,"is_required":false}}},"block_order":["45877fb4-0fc2-4e8c-aec2-aef7b8657312"],"settings":{"title":"Contact Us","content":"","text_1_heading":"","text_1_text":"","text_2_heading":"","text_2_text":"","background":"rgba(0,0,0,0)","text_color":"rgba(0,0,0,0)","button_background":"rgba(0,0,0,0)","button_text_color":"rgba(0,0,0,0)"}},"dd537d83-8a63-47a5-a5ed-4bfa6e551ef6":{"type":"rich-text","settings":{"subheading":"","title":"Address","content":"<p>405 & 406, Corporate Centre, Marol Pipeline Rd, Ajit Nagar, J B Nagar, Andheri East, Mumbai, Maharashtra 400059<\/p><h3>Information<\/h3><p>+91 7400097974<\/p><p>hello@discoverpilgrim.com<br\/><br\/>Support timings: 9:00AM to 8:00PM(Monday to Sunday)<\/p>","button_text":"","button_link":"","background_type":"full_width","text_width":"medium","text_position":"center","text_alignment":"center","background":"rgba(0,0,0,0)","text_color":"rgba(0,0,0,0)","button_background":"rgba(0,0,0,0)","button_text_color":"rgba(0,0,0,0)"}}},"order":["main","contact-form","dd537d83-8a63-47a5-a5ed-4bfa6e551ef6"]}