{"sections":{"main":{"type":"main-page","settings":{"show_title":true,"page_width":"medium"}},"b7dea3ef-a40f-419e-abff-aac0e580a2bd":{"type":"custom-content","blocks":{"template--16794720829669__b7dea3ef-a40f-419e-abff-aac0e580a2bd-text-1":{"type":"text","settings":{"title":"Join Our Team at Pilgrim!","subheading":"","text":"<p>If you're driven by creativity, innovation, and making a positive impact, we would love to have you on our team. We believe in fostering a collaborative and diverse work environment where every voice is heard and valued.<\/p><p>If you're excited to contribute to the future of the beauty industry and be part of a dynamic team, we want to hear from you. To apply, please email your resume and cover letter (optional) to <a href=\"mailto:hr@discoverpilgrim.com\">hr@discoverpilgrim.com<\/a>. We can't wait to welcome you to the Pilgrim family!<\/p><p>Note: Please mention the desired position in the subject line of your email.<\/p>","width":"100%","alignment":"center","align_text":"left","text_size":"medium","text_color":"black","button_label":"","button_link":"","button_style":"sf__btn-primary","button_size":"","block_custom_class":""}}},"block_order":["template--16794720829669__b7dea3ef-a40f-419e-abff-aac0e580a2bd-text-1"],"custom_css":[".career_intro h3 {font-size: 28px; line-height: 30px; margin-bottom: 15px;}"],"settings":{"heading":"","subheading":"","description":"","header_alignment":"center","container":"container","background_color":"","gap":30,"use_scroll_mobile":false,"gap_mobile":16,"custom_class":"career_intro"}},"7e274d31-5cfe-4e1b-b5ce-43ac645cc980":{"type":"image-with-text","disabled":true,"blocks":{"template--16776545403109__7e274d31-5cfe-4e1b-b5ce-43ac645cc980-16872693292f23052c-0":{"type":"item","settings":{"tab_label":"Item","subheading":"Subheading","title":"Image with text","content":"<p>Use image with text to give your customers insight into your brand. Select imagery and text that relates to your style and story.<\/p>","button_text":"","button_link":""}}},"block_order":["template--16776545403109__7e274d31-5cfe-4e1b-b5ce-43ac645cc980-16872693292f23052c-0"],"settings":{"reveal_on_scroll":true,"background_type":"full_width","background_overlap":"image","image_position":"left","text_alignment":"center","cycle_speed":8,"accent_background":"rgba(0,0,0,0)","text_color":"rgba(0,0,0,0)","button_background":"rgba(0,0,0,0)","button_text_color":"rgba(0,0,0,0)"}},"7e8db022-39f3-4cbc-9300-4e78c2fcf41f":{"type":"logo-list","blocks":{"template--16794720829669__7e8db022-39f3-4cbc-9300-4e78c2fcf41f-logo-1":{"type":"logo","settings":{"logo":"shopify:\/\/shop_images\/Pilgrim-Core-Value-1_1.jpg","link":""}},"template--16794720829669__7e8db022-39f3-4cbc-9300-4e78c2fcf41f-logo-2":{"type":"logo","settings":{"logo":"shopify:\/\/shop_images\/Pilgrim-Core-Value-2_1.jpg","link":""}},"template--16794720829669__7e8db022-39f3-4cbc-9300-4e78c2fcf41f-logo-3":{"type":"logo","settings":{"logo":"shopify:\/\/shop_images\/Pilgrim-Core-Value-3_1.jpg","link":""}},"template--16794720829669__7e8db022-39f3-4cbc-9300-4e78c2fcf41f-logo-4":{"type":"logo","settings":{"logo":"shopify:\/\/shop_images\/Pilgrim-Core-Value-4_1.jpg","link":""}}},"block_order":["template--16794720829669__7e8db022-39f3-4cbc-9300-4e78c2fcf41f-logo-1","template--16794720829669__7e8db022-39f3-4cbc-9300-4e78c2fcf41f-logo-2","template--16794720829669__7e8db022-39f3-4cbc-9300-4e78c2fcf41f-logo-3","template--16794720829669__7e8db022-39f3-4cbc-9300-4e78c2fcf41f-logo-4"],"settings":{"reveal_on_scroll":true,"subheading":"","title":"Our Values","button_text":"","button_link":"","custom_class":"","stack_logos":true,"background":"rgba(0,0,0,0)","text_color":"rgba(0,0,0,0)","button_background":"rgba(0,0,0,0)","button_text_color":"rgba(0,0,0,0)","logo_background":"rgba(0,0,0,0)"}},"c0eb9732-904a-4ace-ba7b-23fd4defe571":{"type":"custom-content","blocks":{"template--16794720829669__c0eb9732-904a-4ace-ba7b-23fd4defe571-text-1":{"type":"text","settings":{"title":"","subheading":"","text":"<h3><strong>Influencer Marketing Executive<\/strong><\/h3>","width":"100%","alignment":"center","align_text":"left","text_size":"medium","text_color":"black","button_label":"View Details","button_link":"https:\/\/docs.google.com\/forms\/d\/12mhNPY78FK7lYaDjkbvVqla1PrIeG9n8Seyi7Z4ntCQ\/edit?pli=1","button_style":"button--primary","button_size":"","block_custom_class":""}},"008df2ca-120e-41df-a420-ce8e4bea4166":{"type":"text","settings":{"title":"","subheading":"","text":"<h3><strong>Market Research Executive<\/strong><\/h3>","width":"100%","alignment":"center","align_text":"left","text_size":"medium","text_color":"black","button_label":"View Details","button_link":"https:\/\/docs.google.com\/forms\/d\/1fh23jA-ZmIyJV3YnAcRdMG4ZlrCMMB27HjYwGqbh05Y\/edit","button_style":"button--primary","button_size":"","block_custom_class":""}},"ab38a837-b018-44ed-94e9-d84054eebfdd":{"type":"text","settings":{"title":"","subheading":"","text":"<h3><strong>Brand Manager (Makeup Category)<\/strong><\/h3>","width":"100%","alignment":"center","align_text":"left","text_size":"medium","text_color":"black","button_label":"View Details","button_link":"https:\/\/docs.google.com\/forms\/d\/12mhNPY78FK7lYaDjkbvVqla1PrIeG9n8Seyi7Z4ntCQ\/edit?pli=1","button_style":"button--primary","button_size":"","block_custom_class":""}},"0c14dec9-6676-4fe7-8ac6-d6a922386ab6":{"type":"text","settings":{"title":"","subheading":"","text":"<h3><strong>Creative Director<\/strong><\/h3>","width":"100%","alignment":"center","align_text":"left","text_size":"medium","text_color":"black","button_label":"View Details","button_link":"https:\/\/docs.google.com\/forms\/d\/12mhNPY78FK7lYaDjkbvVqla1PrIeG9n8Seyi7Z4ntCQ\/edit?pli=1","button_style":"button--primary","button_size":"","block_custom_class":""}},"8ec65de9-a696-420c-9591-61aa3f5519a1":{"type":"text","settings":{"title":"","subheading":"","text":"<h3><strong>Business Intelligence Manager<\/strong><\/h3>","width":"100%","alignment":"center","align_text":"left","text_size":"medium","text_color":"black","button_label":"View Details","button_link":"https:\/\/docs.google.com\/forms\/d\/12mhNPY78FK7lYaDjkbvVqla1PrIeG9n8Seyi7Z4ntCQ\/edit?pli=1","button_style":"button--primary","button_size":"","block_custom_class":""}},"bfcda8f4-a2a6-4ef5-9dd2-bd405bf58bf1":{"type":"text","settings":{"title":"","subheading":"","text":"<h3><strong>Process Excellence<\/strong><\/h3>","width":"100%","alignment":"center","align_text":"left","text_size":"medium","text_color":"black","button_label":"View Details","button_link":"https:\/\/docs.google.com\/forms\/d\/12mhNPY78FK7lYaDjkbvVqla1PrIeG9n8Seyi7Z4ntCQ\/edit?pli=1","button_style":"button--primary","button_size":"","block_custom_class":""}},"989075d0-84e7-435b-9601-d468b3abf033":{"type":"text","settings":{"title":"","subheading":"","text":"<h3><strong>Shopify Developer<\/strong><\/h3>","width":"100%","alignment":"center","align_text":"left","text_size":"medium","text_color":"black","button_label":"View Details","button_link":"https:\/\/docs.google.com\/forms\/d\/12mhNPY78FK7lYaDjkbvVqla1PrIeG9n8Seyi7Z4ntCQ\/edit?pli=1","button_style":"button--primary","button_size":"","block_custom_class":""}}},"block_order":["template--16794720829669__c0eb9732-904a-4ace-ba7b-23fd4defe571-text-1","008df2ca-120e-41df-a420-ce8e4bea4166","ab38a837-b018-44ed-94e9-d84054eebfdd","0c14dec9-6676-4fe7-8ac6-d6a922386ab6","8ec65de9-a696-420c-9591-61aa3f5519a1","bfcda8f4-a2a6-4ef5-9dd2-bd405bf58bf1","989075d0-84e7-435b-9601-d468b3abf033"],"custom_css":[".current_opening div.sf-custom__block {border: 1px solid #ccc; border-radius: 8px; margin-bottom: 20px; padding: 10px 20px;}",".current_opening .sf-custom__text-cta {margin-top: 10px;}"],"settings":{"heading":"Current Openings","subheading":"","description":"","header_alignment":"center","container":"container","background_color":"","gap":30,"use_scroll_mobile":false,"gap_mobile":16,"custom_class":"current_opening"}}},"order":["main","b7dea3ef-a40f-419e-abff-aac0e580a2bd","7e274d31-5cfe-4e1b-b5ce-43ac645cc980","7e8db022-39f3-4cbc-9300-4e78c2fcf41f","c0eb9732-904a-4ace-ba7b-23fd4defe571"]}