{"sections":{"16485587154c3b17c5":{"type":"slider","blocks":{"1648558715502cf48f-0":{"type":"slider_item","settings":{"background":"shopify:\/\/shop_images\/Gold_Website_Banner_1920x720_35e4315034.jpg","mb_background":"shopify:\/\/shop_images\/Gold_Website_Banner_800x1000_f79768ed1d.jpg","image_alignment":"center","content_in_container":false,"content_position":"center middle","text_alignment":"center","text_size":"medium","text_color":"black","subheading":"","title":"","description":"","image_link":"","button_text":"","button_link":"","button_style":"sf__btn-primary","button_size":"","show_footer":false,"footer_alignment":"end","footer_text":"New Collection","footer_button":"Shop Now","footer_link":""}},"d1475f15-a396-4142-a7d5-ae3ccdab1bae":{"type":"video_slide","disabled":true,"settings":{"video":"https:\/\/cdn.shopify.com\/s\/files\/1\/0620\/1629\/1045\/files\/10000000_4741556332566860_2433538004069085963_n.mp4?","content_in_container":false,"content_position":"center middle","text_alignment":"center","text_size":"medium","text_color":"black","subheading":"","title":"","description":"","image_link":"","button_text":"","button_link":"","button_style":"sf__btn-primary","button_size":"","show_footer":false,"footer_alignment":"end","footer_text":"New Collection","footer_button":"Shop Now","footer_link":""}}},"block_order":["1648558715502cf48f-0","d1475f15-a396-4142-a7d5-ae3ccdab1bae"],"settings":{"container":"w-full","slideshow_height":"adapt","show_overlay":false,"dots_position":"bottom","dots_color":"dark","show_dots":true,"show_arrows":false,"autorotate":false,"autorotate_speed":5,"use_content_above":false,"custom_class":""}},"162251092958fcda7c":{"type":"product-tabs","blocks":{"162251092958fcda7c-0":{"type":"tab","settings":{"title":"best sellers","collection":"bestsellers"}},"162251092958fcda7c-1":{"type":"tab","settings":{"title":"new arrivals","collection":"new-launch"}},"ca2d4551-2c7d-4127-8e24-a66b44e4ece8":{"type":"tab","settings":{"title":"on trend","collection":"trending-now"}}},"block_order":["162251092958fcda7c-0","162251092958fcda7c-1","ca2d4551-2c7d-4127-8e24-a66b44e4ece8"],"settings":{"heading":"You are in","subheading":"","description":"","header_alignment":"center","container":"container","background_color":"rgba(0,0,0,0)","tab_header":"select","limit":5,"show_button":true,"button_type":"load","button_label":"Load More","button_style":"sf__btn-link","button_size":"","pcard_layout":"2","pcard_image_ratio":"","show_vendor":false,"items_per_row":5,"item_gap":30,"enable_slider":true,"show_navigation":false,"show_pagination":false,"use_scroll_mobile":true,"item_gap_mobile":16,"custom_class":""}},"16485551021516ca95":{"type":"featured-product","disabled":true,"settings":{"container":"container","featured_product":"squalane-roll-on-under-eye-serum","column_gap":100,"column_gap_mobile":30,"image_placement":"left","show_thumbnails":false,"show_quantity_selector":true,"enable_payment_button":true,"show_share_buttons":false,"custom_class":""}},"16503613214a2204cc":{"type":"slider","disabled":true,"blocks":{"1650361321b57c0dae-0":{"type":"slider_item","settings":{"background":"shopify:\/\/shop_images\/Minis.png","mb_background":"shopify:\/\/shop_images\/MINIS-MOB.png","image_alignment":"center","content_in_container":false,"content_position":"center middle","text_alignment":"center","text_size":"medium","text_color":"black","subheading":"","title":"","description":"","image_link":"shopify:\/\/pages\/about-us","button_text":"","button_link":"shopify:\/\/collections\/frontpage","button_style":"sf__btn-primary","button_size":"","show_footer":false,"footer_alignment":"end","footer_text":"New Collection","footer_button":"Shop Now","footer_link":""}}},"block_order":["1650361321b57c0dae-0"],"settings":{"container":"w-full","slideshow_height":"adapt","show_overlay":false,"dots_position":"bottom","dots_color":"dark","show_dots":true,"show_arrows":false,"autorotate":false,"autorotate_speed":5,"use_content_above":false,"custom_class":""}},"16225316461d1cff80":{"type":"collection-list","disabled":true,"blocks":{"16225316461d1cff80-1":{"type":"collection_block","settings":{"collection":"frontpage","title":"Skincare","item_image":"shopify:\/\/shop_images\/LANEIGE_WSM_HowToUse_242x242-3_240x240_crop_center_d27e728c-84f6-4a19-9fd6-be09be96766d.gif"}},"16225316461d1cff80-2":{"type":"collection_block","settings":{"collection":"shoes","title":"Hand & Nail Care","item_image":"shopify:\/\/shop_images\/yoglow-block1_540x_847e2e67-7e8b-4cc0-aebb-ce0c5a90895e.gif"}},"7a571158-7686-4e66-a693-4716fc905604":{"type":"collection_block","settings":{"collection":"tops","title":"For Hydration","item_image":"shopify:\/\/shop_images\/honeygif.gif"}},"12985deb-0775-45ce-80f6-6be7f3150a91":{"type":"collection_block","settings":{"collection":"blazer","title":"Mists & Toners","item_image":"shopify:\/\/shop_images\/HAIR-MIST-GIF-02.gif"}},"07ebf095-1da2-4546-87f3-97e73a789e8d":{"type":"collection_block","settings":{"collection":"basic","title":"Basic"}},"694c01c9-a95f-4c09-9cf0-ec75f0131e98":{"type":"collection_block","settings":{"collection":"glasses","title":"Glasses"}},"6d4abb37-5aa2-4499-a2b0-5d85f0d36eec":{"type":"collection_block","settings":{"collection":"sneakers","title":"Sneakers"}},"65e38235-f03b-43c9-8590-38c9c656e51c":{"type":"collection_block","settings":{"collection":"sandals","title":"Moisturizers","item_image":"shopify:\/\/shop_images\/LANEIGE_WSM_HowToUse_242x242-1alt_240x240_crop_center_ada43e4e-2300-4787-a9e1-78ef28bedea0.gif"}}},"block_order":["16225316461d1cff80-1","16225316461d1cff80-2","7a571158-7686-4e66-a693-4716fc905604","12985deb-0775-45ce-80f6-6be7f3150a91","07ebf095-1da2-4546-87f3-97e73a789e8d","694c01c9-a95f-4c09-9cf0-ec75f0131e98","6d4abb37-5aa2-4499-a2b0-5d85f0d36eec","65e38235-f03b-43c9-8590-38c9c656e51c"],"settings":{"heading":"Shop by category","subheading":"","description":"","header_alignment":"center","container":"container-fluid","background_color":"","layout":"left-side","card_style":"standard","text_alignment":"left","hover_effect":"scaling-up","show_product_count":true,"count_inline_title":true,"image_rounded":false,"items_per_row":4,"item_gap":30,"enable_slider":true,"show_pagination":true,"show_navigation":true,"autorotate":false,"autorotate_speed":4,"use_scroll_mobile":true,"mobile_gap":16,"hidden_slide_control_mobile":true,"custom_class":""}},"1649831605735f8cbe":{"type":"collection-list","disabled":true,"blocks":{"16498316055c34f1db-0":{"type":"collection_block","settings":{"collection":"frontpage","title":"Acne","item_image":"shopify:\/\/shop_images\/acne_control_1024x1024_a80a4939-c61a-4c11-af86-a518e7ee477a.png"}},"16498316055c34f1db-1":{"type":"collection_block","settings":{"collection":"summer-skincare","title":"","item_image":"shopify:\/\/shop_images\/Hydration_1024x1024_c75dc5e4-82fc-4bff-a615-e0e7cc43747b.png"}},"16498316055c34f1db-2":{"type":"collection_block","settings":{"collection":"","title":""}},"16498316055c34f1db-3":{"type":"banner","settings":{"collection":"","title":"New season in town","description":"Claritas est etiam processus dynamicus qui sequitur.","item_bg":"#000000","item_text_color":"#ffffff"}}},"block_order":["16498316055c34f1db-0","16498316055c34f1db-1","16498316055c34f1db-2","16498316055c34f1db-3"],"settings":{"heading":"Shop by concern","subheading":"","description":"","header_alignment":"center","container":"w-full","background_color":"","layout":"grid","card_style":"boxed","text_alignment":"center","hover_effect":"scaling-up","show_product_count":false,"count_inline_title":false,"image_rounded":false,"items_per_row":8,"item_gap":10,"enable_slider":false,"show_pagination":false,"show_navigation":false,"autorotate":false,"autorotate_speed":5,"use_scroll_mobile":true,"mobile_gap":0,"hidden_slide_control_mobile":false,"custom_class":""}},"16504456371ab20561":{"type":"slider","blocks":{"16504456378561b618-0":{"type":"slider_item","settings":{"background":"shopify:\/\/shop_images\/Screenshot_2022-05-11_at_11.50.32_AM.png","mb_background":"shopify:\/\/shop_images\/Squalane_Website_Homepage_Banner_800x1200_Gif_6b13e3ba0b.gif","image_alignment":"center","content_in_container":false,"content_position":"center middle","text_alignment":"center","text_size":"medium","text_color":"black","subheading":"","title":"","description":"","image_link":"","button_text":"","button_link":"","button_style":"sf__btn-primary","button_size":"","show_footer":false,"footer_alignment":"end","footer_text":"New Collection","footer_button":"Shop Now","footer_link":""}}},"block_order":["16504456378561b618-0"],"settings":{"container":"w-full","slideshow_height":"adapt","show_overlay":false,"dots_position":"bottom","dots_color":"dark","show_dots":true,"show_arrows":false,"autorotate":false,"autorotate_speed":5,"use_content_above":false,"custom_class":""}},"1651754583fdd00906":{"type":"product-tabs","blocks":{"16517545830994d5a0-0":{"type":"tab","settings":{"title":"Body Care Products","collection":"bath-body"}},"fd2811a8-3ac9-424d-80f9-c336a6c44418":{"type":"tab","settings":{"title":"Face Care Products","collection":"face-care"}}},"block_order":["16517545830994d5a0-0","fd2811a8-3ac9-424d-80f9-c336a6c44418"],"settings":{"heading":"Shop from our","subheading":"","description":"These products topped the Pilgrim charts this month and are clear customer favorites!","header_alignment":"center","container":"container","background_color":"rgba(0,0,0,0)","tab_header":"select","limit":4,"show_button":true,"button_type":"load","button_label":"View all","button_style":"sf__btn-link","button_size":"","pcard_layout":"4","pcard_image_ratio":"","show_vendor":false,"items_per_row":4,"item_gap":30,"enable_slider":false,"show_navigation":true,"show_pagination":false,"use_scroll_mobile":true,"item_gap_mobile":16,"custom_class":""}},"1648457095be05cac1":{"type":"custom-content","blocks":{"1648457095db8c48ea-0":{"type":"text","settings":{"title":"The Pilgrim Code","subheading":"","text":"<p>Pilgrim is \"Clean Compatible\". Not just free of harmful and toxic chemicals but uses only those ingredients that either enhance the health of our hair & skin or support the effectiveness of formulations. <\/p>","width":"50%","alignment":"center","align_text":"center","text_size":"medium","text_color":"black","button_label":"","button_link":"","button_style":"sf__btn-primary","button_size":"","block_custom_class":""}},"1648457095db8c48ea-1":{"type":"image","settings":{"image":"shopify:\/\/shop_images\/Pilgrim-Code-1080px.png","link":"","width":"50%","alignment":"center","block_custom_class":""}}},"block_order":["1648457095db8c48ea-0","1648457095db8c48ea-1"],"settings":{"heading":"","subheading":"","description":"","header_alignment":"center","container":"container","background_color":"#fff7e5","gap":30,"use_scroll_mobile":false,"gap_mobile":16,"custom_class":""}},"16485555577c97b3ae":{"type":"image-with-text-1","disabled":true,"blocks":{"1648555557f0da99a6-0":{"type":"item","settings":{"content_position":"bottom_center","content_alignment":"left","text_size":"medium","text_color":"black","image":"shopify:\/\/shop_images\/beautiful-young-woman-posing.jpg","link":"","title":"","subtitle":"","button_label":"","button_style":"sf__btn-primary","button_size":"sf__btn-small"}},"1648555557f0da99a6-1":{"type":"item","settings":{"content_position":"bottom_center","content_alignment":"left","text_size":"medium","text_color":"black","image":"shopify:\/\/shop_images\/sub-buzz-2143-1599833062-15.jpg","link":"","title":"","subtitle":"","button_label":"Shop now","button_style":"sf__btn-primary","button_size":""}},"1648555557f0da99a6-2":{"type":"item","settings":{"content_position":"bottom_center","content_alignment":"left","text_size":"medium","text_color":"black","image":"shopify:\/\/shop_images\/images.jpg","link":"","title":"","subtitle":"","button_label":"Shop now","button_style":"sf__btn-primary","button_size":""}},"1648555557f0da99a6-3":{"type":"item","settings":{"content_position":"bottom_center","content_alignment":"left","text_size":"medium","text_color":"black","image":"shopify:\/\/shop_images\/51L9Oz3zs3L.jpg","link":"","title":"","subtitle":"","button_label":"Shop now","button_style":"sf__btn-primary","button_size":""}},"1648555557f0da99a6-4":{"type":"item","settings":{"content_position":"bottom_center","content_alignment":"left","text_size":"medium","text_color":"black","image":"shopify:\/\/shop_images\/71vWjBs8fvL.jpg","link":"","title":"","subtitle":"","button_label":"Shop now","button_style":"sf__btn-primary","button_size":""}}},"block_order":["1648555557f0da99a6-0","1648555557f0da99a6-1","1648555557f0da99a6-2","1648555557f0da99a6-3","1648555557f0da99a6-4"],"settings":{"heading":"Featured collection","subheading":"","description":"","header_alignment":"center","container":"container-fluid","background_color":"rgba(0,0,0,0)","layout":"layout_1","gap":30,"use_scroll_mobile":true,"mobile_gap":10,"custom_class":""}},"164846421547354421":{"type":"brands-list","blocks":{"164846421594669467-0":{"type":"image","settings":{"image":"shopify:\/\/shop_images\/swirlster.png","image_by_url":"","image_link":"","max_width":"150px"}},"164846421594669467-1":{"type":"image","settings":{"image":"shopify:\/\/shop_images\/Femina.png","image_by_url":"","image_link":"","max_width":"150px"}},"164846421594669467-2":{"type":"image","settings":{"image":"shopify:\/\/shop_images\/grazia.png","image_by_url":"","image_link":"","max_width":"150px"}},"0494a7af-00ac-4367-a015-ab660499d67d":{"type":"image","settings":{"image":"shopify:\/\/shop_images\/femia-power.png","image_by_url":"","image_link":"","max_width":"150px"}},"164846421594669467-3":{"type":"image","settings":{"image":"shopify:\/\/shop_images\/cosmopolitan.png","image_by_url":"","image_link":"","max_width":"150px"}},"6070f70f-3e44-4af4-b8fd-ef1e14193745":{"type":"image","settings":{"image":"shopify:\/\/shop_images\/i-diva.png","image_by_url":"","image_link":"","max_width":"150px"}},"2a677aa7-fe8a-4917-98f9-0af4d84b240d":{"type":"image","settings":{"image":"shopify:\/\/shop_images\/the-times-of-india.png","image_by_url":"","image_link":"","max_width":"150px"}}},"block_order":["164846421594669467-0","164846421594669467-1","164846421594669467-2","0494a7af-00ac-4367-a015-ab660499d67d","164846421594669467-3","6070f70f-3e44-4af4-b8fd-ef1e14193745","2a677aa7-fe8a-4917-98f9-0af4d84b240d"],"settings":{"heading":"As mentioned on","subheading":"","header_alignment":"center","container":"container","background_color":"rgba(0,0,0,0)","item_per_row":7,"enable_slider":true,"autorotate":true,"autorotate_speed":2,"custom_class":"asmentionedon"}},"16485531548d73f50c":{"type":"testimonials","blocks":{"164855315466722f21-0":{"type":"testimonial","settings":{"title":"Kimaya","description":"<p>These are the best Korean Beauty Products I have ever tried. Also available at competitive prices. Recommended!<\/p>","footer":"<p>Kimaya Vartak - Fashion Blogger <\/p>","image":"shopify:\/\/shop_images\/kimaya1.jpg","image_text":"","image_link":"","product":""}},"164855315466722f21-1":{"type":"testimonial","settings":{"title":"Pranjal","description":"<p>I have always been fond of K Beauty, but found it expensive. Happy that Pilgrim has introduced K beauty at affordable prices.<\/p>","footer":"<p>Pranjal Dave - HR - Pune - testimonial<\/p>","image":"shopify:\/\/shop_images\/pranjal2.jpg","image_text":"","image_link":"","product":""}}},"block_order":["164855315466722f21-0","164855315466722f21-1"],"settings":{"heading":"Why consumers love us?","subheading":"","description":"","header_alignment":"center","container":"w-full","background_color":"#f5f5f5","design":"testimonials-2","show_stars":true,"autorotate":true,"show_navigation":false,"show_pagination":true,"star_color":"#eb6e00","custom_class":""}},"16485555480472ded5":{"type":"newsletter","settings":{"container":"container","background_color":"#fff7e5","form_layout":"vertical","form_design":"1","heading":"We also make emails.","description":"<p>Receive email updates on stuff you’ll probably want to know about, including products, launches, and events. Unsubscribe anytime.<\/p>","email_placeholder":"Enter your email","submit_button":"Subscribe","text_color":"black","show_icon":true,"icon_img":"shopify:\/\/shop_images\/Mail-Icon-250x250px.png","icon_img_width":"70","show_agreement":false}},"1648557193a3e5d677":{"type":"recent-viewed-products","settings":{"container":"container","heading":"Recently Viewed Products","limit":8,"columns":4,"column_gap":30,"enable_slider":true}},"1648464223148270d6":{"type":"custom-content","disabled":true,"blocks":{"1648464222fa1cba89-1":{"type":"image","disabled":true,"settings":{"image":"shopify:\/\/shop_images\/Screenshot_20.png","link":"","width":"100%","alignment":"center","block_custom_class":""}}},"block_order":["1648464222fa1cba89-1"],"settings":{"heading":"","subheading":"","description":"","header_alignment":"center","container":"w-full","background_color":"","gap":30,"use_scroll_mobile":false,"gap_mobile":16,"custom_class":""}},"16517562945ba9e681":{"type":"slider","blocks":{"16517562941c2712d5-2":{"type":"slider_item","settings":{"background":"shopify:\/\/shop_images\/Free-Delivery-Strip-1920px_1.jpg","mb_background":"shopify:\/\/shop_images\/mobileBanner_f935c9d5-01e0-4524-93ff-74a4ea61fc06.png","image_alignment":"center","content_in_container":true,"content_position":"center middle","text_alignment":"center","text_size":"medium","text_color":"black","subheading":"","title":"","description":"","image_link":"","button_text":"","button_link":"","button_style":"sf__btn-primary","button_size":"","show_footer":false,"footer_alignment":"end","footer_text":"New Collection","footer_button":"Shop Now","footer_link":""}}},"block_order":["16517562941c2712d5-2"],"settings":{"container":"w-full","slideshow_height":"adapt","show_overlay":false,"dots_position":"bottom","dots_color":"dark","show_dots":true,"show_arrows":false,"autorotate":false,"autorotate_speed":5,"use_content_above":false,"custom_class":""}},"16225125199f82d8fe":{"type":"icon-box","disabled":true,"blocks":{"16225125199f82d8fe-0":{"type":"iconbox","settings":{"image":"shopify:\/\/shop_images\/bike_0f357369-7d30-4798-b920-fdb059e90c98.png","image_by_url":"","title":"Free Shipping","description":"<p>Tell about your service.<\/p>","link":"","button_label":"","button_link":"","button_style":"sf__btn-link","button_size":""}},"16225125199f82d8fe-1":{"type":"iconbox","settings":{"image":"shopify:\/\/shop_images\/pay_8b0f8d62-6f38-4219-b540-f1f567c6e34d.png","image_by_url":"","title":"Money Guarantee","description":"<p>Within 30 days for an exchange.<\/p>","link":"","button_label":"","button_link":"","button_style":"sf__btn-link","button_size":""}},"16225125199f82d8fe-2":{"type":"iconbox","settings":{"image":"shopify:\/\/shop_images\/support-resized.png","image_by_url":"","title":"Online Support","description":"<p>24 hours a day, 7 days a week<\/p>","link":"","button_label":"","button_link":"","button_style":"sf__btn-link","button_size":""}},"71deafbb-3baf-443a-a087-3f7b8af7b9fa":{"type":"iconbox","settings":{"image":"shopify:\/\/shop_images\/pay_8b0f8d62-6f38-4219-b540-f1f567c6e34d.png","image_by_url":"","title":"Flexible Payment","description":"<p>Pay with Multiple Credit Cards<\/p>","link":"","button_label":"","button_link":"","button_style":"sf__btn-link","button_size":""}}},"block_order":["16225125199f82d8fe-0","16225125199f82d8fe-1","16225125199f82d8fe-2","71deafbb-3baf-443a-a087-3f7b8af7b9fa"],"settings":{"heading":"","subheading":"","description":"","header_alignment":"center","container":"container","background_color":"rgba(0,0,0,0)","item_per_row":4,"item_gap":30,"item_gap_mobile":10,"card_style":"horizontal","image_max_width":"30px","content_alignment":"start","hover_effect":"none","enable_slider":false,"show_pagination":true,"show_navigation":true,"use_scroll_mobile":false,"use_grid_column_mb":false,"custom_class":""}},"1648819166aee2aaed":{"type":"custom-liquid","settings":{"custom_liquid":"","custom_class":""}}},"order":["16485587154c3b17c5","162251092958fcda7c","16485551021516ca95","16503613214a2204cc","16225316461d1cff80","1649831605735f8cbe","16504456371ab20561","1651754583fdd00906","1648457095be05cac1","16485555577c97b3ae","164846421547354421","16485531548d73f50c","16485555480472ded5","1648557193a3e5d677","1648464223148270d6","16517562945ba9e681","16225125199f82d8fe","1648819166aee2aaed"]}