{"sections":{"main":{"type":"page-faqs","blocks":{"custom-content":{"type":"content","settings":{"content":"ORDERS"}},"174ff5bb-865d-4522-8d84-06b2a7071927":{"type":"accordion","settings":{"title":"How do I know that my order is confirmed?","content":"<p>As soon as you place the order, you will recieve a confirmation email including order number and the estimated time of delivery.<\/p>","open":true}},"278da001-4a4c-46f7-b6f1-f3ad0fa85658":{"type":"accordion","settings":{"title":"Can I modify my order after placing it?","content":"<p>An order can not be modified, once placed. Although, you can contact us at <strong>email (hello@discoverpilgrim.com)<\/strong>or contact<strong>customer care (Mobile: 74000 97974)<\/strong>and we will do our best to assist you.<\/p>","open":false}}},"block_order":["custom-content","174ff5bb-865d-4522-8d84-06b2a7071927","278da001-4a4c-46f7-b6f1-f3ad0fa85658"],"settings":{"container":"container","menu":""}}},"order":["main"]}