{"type":"header","name":"Header group","sections":{"announcement-bar":{"type":"announcement-bar","blocks":{"message-1":{"type":"message","settings":{"text":"World's Beauty for you : )","learn_more_text":"","title":"","content":"","button_text":"","button_link":""}}},"block_order":["message-1"],"disabled":true,"custom_css":["{height: 45px;}"],"settings":{"announcement_bar_position":"sticky","announcement_text_size":"small","autoplay":true,"cycle_speed":5,"background":"#fff7e5","text_color":"#010145","button_background":"#56112a","button_text_color":"#ffffff"}},"header":{"type":"header","blocks":{"c1187dc2-dc8b-4c19-8a28-31acee051a34":{"type":"mega_menu","settings":{"menu_item":"Gifting","images_position":"right","image_1":"shopify:\/\/shop_images\/jjjjj.png","image_1_heading":"","image_1_text":"","image_1_link":"https:\/\/discoverpilgrim.com\/collections\/gifting\/?ref=navmenu","image_2_heading":"","image_2_text":"","image_2_link":"","image_3_heading":"","image_3_text":"","image_3_link":"","image_4_heading":"","image_4_text":"","image_4_link":"","image_5_heading":"","image_5_text":"","image_5_link":"","image_6_heading":"","image_6_text":"","image_6_link":""}},"6a9419f8-9386-4b1f-a88c-1604092ea515":{"type":"mega_menu","disabled":true,"settings":{"menu_item":"","images_position":"right","image_1_heading":"","image_1_text":"","image_1_link":"","image_2_heading":"","image_2_text":"","image_2_link":"","image_3_heading":"","image_3_text":"","image_3_link":"","image_4_heading":"","image_4_text":"","image_4_link":"","image_5_heading":"","image_5_text":"","image_5_link":"","image_6_heading":"","image_6_text":"","image_6_link":""}},"f65ae92d-73b8-4368-b3e0-c00526a4d363":{"type":"mega_menu","settings":{"menu_item":"Bestsellers<span class=\"badge\" style=\"--menu-highlight-color: #365936;\">Recommended<\/span>","images_position":"right","image_1":"shopify:\/\/shop_images\/Face-Care-200x280-1.png","image_1_heading":"","image_1_text":"","image_1_link":"https:\/\/discoverpilgrim.com\/collections\/face-care\/?ref=navmenu","image_2":"shopify:\/\/shop_images\/Hair-Care-200x280-1.png","image_2_heading":"","image_2_text":"","image_2_link":"https:\/\/discoverpilgrim.com\/collections\/hair-care\/?ref=navmenu","image_3":"shopify:\/\/shop_images\/Lip-Care-200x280-1.png","image_3_heading":"","image_3_text":"","image_3_link":"https:\/\/discoverpilgrim.com\/collections\/lip-care\/?ref=navmenu","image_4_heading":"","image_4_text":"","image_4_link":"","image_5_heading":"","image_5_text":"","image_5_link":"","image_6_heading":"","image_6_text":"","image_6_link":""}},"acea7ad0-7144-4cd9-9444-7086d10b7f3e":{"type":"mega_menu","settings":{"menu_item":"Face Care","images_position":"right","image_1":"shopify:\/\/shop_images\/Face-Care-200x280-1.png","image_1_heading":"","image_1_text":"","image_1_link":"https:\/\/discoverpilgrim.com\/collections\/face-care\/?ref=navmenu","image_2_heading":"","image_2_text":"","image_2_link":"","image_3_heading":"","image_3_text":"","image_3_link":"","image_4_heading":"","image_4_text":"","image_4_link":"","image_5_heading":"","image_5_text":"","image_5_link":"","image_6_heading":"","image_6_text":"","image_6_link":""}},"25b1ca9e-411c-4fbd-a85e-642c6a37c336":{"type":"mega_menu","settings":{"menu_item":"Body Care","images_position":"right","image_1":"shopify:\/\/shop_images\/Body-Care-200x280-1.png","image_1_heading":"","image_1_text":"","image_1_link":"https:\/\/discoverpilgrim.com\/collections\/body-care\/?ref=navmenu","image_2_heading":"","image_2_text":"","image_2_link":"","image_3_heading":"","image_3_text":"","image_3_link":"","image_4_heading":"","image_4_text":"","image_4_link":"","image_5_heading":"","image_5_text":"","image_5_link":"","image_6_heading":"","image_6_text":"","image_6_link":""}},"5822cb0a-54b5-4622-a26a-3d12f05d89de":{"type":"mega_menu","settings":{"menu_item":"Hair Care","images_position":"right","image_1":"shopify:\/\/shop_images\/Hair-Care-200x280-1.png","image_1_heading":"","image_1_text":"","image_1_link":"https:\/\/discoverpilgrim.com\/collections\/hair-care\/?ref=navmenu","image_2_heading":"","image_2_text":"","image_2_link":"","image_3_heading":"","image_3_text":"","image_3_link":"","image_4_heading":"","image_4_text":"","image_4_link":"","image_5_heading":"","image_5_text":"","image_5_link":"","image_6_heading":"","image_6_text":"","image_6_link":""}},"c889b4fc-19a2-4705-8f2d-b6c8bdcfbbfc":{"type":"mega_menu","settings":{"menu_item":"Lip Care","images_position":"right","image_1":"shopify:\/\/shop_images\/Lip-Care-200x280-1.png","image_1_heading":"","image_1_text":"","image_1_link":"https:\/\/discoverpilgrim.com\/collections\/lip-care\/?ref=navmenu","image_2_heading":"","image_2_text":"","image_2_link":"","image_3_heading":"","image_3_text":"","image_3_link":"","image_4_heading":"","image_4_text":"","image_4_link":"","image_5_heading":"","image_5_text":"","image_5_link":"","image_6_heading":"","image_6_text":"","image_6_link":""}},"0b9455a2-7afc-4984-ab81-ca5d20f2ee5d":{"type":"mega_menu","settings":{"menu_item":"Fragrances","images_position":"right","image_1":"shopify:\/\/shop_images\/EDPs-200x280-4.png","image_1_heading":"","image_1_text":"","image_1_link":"https:\/\/discoverpilgrim.com\/collections\/mens-perfume-edp\/?ref=navmenu","image_2":"shopify:\/\/shop_images\/Body-Mists-200x280-3.png","image_2_heading":"","image_2_text":"","image_2_link":"https:\/\/discoverpilgrim.com\/collections\/body-mists\/?ref=navmenu","image_3_heading":"","image_3_text":"","image_3_link":"","image_4_heading":"","image_4_text":"","image_4_link":"","image_5_heading":"","image_5_text":"","image_5_link":"","image_6_heading":"","image_6_text":"","image_6_link":""}},"dff3254d-5d8f-4073-8b0c-9c779451f80e":{"type":"mega_menu","disabled":true,"settings":{"menu_item":"Collections","images_position":"right","image_1_heading":"","image_1_text":"","image_1_link":"","image_2_heading":"","image_2_text":"","image_2_link":"","image_3_heading":"","image_3_text":"","image_3_link":"","image_4_heading":"","image_4_text":"","image_4_link":"","image_5_heading":"","image_5_text":"","image_5_link":"","image_6_heading":"","image_6_text":"","image_6_link":""}}},"block_order":["c1187dc2-dc8b-4c19-8a28-31acee051a34","6a9419f8-9386-4b1f-a88c-1604092ea515","f65ae92d-73b8-4368-b3e0-c00526a4d363","acea7ad0-7144-4cd9-9444-7086d10b7f3e","25b1ca9e-411c-4fbd-a85e-642c6a37c336","5822cb0a-54b5-4622-a26a-3d12f05d89de","c889b4fc-19a2-4705-8f2d-b6c8bdcfbbfc","0b9455a2-7afc-4984-ab81-ca5d20f2ee5d","dff3254d-5d8f-4073-8b0c-9c779451f80e"],"settings":{"enable_sticky_header":true,"logo":"shopify:\/\/shop_images\/Pilgrim-New-Logo-Without-Tagline.png","logo_max_width":140,"mobile_logo_max_width":100,"navigation_menu":"main-menu","sidebar_navigation_menu":"","header_layout":"logo_left_navigation_center","show_icons":true,"reduce_desktop_padding":true,"show_locale_selector":true,"show_country_selector":false,"enable_transparent_header":false,"transparent_header_text_color":"#ffffff","search_menu":"main-menu"}}},"order":["announcement-bar","header"]}