{"sections":{"blog-post-banner":{"type":"blog-post-banner","settings":{"show_category":false,"blog_header_background":"#f5f5f5","blog_header_text_color":"#282828"}},"rich_text_gByADL":{"type":"rich-text","settings":{"subheading":"","title":"","content":"{{ article.metafields.custom.paragraph_1 | metafield_tag }}","button_text":"","button_link":"","button_control":"","custom_class":"","background_type":"full_width","text_width":"fill","text_position":"left","text_alignment":"left","background":"rgba(0,0,0,0)","text_color":"rgba(0,0,0,0)","button_background":"rgba(0,0,0,0)","button_text_color":"rgba(0,0,0,0)"}},"featured_product_xF6gLN":{"type":"featured-product","blocks":{"variant_picker_XLmCAp":{"type":"variant_picker","settings":{"hide_sold_out_variants":false,"selector_mode":"block","color_mode":"swatch","variant_image_options":"","size_chart_page":""}},"buy_buttons_NnEeGW":{"type":"buy_buttons","settings":{"show_payment_button":true,"show_gift_card_recipient":false,"atc_button_background":"rgba(0,0,0,0)","atc_button_text_color":"rgba(0,0,0,0)","buy_now_button_background":"rgba(0,0,0,0)","buy_now_button_text_color":"rgba(0,0,0,0)"}}},"block_order":["variant_picker_XLmCAp","buy_buttons_NnEeGW"],"custom_css":["@media only screen and (max-width: 575px) {.product--featured {max-width: 280px; margin: 0 auto; }}"],"settings":{"product":"{{ article.metafields.custom.featured_product_1.value }}","subheading":"","title":"","scrollid":"","show_vendor":false,"show_sku":false,"show_taxes_included":false,"show_product_rating":true,"show_share_buttons":false,"help_page":"","enable_video_autoplay":true,"enable_video_looping":false,"enable_image_zoom":true,"show_thumbnails_on_mobile":false,"column_alignment":"center","desktop_thumbnails_position":"left","transition_effect":"slide","background":"#1a1a1a","text_color":"#ffffff"}},"slideshow_p6mfit":{"type":"slideshow","blocks":{"image_cD4ULn":{"type":"image","settings":{"mobile_image":"{{ article.metafields.custom.blog_image_1.value }}","text_position":"middle_center","subheading":"","title":"","button_1_text":"","button_1_link":"{{ article.metafields.custom.blog_image_1_url.value }}","button_2_text":"","button_2_link":"","text_color":"#ffffff","button_background":"#ffffff","button_text_color":"#000000","overlay_color":"#000000","overlay_opacity":0,"unique_id":""}}},"block_order":["image_cD4ULn"],"disabled":true,"custom_css":["div {padding-top: 10px; padding-right: 10px; padding-bottom: 10px; padding-left: 10px;}"],"settings":{"subheading":"","title":"","content":"","custom_class":"","scrollid":"","section_height":"auto","transition_type":"sweep","show_initial_transition":false,"autoplay":false,"cycle_speed":5,"background":"rgba(0,0,0,0)","text_width":"medium","text_position":"center","text_alignment":"center"}},"rich_text_9t78B9":{"type":"rich-text","settings":{"subheading":"","title":"","content":"{{ article.metafields.custom.paragraph2 | metafield_tag }}","button_text":"","button_link":"","button_control":"","custom_class":"","background_type":"full_width","text_width":"fill","text_position":"left","text_alignment":"left","background":"rgba(0,0,0,0)","text_color":"rgba(0,0,0,0)","button_background":"rgba(0,0,0,0)","button_text_color":"rgba(0,0,0,0)"}},"featured_product_cyA9hU":{"type":"featured-product","blocks":{"variant_picker_fVxkTY":{"type":"variant_picker","settings":{"hide_sold_out_variants":false,"selector_mode":"block","color_mode":"swatch","variant_image_options":"","size_chart_page":""}},"buy_buttons_iAhMyM":{"type":"buy_buttons","settings":{"show_payment_button":true,"show_gift_card_recipient":false,"atc_button_background":"rgba(0,0,0,0)","atc_button_text_color":"rgba(0,0,0,0)","buy_now_button_background":"rgba(0,0,0,0)","buy_now_button_text_color":"rgba(0,0,0,0)"}}},"block_order":["variant_picker_fVxkTY","buy_buttons_iAhMyM"],"custom_css":["@media only screen and (max-width: 575px) {.product--featured {max-width: 280px; margin: 0 auto; }}"],"settings":{"product":"{{ article.metafields.custom.featured_product_2.value }}","subheading":"","title":"","scrollid":"","show_vendor":false,"show_sku":false,"show_taxes_included":false,"show_product_rating":true,"show_share_buttons":false,"help_page":"","enable_video_autoplay":true,"enable_video_looping":false,"enable_image_zoom":true,"show_thumbnails_on_mobile":false,"column_alignment":"center","desktop_thumbnails_position":"left","transition_effect":"slide","background":"#1a1a1a","text_color":"#ffffff"}},"slideshow_aJWM88":{"type":"slideshow","blocks":{"image_izqVWq":{"type":"image","settings":{"mobile_image":"{{ article.metafields.custom.blog_image_2.value }}","text_position":"middle_center","subheading":"","title":"","button_1_text":"","button_1_link":"{{ article.metafields.custom.blog_image_2_url.value }}","button_2_text":"","button_2_link":"","text_color":"#ffffff","button_background":"#ffffff","button_text_color":"#000000","overlay_color":"#000000","overlay_opacity":0,"unique_id":""}}},"block_order":["image_izqVWq"],"disabled":true,"custom_css":["div {padding-top: 10px; padding-right: 10px; padding-bottom: 10px; padding-left: 10px;}"],"settings":{"subheading":"","title":"","content":"","custom_class":"","scrollid":"","section_height":"auto","transition_type":"sweep","show_initial_transition":false,"autoplay":false,"cycle_speed":5,"background":"rgba(0,0,0,0)","text_width":"medium","text_position":"center","text_alignment":"center"}},"rich_text_dzwTDH":{"type":"rich-text","settings":{"subheading":"","title":"","content":"{{ article.metafields.custom.paragraph3 | metafield_tag }}","button_text":"","button_link":"","button_control":"","custom_class":"","background_type":"full_width","text_width":"fill","text_position":"left","text_alignment":"left","background":"rgba(0,0,0,0)","text_color":"rgba(0,0,0,0)","button_background":"rgba(0,0,0,0)","button_text_color":"rgba(0,0,0,0)"}},"featured_product_t3nJw7":{"type":"featured-product","blocks":{"variant_picker_67eJnE":{"type":"variant_picker","settings":{"hide_sold_out_variants":false,"selector_mode":"block","color_mode":"swatch","variant_image_options":"","size_chart_page":""}},"buy_buttons_6AQKXw":{"type":"buy_buttons","settings":{"show_payment_button":true,"show_gift_card_recipient":false,"atc_button_background":"rgba(0,0,0,0)","atc_button_text_color":"rgba(0,0,0,0)","buy_now_button_background":"rgba(0,0,0,0)","buy_now_button_text_color":"rgba(0,0,0,0)"}}},"block_order":["variant_picker_67eJnE","buy_buttons_6AQKXw"],"settings":{"product":"{{ article.metafields.custom.featured_product_3.value }}","subheading":"","title":"","scrollid":"","show_vendor":false,"show_sku":false,"show_taxes_included":false,"show_product_rating":true,"show_share_buttons":false,"help_page":"","enable_video_autoplay":true,"enable_video_looping":false,"enable_image_zoom":true,"show_thumbnails_on_mobile":false,"column_alignment":"center","desktop_thumbnails_position":"left","transition_effect":"slide","background":"#1a1a1a","text_color":"#ffffff"}},"slideshow_7mMLyk":{"type":"slideshow","blocks":{"image_tAnAJj":{"type":"image","settings":{"mobile_image":"{{ article.metafields.custom.blog_image_3.value }}","text_position":"middle_center","subheading":"","title":"","button_1_text":"","button_1_link":"{{ article.metafields.custom.blog_image_2_url.value }}","button_2_text":"","button_2_link":"","text_color":"#ffffff","button_background":"#ffffff","button_text_color":"#000000","overlay_color":"#000000","overlay_opacity":0,"unique_id":""}}},"block_order":["image_tAnAJj"],"disabled":true,"custom_css":["div {padding-top: 10px; padding-right: 10px; padding-bottom: 10px; padding-left: 10px;}"],"settings":{"subheading":"","title":"","content":"","custom_class":"","scrollid":"","section_height":"auto","transition_type":"sweep","show_initial_transition":false,"autoplay":false,"cycle_speed":5,"background":"rgba(0,0,0,0)","text_width":"medium","text_position":"center","text_alignment":"center"}},"rich_text_xFiDhV":{"type":"rich-text","settings":{"subheading":"","title":"","content":"{{ article.metafields.custom.paragraph4 | metafield_tag }}","button_text":"","button_link":"","button_control":"","custom_class":"","background_type":"full_width","text_width":"fill","text_position":"left","text_alignment":"left","background":"rgba(0,0,0,0)","text_color":"rgba(0,0,0,0)","button_background":"rgba(0,0,0,0)","button_text_color":"rgba(0,0,0,0)"}},"featured_product_h6H7fL":{"type":"featured-product","blocks":{"variant_picker_egmBGg":{"type":"variant_picker","settings":{"hide_sold_out_variants":false,"selector_mode":"block","color_mode":"swatch","variant_image_options":"","size_chart_page":""}},"buy_buttons_RCTP3B":{"type":"buy_buttons","settings":{"show_payment_button":true,"show_gift_card_recipient":false,"atc_button_background":"rgba(0,0,0,0)","atc_button_text_color":"rgba(0,0,0,0)","buy_now_button_background":"rgba(0,0,0,0)","buy_now_button_text_color":"rgba(0,0,0,0)"}}},"block_order":["variant_picker_egmBGg","buy_buttons_RCTP3B"],"settings":{"product":"{{ article.metafields.custom.featured_product_4.value }}","subheading":"","title":"","scrollid":"","show_vendor":false,"show_sku":false,"show_taxes_included":false,"show_product_rating":true,"show_share_buttons":false,"help_page":"","enable_video_autoplay":true,"enable_video_looping":false,"enable_image_zoom":true,"show_thumbnails_on_mobile":false,"column_alignment":"center","desktop_thumbnails_position":"left","transition_effect":"slide","background":"#1a1a1a","text_color":"#ffffff"}},"slideshow_HnyCgw":{"type":"slideshow","blocks":{"image_nKn8Tm":{"type":"image","settings":{"mobile_image":"{{ article.metafields.custom.blog_image_4.value }}","text_position":"middle_center","subheading":"","title":"","button_1_text":"","button_1_link":"{{ article.metafields.custom.blog_image_4_url.value }}","button_2_text":"","button_2_link":"","text_color":"#ffffff","button_background":"#ffffff","button_text_color":"#000000","overlay_color":"#000000","overlay_opacity":0,"unique_id":""}}},"block_order":["image_nKn8Tm"],"disabled":true,"custom_css":["div {padding-top: 10px; padding-right: 15px; padding-bottom: 10px; padding-left: 15px;}"],"settings":{"subheading":"","title":"","content":"","custom_class":"","scrollid":"","section_height":"auto","transition_type":"sweep","show_initial_transition":false,"autoplay":false,"cycle_speed":5,"background":"rgba(0,0,0,0)","text_width":"medium","text_position":"center","text_alignment":"center"}},"rich_text_3HeByk":{"type":"rich-text","settings":{"subheading":"","title":"","content":"{{ article.metafields.custom.paragraph5 | metafield_tag }}","button_text":"","button_link":"","button_control":"","custom_class":"","background_type":"full_width","text_width":"fill","text_position":"left","text_alignment":"left","background":"rgba(0,0,0,0)","text_color":"rgba(0,0,0,0)","button_background":"rgba(0,0,0,0)","button_text_color":"rgba(0,0,0,0)"}},"featured_product_P7FBcK":{"type":"featured-product","blocks":{"variant_picker_r4yjUi":{"type":"variant_picker","settings":{"hide_sold_out_variants":false,"selector_mode":"block","color_mode":"swatch","variant_image_options":"","size_chart_page":""}},"buy_buttons_TxpNYL":{"type":"buy_buttons","settings":{"show_payment_button":true,"show_gift_card_recipient":false,"atc_button_background":"rgba(0,0,0,0)","atc_button_text_color":"rgba(0,0,0,0)","buy_now_button_background":"rgba(0,0,0,0)","buy_now_button_text_color":"rgba(0,0,0,0)"}}},"block_order":["variant_picker_r4yjUi","buy_buttons_TxpNYL"],"settings":{"product":"{{ article.metafields.custom.featured_product_5.value }}","subheading":"","title":"","scrollid":"","show_vendor":false,"show_sku":false,"show_taxes_included":false,"show_product_rating":true,"show_share_buttons":false,"help_page":"","enable_video_autoplay":true,"enable_video_looping":false,"enable_image_zoom":true,"show_thumbnails_on_mobile":false,"column_alignment":"center","desktop_thumbnails_position":"left","transition_effect":"slide","background":"#1a1a1a","text_color":"#ffffff"}},"slideshow_ERnqWT":{"type":"slideshow","blocks":{"image_RBFxjH":{"type":"image","settings":{"mobile_image":"{{ article.metafields.custom.blog_image_5.value }}","text_position":"middle_center","subheading":"","title":"","button_1_text":"","button_1_link":"{{ article.metafields.custom.blog_image_5_url.value }}","button_2_text":"","button_2_link":"","text_color":"#ffffff","button_background":"#ffffff","button_text_color":"#000000","overlay_color":"#000000","overlay_opacity":0,"unique_id":""}}},"block_order":["image_RBFxjH"],"disabled":true,"custom_css":["div {padding-top: 10px; padding-right: 10px; padding-bottom: 10px; padding-left: 10px;}"],"settings":{"subheading":"","title":"","content":"","custom_class":"","scrollid":"","section_height":"auto","transition_type":"sweep","show_initial_transition":false,"autoplay":false,"cycle_speed":5,"background":"rgba(0,0,0,0)","text_width":"medium","text_position":"center","text_alignment":"center"}},"main":{"type":"main-article","disabled":true,"settings":{"show_on_scroll_navigation":true,"show_author":false,"show_date":true,"show_share_buttons":true}},"blog-post-prev-next":{"type":"blog-post-prev-next","settings":{}},"blog-post-comments":{"type":"blog-post-comments","disabled":true,"settings":{"show_gravatar":true}}},"order":["blog-post-banner","rich_text_gByADL","featured_product_xF6gLN","slideshow_p6mfit","rich_text_9t78B9","featured_product_cyA9hU","slideshow_aJWM88","rich_text_dzwTDH","featured_product_t3nJw7","slideshow_7mMLyk","rich_text_xFiDhV","featured_product_h6H7fL","slideshow_HnyCgw","rich_text_3HeByk","featured_product_P7FBcK","slideshow_ERnqWT","main","blog-post-prev-next","blog-post-comments"]}