{"sections":{"main":{"type":"main-cart","blocks":{"totals":{"type":"totals","settings":{}},"order_note":{"type":"order_note","disabled":true,"settings":{"open_by_default":false}}},"block_order":["totals","order_note"],"settings":{"show_payment_methods":true,"show_shipping_estimator":false,"shipping_estimator_default_country":"India","empty_button_link":"shopify:\/\/collections\/all"}},"cart-recommendations":{"type":"cart-recommendations","disabled":true,"settings":{"title":"You may also like"}},"cFgwoDUQrm2pLW54kcPCWx":{"type":"sl-offer-bar","settings":{"headline_text":"Free shipping on all orders","message_icon":"truck"}}},"order":["cFgwoDUQrm2pLW54kcPCWx","main","cart-recommendations"]}