{"sections":{"collection-banner":{"type":"collection-banner","settings":{"show_collection_image":true,"show_collection_title":false,"show_collection_description":true,"section_height":"auto","text_width":"medium","image_text_color":"#ffffff","image_overlay_color":"#000000","image_overlay_opacity":0,"quick_links":""}},"80071cd7-a1ee-42ba-b477-5a9907224006":{"type":"Countdown-Timer","settings":{"subheading":"","ending_text":"Ends In:","enddate":"2024-04-23 21:00:00","hours":10,"minutes":5,"seconds":30,"background_color":"#e71a1a","text_color":"#ffffff","custom_class":"flash_sale_banner_timer-collection"}},"rich_text_3YgVyg":{"type":"rich-text","disabled":true,"settings":{"subheading":"📢Pro Tip📢","title":"","content":"<h5><strong>Login to your account, add your address for faster  checkout & avoid missing on your favorite products <\/strong><\/h5>","button_text":"","button_link":"","button_control":"","custom_class":"","background_type":"full_width","text_width":"medium","text_position":"center","text_alignment":"center","background":"rgba(0,0,0,0)","text_color":"rgba(0,0,0,0)","button_background":"rgba(0,0,0,0)","button_text_color":"rgba(0,0,0,0)"}},"featured_collections_9ggaQJ":{"type":"featured-collections","blocks":{"collection_yaUBpJ":{"type":"collection","settings":{"collection":"product-price-is-1","label":"","button_text":"","button_url":""}}},"block_order":["collection_yaUBpJ"],"disabled":true,"settings":{"subheading":"Flash Sale Product","title":"@ ₹1","content":"","scrollid":"","products_count":33,"products_per_row":4,"stack_products":true,"show_cta":true,"background":"rgba(0,0,0,0)","text_color":"rgba(0,0,0,0)","button_background":"rgba(0,0,0,0)","button_text_color":"rgba(0,0,0,0)"}},"featured_collections_iBnjdx":{"type":"featured-collections","blocks":{"collection_nNtdUG":{"type":"collection","settings":{"collection":"product-price-is-99","label":"","button_text":"","button_url":""}}},"block_order":["collection_nNtdUG"],"disabled":true,"settings":{"subheading":"Flash Sale Product","title":"@ ₹99","content":"","scrollid":"","products_count":8,"products_per_row":4,"stack_products":true,"show_cta":true,"background":"rgba(0,0,0,0)","text_color":"rgba(0,0,0,0)","button_background":"rgba(0,0,0,0)","button_text_color":"rgba(0,0,0,0)"}},"featured_collections_LryFgf":{"type":"featured-collections","blocks":{"collection_F8DeBC":{"type":"collection","settings":{"collection":"product-price-is-149","label":"","button_text":"","button_url":""}}},"block_order":["collection_F8DeBC"],"disabled":true,"settings":{"subheading":"Flash Sale Product","title":"@ ₹149","content":"","scrollid":"","products_count":8,"products_per_row":4,"stack_products":true,"show_cta":true,"background":"rgba(0,0,0,0)","text_color":"rgba(0,0,0,0)","button_background":"rgba(0,0,0,0)","button_text_color":"rgba(0,0,0,0)"}},"featured_collections_c4mNcU":{"type":"featured-collections","blocks":{"collection_kgqrz8":{"type":"collection","settings":{"collection":"product-price-is-999","label":"","button_text":"","button_url":""}}},"block_order":["collection_kgqrz8"],"disabled":true,"settings":{"subheading":"Flash Sale Product","title":"@ ₹999","content":"","scrollid":"","products_count":8,"products_per_row":4,"stack_products":true,"show_cta":true,"background":"rgba(0,0,0,0)","text_color":"rgba(0,0,0,0)","button_background":"rgba(0,0,0,0)","button_text_color":"rgba(0,0,0,0)"}},"main":{"type":"main-collection","blocks":{"9e6300d5-6114-453b-9c2a-96af83809201":{"type":"image","disabled":true,"settings":{"subheading":"","title":"","link_text":"","link_url":"","link_style":"link","text_position":"middle_left","background":"#f7f8fd","text_color":"#1e316a","button_background":"#ffffff","button_text_color":"#1e316a"}}},"block_order":["9e6300d5-6114-453b-9c2a-96af83809201"],"settings":{"show_sort_by":false,"products_per_page":10,"mobile_products_per_row":"2","desktop_products_per_row":3,"show_cta":true,"show_pagination":false,"show_filters":false,"show_filter_group_name":false,"show_color_swatch":true,"open_first_filter_group":true,"filter_position":"always_visible","promotion_position":"top","promotion_height":"small"}},"bac80af5-2235-49c7-9e03-87c76e7c6bbb":{"type":"slideshow","blocks":{"template--16805255839973__bac80af5-2235-49c7-9e03-87c76e7c6bbb-image-1":{"type":"image","settings":{"image":"shopify:\/\/shop_images\/Flash-Sale-Rules-Banner-Desktop-Size_3d4e39f6-5e70-4166-8987-75446d6ae5ff.jpg","mobile_image":"shopify:\/\/shop_images\/Flash-Sale-Rules-Banner-Mobile-Size_c1516e35-7c93-4982-87a0-b5dfd19b65e5.jpg","text_position":"middle_center","subheading":"","title":"","button_1_text":"","button_1_link":"","button_2_text":"","button_2_link":"","text_color":"#ffffff","button_background":"#ffffff","button_text_color":"#000000","overlay_color":"#000000","overlay_opacity":0}}},"block_order":["template--16805255839973__bac80af5-2235-49c7-9e03-87c76e7c6bbb-image-1"],"settings":{"subheading":"","title":"","content":"","custom_class":"","scrollid":"","section_height":"auto","transition_type":"sweep","autoplay":true,"cycle_speed":5,"background":"rgba(0,0,0,0)","text_width":"medium","text_position":"center","text_alignment":"center"}},"16856236138cd51c4e":{"type":"apps","disabled":true,"settings":{"include_horizontal_margins":true,"include_vertical_margins":true}}},"order":["collection-banner","80071cd7-a1ee-42ba-b477-5a9907224006","rich_text_3YgVyg","featured_collections_9ggaQJ","featured_collections_iBnjdx","featured_collections_LryFgf","featured_collections_c4mNcU","main","bac80af5-2235-49c7-9e03-87c76e7c6bbb","16856236138cd51c4e"]}