{"sections":{"collection-banner":{"type":"collection-banner","settings":{"show_collection_image":true,"show_collection_title":false,"show_collection_description":true,"section_height":"auto","text_width":"medium","image_text_color":"#ffffff","image_overlay_color":"#000000","image_overlay_opacity":0,"quick_links":""}},"quick_filters_static_TN8jaa":{"type":"quick-filters-static","settings":{}},"main":{"type":"main-collection","settings":{"show_sort_by":true,"products_per_page":24,"mobile_products_per_row":"2","desktop_products_per_row":4,"show_cta":true,"show_pagination":false,"show_filters":true,"show_filter_group_name":false,"show_color_swatch":true,"open_first_filter_group":true,"filter_position":"always_visible","promotion_position":"top","promotion_height":"small"}},"16856236138cd51c4e":{"type":"apps","settings":{"include_horizontal_margins":true,"include_vertical_margins":true}},"custom_content_3tbLj4":{"type":"custom-content","blocks":{"text_RYeWae":{"type":"text","settings":{"title":"","subheading":"","text":"{{ collection.metafields.custom.custom_content | metafield_tag }}","width":"50%","alignment":"center","align_text":"left","text_size":"medium","text_color":"black","button_label":"","button_link":"","button_style":"button--primary","button_size":"","block_custom_class":""}}},"block_order":["text_RYeWae"],"settings":{"heading":"","subheading":"","description":"","header_alignment":"left","container":"container","background_color":"","gap":30,"use_scroll_mobile":false,"gap_mobile":16,"custom_class":""}},"collection_custom_product_lower_faqs_XpqKqL":{"type":"collection-custom-product-lower-faqs","settings":{"subheading":"","title":"FAQs","liquid":"<p style=\"text-align: center\">Write or copy\/paste Liquid code<\/p>","scrollid":"","add_vertical_spacing":true,"background_type":"full_width","background":"rgba(0,0,0,0)","text_color":"rgba(0,0,0,0)"}},"collection_breadcrumb_MwfyWm":{"type":"collection-breadcrumb","disabled":true,"settings":{}}},"order":["collection-banner","quick_filters_static_TN8jaa","main","16856236138cd51c4e","custom_content_3tbLj4","collection_custom_product_lower_faqs_XpqKqL","collection_breadcrumb_MwfyWm"]}