{"sections":{"category_section_qr83Gc":{"type":"category_section","blocks":{"category_nav_FWeyFc":{"type":"category_nav","settings":{"cat_image":"shopify:\/\/shop_images\/Face-200x280_1.png","cat_title":"Skincare","cat_link":"https:\/\/discoverpilgrim.com\/pages\/skincare-homepage"}},"category_nav_kJp3A3":{"type":"category_nav","settings":{"cat_image":"shopify:\/\/shop_images\/WhatsApp_Image_2024-01-08_at_3.23.21_PM.jpg","cat_title":"Makeup","cat_link":"https:\/\/discoverpilgrim.com\/pages\/makeup-homepage"}},"category_nav_tphrbU":{"type":"category_nav","settings":{"cat_image":"shopify:\/\/shop_images\/Hair-Care-400x560.png","cat_title":"Haircare","cat_link":"https:\/\/discoverpilgrim.com\/pages\/haircare-homepage"}}},"block_order":["category_nav_FWeyFc","category_nav_kJp3A3","category_nav_tphrbU"],"settings":{}},"video_ghxbEr":{"type":"video","disabled":true,"custom_css":[".video-wrapper {border-radius: 9px;}"],"settings":{"subheading":"","title":"","video_url":"https:\/\/www.youtube.com\/watch?v=y22esOADmOY","video_metafield_reference":"","image":"shopify:\/\/shop_images\/KV-THUMBNAIL-modified.png","scrollid":"","column_alignment":"left","background_type":"boxed","video_size":"medium","autoplay":false,"show_video_controls":false,"background":"rgba(0,0,0,0)","text_color":"rgba(0,0,0,0)"}},"rich_text_c7dWxy":{"type":"rich-text","disabled":true,"settings":{"subheading":"","title":"Rashmika Says","content":"","button_text":"","button_link":"","button_control":"","custom_class":"","background_type":"full_width","text_width":"medium","text_position":"center","text_alignment":"center","background":"rgba(0,0,0,0)","text_color":"rgba(0,0,0,0)","button_background":"rgba(0,0,0,0)","button_text_color":"rgba(0,0,0,0)"}},"slideshow_iKdeaK":{"type":"slideshow","blocks":{"image_VCttnH":{"type":"image","settings":{"image":"shopify:\/\/shop_images\/strip-banner-Rashmika-1920x440.jpg","mobile_image":"shopify:\/\/shop_images\/strip-banner-Rashmika-1000x400.jpg","text_position":"middle_center","subheading":"","title":"","button_1_text":"","button_1_link":"shopify:\/\/collections\/rashmikas-fav","button_2_text":"","button_2_link":"","text_color":"#ffffff","button_background":"#ffffff","button_text_color":"#000000","overlay_color":"#000000","overlay_opacity":0,"unique_id":"","slide_id":""}}},"block_order":["image_VCttnH"],"settings":{"subheading":"","title":"","content":"","custom_class":"rounded_slideshow_banner_hidden swipeable_slideshow","scrollid":"","section_height":"auto","transition_type":"fade","show_initial_transition":false,"autoplay":true,"cycle_speed":8,"background":"rgba(0,0,0,0)","text_width":"medium","text_position":"center","text_alignment":"center"}},"slideshow_pE3Qy7":{"type":"slideshow","blocks":{"image_AprakF":{"type":"image","settings":{"image":"shopify:\/\/shop_images\/strip-banner-jennefer-1920x440.jpg","mobile_image":"shopify:\/\/shop_images\/strip-banner-jennifer-1000x400.jpg","text_position":"middle_center","subheading":"","title":"","button_1_text":"","button_1_link":"shopify:\/\/collections\/jennifers-fav","button_2_text":"","button_2_link":"","text_color":"#ffffff","button_background":"#ffffff","button_text_color":"#000000","overlay_color":"#000000","overlay_opacity":0,"unique_id":"","slide_id":""}}},"block_order":["image_AprakF"],"settings":{"subheading":"","title":"","content":"","custom_class":"rounded_slideshow_banner_hidden swipeable_slideshow","scrollid":"","section_height":"auto","transition_type":"fade","show_initial_transition":false,"autoplay":true,"cycle_speed":8,"background":"rgba(0,0,0,0)","text_width":"medium","text_position":"center","text_alignment":"center"}},"slideshow_wHXigj":{"type":"slideshow","blocks":{"image_zXyW6w":{"type":"image","settings":{"image":"shopify:\/\/shop_images\/strip-banner-Manisha-1920x440.jpg","mobile_image":"shopify:\/\/shop_images\/strip-banner-Manisha-1000x400.jpg","text_position":"middle_center","subheading":"","title":"","button_1_text":"","button_1_link":"shopify:\/\/collections\/manishas-curation","button_2_text":"","button_2_link":"","text_color":"#ffffff","button_background":"#ffffff","button_text_color":"#000000","overlay_color":"#000000","overlay_opacity":0,"unique_id":"","slide_id":""}}},"block_order":["image_zXyW6w"],"settings":{"subheading":"","title":"","content":"","custom_class":"rounded_slideshow_banner_hidden swipeable_slideshow","scrollid":"","section_height":"auto","transition_type":"fade","show_initial_transition":false,"autoplay":true,"cycle_speed":8,"background":"rgba(0,0,0,0)","text_width":"medium","text_position":"center","text_alignment":"center"}},"rich_text_ppDPkb":{"type":"rich-text","settings":{"subheading":"The Secret is in the mix","title":"","content":"<p>Beauty goes beyond just using the right ingredients—it's about how they're brought together. While trends come and go, the real secret lies in how ingredients are expertly mixed to deliver results.  We masterfully blend natural and active ingredients, making them truly transformative!<\/p>","button_text":"","button_link":"","button_control":"","custom_class":"","background_type":"full_width","text_width":"medium","text_position":"center","text_alignment":"center","background":"rgba(0,0,0,0)","text_color":"rgba(0,0,0,0)","button_background":"rgba(0,0,0,0)","button_text_color":"rgba(0,0,0,0)"}},"milestone_scroll_cJ7hdr":{"type":"milestone-scroll","blocks":{"milestone_EVMxVn":{"type":"Milestone","settings":{"milestone_image":"shopify:\/\/shop_images\/Untitled_design_3.png","milestone_year":2020,"milestoneTitle":"Became customer’s fav in no time!","milestoneSubtitle":"Our debut range of 9 Korean beauty  products captured hearts and became instant bestsellers!"}},"milestone_eQG8bC":{"type":"Milestone","settings":{"milestone_image":"shopify:\/\/shop_images\/Power-Serums-600x900.jpg","milestone_year":2021,"milestoneTitle":"We Hit Gold! ⭐","milestoneSubtitle":"Launched French Red Vine range along with 5 powerful serums. Sold 2.5M units of #1 bestseller Hair Growth Serum. Your feedback transformed our peeling solution into an obsession."}},"milestone_xmaLwa":{"type":"Milestone","settings":{"milestone_image":"shopify:\/\/shop_images\/WhatsApp_Image_2024-08-10_at_11.11.56_AM.jpg","milestone_year":2022,"milestoneTitle":"Stepping Up Our Game!","milestoneSubtitle":"In 2022, we hit  100k followers on Instagram! We also launched our Squalane range, with the Glow Moisturizer quickly becoming an instant bestseller along with our Patua Shampoo from the Amazon Rainforest."}},"milestone_yKJkty":{"type":"Milestone","settings":{"milestone_image":"shopify:\/\/shop_images\/WhatsApp_Image_2024-08-10_at_11.11.55_AM.jpg","milestone_year":2023,"milestoneTitle":" Growth and Glamour","milestoneSubtitle":"We took our glow game offline along with brand new makeup category with 100+ SKU’s."}},"milestone_qbgitb":{"type":"Milestone","settings":{"milestone_image":"shopify:\/\/shop_images\/WhatsApp_Image_2024-08-10_at_11.11.56_AM_1.jpg","milestone_year":2024,"milestoneTitle":"Reaching New Heights!","milestoneSubtitle":"Celebrating 5 years with Rashmika Mandana as our hair brand ambassador and revealing the face of Pilgrim with Manisha Koirala! Our family grew to a team of 250+, offering 200+ SKUs, and we continue to redefine beauty."}}},"block_order":["milestone_EVMxVn","milestone_eQG8bC","milestone_xmaLwa","milestone_yKJkty","milestone_qbgitb"],"disabled":true,"settings":{"title":"Pilgrim's milestones","subtitle":"Our journey is nothing without your love","initial_milestone_image":"shopify:\/\/shop_images\/Milestone.jpg","initial_milestone_year":2019,"initial_milestoneTitle":"The Birth of a Dream","initial_milestoneSubtitle":"Our journey began with a vision to revolutionize the beauty industry by blending efficacious products with right mix of ingredients, supported by passionate and dedicated Team of Five."}},"0405f1b3-50ff-4f22-a853-b04b8f52a0b5":{"type":"image-with-text","blocks":{"4465704e-ae95-43ff-877d-0684cc7f525a":{"type":"item","settings":{"image":"shopify:\/\/shop_images\/New-Pilgrim-Code-Teal-2_1.png","tab_label":"Our Promise","subheading":"","title":"Our Promise","content":"<p>Pilgrim is \"Clean Compatible\". Not just <strong>free of harmful and toxic chemicals<\/strong> but uses only those ingredients that either enhance the health of our hair &<br\/>skin or support the<strong> effectiveness of formulations<\/strong>.<\/p>","button_text":"","button_link":"https:\/\/discoverpilgrim.com\/pages\/about-us\/?ref=ourpromisehomepage"}}},"block_order":["4465704e-ae95-43ff-877d-0684cc7f525a"],"settings":{"reveal_on_scroll":false,"background_type":"full_width","background_overlap":"both","image_position":"left","text_alignment":"center","cycle_speed":8,"accent_background":"#ffffff","text_color":"rgba(0,0,0,0)","button_background":"#ffc105","button_text_color":"rgba(0,0,0,0)"}},"01974e39-80fd-4525-bb31-4d6a5c08d986":{"type":"gallery","blocks":{"template--16770957181157__01974e39-80fd-4525-bb31-4d6a5c08d986-168639748640bc8435-2":{"type":"image","settings":{"image":"shopify:\/\/shop_images\/Testimonial-1080x1500-5.png","image_by_url":"","caption":"","link_url":"https:\/\/discoverpilgrim.com\/products\/3-redensyl-4-anagain-hair-growth-serum\/?ref=testimonials"}},"template--16770957181157__01974e39-80fd-4525-bb31-4d6a5c08d986-168639748640bc8435-0":{"type":"image","settings":{"image":"shopify:\/\/shop_images\/Testimonial-1080x1500-1.png","image_by_url":"https:\/\/discoverpilgrim.com\/products\/red-vine-face-cream-spf-30-with-vitamin-c-rosehip-oil-pa\/?ref=testimonials","caption":"","link_url":"https:\/\/discoverpilgrim.com\/products\/red-vine-face-cream-spf-30-with-vitamin-c-rosehip-oil-pa\/?ref=testimonials"}},"1bb7c4c8-8e6e-4bb0-aef1-b5460f4d4440":{"type":"image","settings":{"image":"shopify:\/\/shop_images\/Testimonial-1080x1500-2.png","image_by_url":"","caption":"","link_url":"shopify:\/\/products\/24k-gold-facial-mask"}},"template--16770957181157__01974e39-80fd-4525-bb31-4d6a5c08d986-168639748640bc8435-1":{"type":"image","settings":{"image":"shopify:\/\/shop_images\/Testimonial-1080x1500-4.png","image_by_url":"https:\/\/discoverpilgrim.com\/products\/squalane-glow-moisturizer\/?ref=testimonials","caption":"","link_url":"https:\/\/discoverpilgrim.com\/products\/squalane-glow-moisturizer\/?ref=testimonials"}},"247a8d1c-5a7a-419e-9d21-08d033078e7b":{"type":"image","settings":{"image":"shopify:\/\/shop_images\/Testimonial-1080x1500-3.png","image_by_url":"https:\/\/discoverpilgrim.com\/products\/25-aha-2-bha-5-pha-peeling-solution\/?ref=testimonials","caption":"","link_url":"https:\/\/discoverpilgrim.com\/products\/25-aha-2-bha-5-pha-peeling-solution\/?ref=testimonials"}}},"block_order":["template--16770957181157__01974e39-80fd-4525-bb31-4d6a5c08d986-168639748640bc8435-2","template--16770957181157__01974e39-80fd-4525-bb31-4d6a5c08d986-168639748640bc8435-0","1bb7c4c8-8e6e-4bb0-aef1-b5460f4d4440","template--16770957181157__01974e39-80fd-4525-bb31-4d6a5c08d986-168639748640bc8435-1","247a8d1c-5a7a-419e-9d21-08d033078e7b"],"settings":{"subheading":"Unconditional Love from","title":"#PilgrimTribe","custom_class":"shadowed-box","scrollid":"","show_arrows":true,"column_alignment":"center","background":"rgba(0,0,0,0)","text_color":"rgba(0,0,0,0)"}},"48e77926-a94a-4ea3-9e18-2bc52d94cd6a":{"type":"logo-list","blocks":{"template--16770957181157__48e77926-a94a-4ea3-9e18-2bc52d94cd6a-16856219890e32d405-0":{"type":"logo","settings":{"logo":"shopify:\/\/shop_images\/cosmopolitan.png","link":""}},"template--16770957181157__48e77926-a94a-4ea3-9e18-2bc52d94cd6a-16856219890e32d405-4":{"type":"logo","settings":{"logo":"shopify:\/\/shop_images\/yourstory_logo_e30fe944-233c-417e-ad05-8ffd5705c4e4.png","link":""}},"template--16770957181157__48e77926-a94a-4ea3-9e18-2bc52d94cd6a-16856219890e32d405-1":{"type":"logo","settings":{"logo":"shopify:\/\/shop_images\/the-times-of-india.png","link":""}},"template--16770957181157__48e77926-a94a-4ea3-9e18-2bc52d94cd6a-16856219890e32d405-2":{"type":"logo","settings":{"logo":"shopify:\/\/shop_images\/grazia.png","link":""}},"template--16770957181157__48e77926-a94a-4ea3-9e18-2bc52d94cd6a-16856219890e32d405-3":{"type":"logo","settings":{"logo":"shopify:\/\/shop_images\/Femina_logo.png","link":""}}},"block_order":["template--16770957181157__48e77926-a94a-4ea3-9e18-2bc52d94cd6a-16856219890e32d405-0","template--16770957181157__48e77926-a94a-4ea3-9e18-2bc52d94cd6a-16856219890e32d405-4","template--16770957181157__48e77926-a94a-4ea3-9e18-2bc52d94cd6a-16856219890e32d405-1","template--16770957181157__48e77926-a94a-4ea3-9e18-2bc52d94cd6a-16856219890e32d405-2","template--16770957181157__48e77926-a94a-4ea3-9e18-2bc52d94cd6a-16856219890e32d405-3"],"settings":{"reveal_on_scroll":false,"subheading":"Yay! We're talk of the town","title":"Featured In","button_text":"","button_link":"","custom_class":"","stack_logos":false,"background":"rgba(0,0,0,0)","text_color":"rgba(0,0,0,0)","button_background":"rgba(0,0,0,0)","button_text_color":"rgba(0,0,0,0)","logo_background":"rgba(0,0,0,0)"}}},"order":["category_section_qr83Gc","video_ghxbEr","rich_text_c7dWxy","slideshow_iKdeaK","slideshow_pE3Qy7","slideshow_wHXigj","rich_text_ppDPkb","milestone_scroll_cJ7hdr","0405f1b3-50ff-4f22-a853-b04b8f52a0b5","01974e39-80fd-4525-bb31-4d6a5c08d986","48e77926-a94a-4ea3-9e18-2bc52d94cd6a"]}