{"sections":{"main":{"type":"main-page","settings":{"show_title":true,"page_width":"medium"}},"faq":{"type":"faq","blocks":{"efedfb51-cd88-4e89-9366-199f3a109eea":{"type":"category","settings":{"title":"Order related"}},"83fb6891-2514-4970-bcc3-6aaeb3196abf":{"type":"question","settings":{"title":"How can I track my order?","answer":"<p>After your order is shipped, you’ll receive a tracking link via email. Alternatively, you can also track it using the below link: <a href=\"https:\/\/discoverpilgrim.com\/pages\/track-your-order\" title=\"https:\/\/discoverpilgrim.com\/pages\/track-your-order\">https:\/\/discoverpilgrim.com\/pages\/track-your-order<\/a> <\/p>"}},"735b8cde-c67e-489f-b130-1ff9bffaa2f3":{"type":"question","settings":{"title":"How do I know that my order is confirmed?","answer":"<p>As soon as you place the order, you will receive <strong>a confirmation SMS<\/strong> and email with the order number and the estimated time of delivery. ⚡<\/p>"}},"c323f1b1-263d-4f97-b073-0715da74afa2":{"type":"question","settings":{"title":"Will I have to bear the shipping charges?","answer":"<p>We provide free shipping for orders above a certain amount, which is updated regularly. We also offer cash-on-delivery in many areas at no extra cost. The shipping charges shown at checkout are final.<\/p>"}},"0de56f67-68e8-44c3-883f-f9362bea193a":{"type":"question","settings":{"title":"Do you have COD facility? 💵","answer":"<p>Yes, we do have Cash On Delivery facility for all our orders.<\/p>"}},"8f4f97cf-53c9-4c5a-981c-50fceb00c06c":{"type":"question","settings":{"title":"What are the different ways I can order Pilgrim products?","answer":"<p>You can order Pilgrim products online from various stores<br\/>including www.discoverpilgrim.com, Amazon, Flipkart, Myntra<br\/>and Nykaa. In case you want to place a bulk order or sell Pilgrim products from your store or website, please contact our customer care at <strong>hello@discoverpilgrim.com<\/strong> or <strong>Whatsapp: 7400097974<\/strong> for assistance.<\/p>"}},"d1417631-272c-4815-aa61-9d5b50006626":{"type":"question","settings":{"title":"What is the standard time of delivery? 🚛","answer":"<p>Once you place the order, it is shipped within 2 business days and you can expect it to be delivered within 4-5 business days <\/p>"}},"52dc7607-7405-4273-b809-63d2dd9c6a7b":{"type":"question","settings":{"title":"Can the billing and the shipping address be different?","answer":"<p>Yes, the billing and shipping addresses can be different.<\/p>"}},"65c41361-4cd2-4704-b248-8e1a97b1f426":{"type":"question","settings":{"title":"Do you ship outside India? 🛫","answer":"<p>No. We currently ship in India only.<\/p>"}},"category_nfqBmb":{"type":"category","settings":{"title":"Modify order"}},"question_ct9ymy":{"type":"question","settings":{"title":"How can I modify my order?","answer":"<p>We regret to inform you that once you have placed an order, it cannot be modified. However, you can contact us via <strong>hello@discoverpilgrim.com<\/strong> or <strong>WhatsApp: 7400097974<\/strong> and we will do our best to assist you.<\/p>"}},"question_CjKRbB":{"type":"question","settings":{"title":"Can I modify\/change my payment mode?","answer":"<p>Unfortunately, once an order is placed, the payment method cannot be altered.<\/p>"}},"ddbef071-e85e-4cd7-ad89-0847817db124":{"type":"category","settings":{"title":"Payment related"}},"3b4af23c-46ce-4877-8151-52ef6e3aa559":{"type":"question","settings":{"title":"I am unable to make the payment","answer":"<p>We apologise for the inconvenience caused. Kindly try again after clearing your browser’s cache and cookies, or, try using a different payment method. However, if the issue still persists, kindly contact us at <strong>hello@discoverpilgrim.com<\/strong> or <strong>WhatsApp: 7400097974<\/strong> and we will assist you.<\/p>"}},"question_WXYNjK":{"type":"question","settings":{"title":"What payment methods are accepted?","answer":"<p>We accept credit\/debit cards, Net banking, UPI, and Cash on Delivery (COD).<br\/>*COD orders carry an extra convenience fee to be paid. <\/p>"}},"question_kbeMXa":{"type":"question","settings":{"title":"My money has been deducted, but my order is not confirmed 🤔","answer":"<p>We apologize for the inconvenience. Please allow up to 24 hours for the confirmation email to arrive. If you don’t receive it, be rest assured that any deducted amount will be refunded to your source account within 3-5 working days<\/p>"}},"4996d402-9315-4c89-a44a-b05462cbf706":{"type":"category","settings":{"title":"Refund\/return related"}},"90ecfa7d-2f52-459c-8f04-b5fd7dd659af":{"type":"question","settings":{"title":"When will I get my refund?","answer":"<p>For paid orders, refund will be processed in the next 24-48 hours on cancellation\/Returns\/Failed Orders. Once the refund is processed, it takes around 3 - 5 working days to reflect in your source account <\/p>"}},"question_GCn968":{"type":"question","settings":{"title":"How do I return my order?","answer":"<p>We only allow return in specific cases. Please refer to our Return Policy before applying for return. You can view our return policy at https:\/\/discoverpilgrim.com\/pages\/copy-of-shipping-returns<\/p>"}},"50282d20-50dd-447b-92d8-5352d5f8fb0f":{"type":"category","settings":{"title":"Contact Us"}},"cde64cca-7d7a-46c6-b54b-6e26f2568dde":{"type":"question","settings":{"title":"How can I get in touch with Pilgrim?","answer":"<p>We would love to hear from you. Please get in touch at<br\/><strong>hello@discoverpilgrim.com<\/strong> or <strong>WhatsApp +91 7400097974.<\/strong><\/p>"}},"b44ba755-6873-4bbd-856c-b994c1834750":{"type":"category","settings":{"title":"Ingredients"}},"41906f8f-50d1-4a1a-a640-af01d776a271":{"type":"question","settings":{"title":"Do you use Sulphates or Parabens in your products?","answer":"<p>We are committed to using safe, effective, and FDA-approved ingredients that ensure high performance. We are paraben-free and use SLS and SLES in selected formulations for their excellent cleansing and foaming properties. They are carefully balanced to deliver effective results without being harsh, adhering to the highest safety standards.<\/p>"}},"5bc9dd32-a414-4f66-baae-a4e0dfa248ca":{"type":"category","settings":{"title":"Product\/brand related"}},"2f421487-659b-48a7-b620-5b244ac8002a":{"type":"question","settings":{"title":"Are Pilgrim products 100% natural? 💯","answer":"<p>We focus on choosing ingredients that are biocompatible with your skin for safe and effective results, whether natural or synthetic. While not all natural ingredients are good for your skin or hair, and not all synthetic ones are bad, we ensure that most of our ingredients are natural and carefully sourced. At Pilgrim, we pick the world’s best beauty ingredients to deliver the best results <\/p>"}},"37c5996e-d1f1-4fc6-be9f-56e181889375":{"type":"question","settings":{"title":"Are Pilgrim products vegan and cruelty free?","answer":"<p>YES, we are proud to be a PETA-certified, cruelty-free and vegan brand.<\/p>"}},"99c5b012-1a15-4b37-bad7-3c30236c60be":{"type":"question","settings":{"title":"For how long are the products safe to use?","answer":"<p>We recommend using our products within the Period After Opening (PAO) indicated on the packaging or by the Best Before date—whichever comes first<\/p>"}},"0b75ba93-a928-4423-9fac-2e67486ef45f":{"type":"question","settings":{"title":"Do Pilgrim products contain fragrance?","answer":"<p>Yes, some of our products include fragrance, which is clearly listed in the ingredients as 'Parfum' or 'Perfume.'<br\/><br\/>Products labeled as having \"Artificial Fragrance\" contain skin-friendly fragrant essential oils. On the other hand, products marked \"Fragrance-Free\" do not contain any added perfumes or fragrances<\/p>"}},"question_PE3dh4":{"type":"question","settings":{"title":"Are you a clean brand?","answer":"<p>Yes, and we are proud of it :) We follow set of values that we deeply believe in. Crafted with love, all Pilgrim products are FDA-approved and free from toxins like parabens, harmful chemicals, and mineral oils - common offenders on beauty labels. <\/p>"}},"52b3b4a8-b28a-4380-a20a-d71e494b8624":{"type":"category","settings":{"title":"Issues with delivered order"}},"a5c05c52-b265-4037-bfb4-c8f3edac88fe":{"type":"question","settings":{"title":"What should I do if products are missing from my order?","answer":"<p>Your order might be shipped in multiple packages. You will receive separate tracking details for each package. To track your order, please visit <a href=\"https:\/\/discoverpilgrim.com\/pages\/track-your-order\" title=\"https:\/\/discoverpilgrim.com\/pages\/track-your-order\">https:\/\/discoverpilgrim.com\/pages\/track-your-order<\/a><br\/><br\/>If you don’t see separate tracking links for your items or need further assistance, feel free to reach out to us via email at <strong>hello@discoverpilgrim.com<\/strong> or <strong>WhatsApp: 7400097974<\/strong>. We will do our best to assist you.<\/p>"}},"561ba467-e819-47e8-87ea-b25dc3151dbe":{"type":"question","settings":{"title":"Received wrong\/expired\/defective\/damaged product(s)","answer":"<p>We apologise for the inconvenience caused. Please reach out to our customer support team via Email (<strong>hello@discoverpilgrim.com<\/strong>) or WhatsApp\/ Call: <strong>7400097974<\/strong> and we can promptly have this rectified.<\/p>"}},"question_9fXrPd":{"type":"question","settings":{"title":"The delivery person was unprofessional in his behaviour","answer":"<p>We take this matter seriously and sincerely apologize for the inconvenience you've faced. Please contact our customer support team on <strong>hello@discoverpilgrim.com<\/strong> or <strong>7400097974<\/strong>.<\/p>"}},"category_8Y66qP":{"type":"category","settings":{"title":"Delivery related concerns"}},"question_DLcBqV":{"type":"question","settings":{"title":"My order status is not updating","answer":"<p>You can track your current order status by visiting our website <a href=\"https:\/\/discoverpilgrim.com\/pages\/track-your-order\" title=\"https:\/\/discoverpilgrim.com\/pages\/track-your-order\">https:\/\/discoverpilgrim.com\/pages\/track-your-order<\/a>. If your query remains unresolved, please reach out to our customer support team on <strong>hello@discoverpilgrim.com<\/strong> or <strong>7400097974<\/strong>.<\/p>"}},"question_gBrWKT":{"type":"question","settings":{"title":"My order was returned without any delivery attempt","answer":"<p>We’re sorry to hear that. Typically, our courier partner makes 3 delivery attempts before returning the order. Please check your SMS or email for any updates about the delivery. You can also check detailed status for your order by clicking on <a href=\"https:\/\/discoverpilgrim.com\/pages\/track-your-order\" title=\"https:\/\/discoverpilgrim.com\/pages\/track-your-order\">https:\/\/discoverpilgrim.com\/pages\/track-your-order<\/a><\/p>"}},"category_EjhCaQ":{"type":"category","settings":{"title":"Order Cancellation"}},"question_x9PV6r":{"type":"question","settings":{"title":"How do I cancel my order?","answer":"<p>You can cancel your order at your end within 15 minutes of placing it. After this period, please contact our customer support team for assistance. Kindly note that orders already shipped are not eligible for cancellation.<\/p>"}},"question_LbcWqq":{"type":"question","settings":{"title":"I am not able to cancel my order","answer":"<p>Orders can only be canceled before they are shipped. Once your order has been dispatched, it cannot be canceled.<\/p>"}},"question_CN4NpA":{"type":"question","settings":{"title":"My order has been canceled","answer":"<p>If your order was canceled on our end, it may have been due to a violation of our Terms and Conditions, such as exceeding order or product limits. For more information, please refer to our <a href=\"https:\/\/discoverpilgrim.com\/pages\/terms-conditions\" title=\"https:\/\/discoverpilgrim.com\/pages\/terms-conditions\"><strong>Terms and Conditions<\/strong><\/a><\/p>"}},"category_iXpatT":{"type":"category","settings":{"title":"Marketing and Collaboration"}},"question_74Eem6":{"type":"question","settings":{"title":"I want to collaborate with Pilgrim 🤝","answer":"<p>Thank you for your interest in Pilgrim. Reach us via email: <strong>social@discoverpilgrim.com<\/strong><\/p>"}},"category_HFb4Yc":{"type":"category","settings":{"title":"Offer related"}},"question_j3R9ix":{"type":"question","settings":{"title":"I want the best coupon code for my purchase","answer":"<p>The best coupon codes will be available at checkout. You can apply them to enjoy the benefits.<\/p>"}},"question_g7ygtV":{"type":"question","settings":{"title":"How to avail the B1G1 offer?","answer":"<p>You can follow the below steps to avail the \"B1G1\" offer:<br\/>1. Add a minimum of 2 products to the cart<br\/>2. Use Code: B1G1<br\/>3. The lower value product will be free<\/p>"}},"question_PtyJRi":{"type":"question","settings":{"title":"I am not receiving the 50% discount after applying the B1G1 offer","answer":"<p>The B1G1 offer does not provide 50% discount. Instead, if you add at least two items to the cart, the lowest priced item will be free and you will only pay for the highest priced item. <\/p>"}},"question_4fwpHL":{"type":"question","settings":{"title":"If I order a single item, will I receive two products with the \"B1G1\" offer?","answer":"<p>No. You need to add at least 2 items to the cart to avail the B1G1 offer. The lowest priced item will be free and you will pay only for the highest priced item. <\/p>"}},"54030c05-890f-49bb-ae08-13e142944e77":{"type":"category","settings":{"title":"Website related"}},"112bc9ed-87af-4e26-bece-dcf254131490":{"type":"question","settings":{"title":"How to login into my account?","answer":"<p>1. Click on the profile icon on the top-right corner of the website<br\/>2. Enter your Phone Number and click on 'Continue'<br\/>3. Enter the OTP received on your phone and you will successfully be logged in<\/p>"}},"question_tdrJB6":{"type":"question","settings":{"title":"I am not getting the OTP to login","answer":"<p>If you are not able to get OTP on your mobile number to login, click on 'Resend OTP' and check again<\/p>"}}},"block_order":["efedfb51-cd88-4e89-9366-199f3a109eea","83fb6891-2514-4970-bcc3-6aaeb3196abf","735b8cde-c67e-489f-b130-1ff9bffaa2f3","c323f1b1-263d-4f97-b073-0715da74afa2","0de56f67-68e8-44c3-883f-f9362bea193a","8f4f97cf-53c9-4c5a-981c-50fceb00c06c","d1417631-272c-4815-aa61-9d5b50006626","52dc7607-7405-4273-b809-63d2dd9c6a7b","65c41361-4cd2-4704-b248-8e1a97b1f426","category_nfqBmb","question_ct9ymy","question_CjKRbB","ddbef071-e85e-4cd7-ad89-0847817db124","3b4af23c-46ce-4877-8151-52ef6e3aa559","question_WXYNjK","question_kbeMXa","4996d402-9315-4c89-a44a-b05462cbf706","90ecfa7d-2f52-459c-8f04-b5fd7dd659af","question_GCn968","50282d20-50dd-447b-92d8-5352d5f8fb0f","cde64cca-7d7a-46c6-b54b-6e26f2568dde","b44ba755-6873-4bbd-856c-b994c1834750","41906f8f-50d1-4a1a-a640-af01d776a271","5bc9dd32-a414-4f66-baae-a4e0dfa248ca","2f421487-659b-48a7-b620-5b244ac8002a","37c5996e-d1f1-4fc6-be9f-56e181889375","99c5b012-1a15-4b37-bad7-3c30236c60be","0b75ba93-a928-4423-9fac-2e67486ef45f","question_PE3dh4","52b3b4a8-b28a-4380-a20a-d71e494b8624","a5c05c52-b265-4037-bfb4-c8f3edac88fe","561ba467-e819-47e8-87ea-b25dc3151dbe","question_9fXrPd","category_8Y66qP","question_DLcBqV","question_gBrWKT","category_EjhCaQ","question_x9PV6r","question_LbcWqq","question_CN4NpA","category_iXpatT","question_74Eem6","category_HFb4Yc","question_j3R9ix","question_g7ygtV","question_PtyJRi","question_4fwpHL","54030c05-890f-49bb-ae08-13e142944e77","112bc9ed-87af-4e26-bece-dcf254131490","question_tdrJB6"],"settings":{"show_navigation":true,"title":"","content":"","background":"rgba(0,0,0,0)","text_color":"rgba(0,0,0,0)"}}},"order":["main","faq"]}