{"sections":{"main":{"type":"main-page","disabled":true,"settings":{"show_title":true,"page_width":"medium"}},"7e274d31-5cfe-4e1b-b5ce-43ac645cc980":{"type":"image-with-text","blocks":{"template--16776545403109__7e274d31-5cfe-4e1b-b5ce-43ac645cc980-16872693292f23052c-0":{"type":"item","disabled":true,"settings":{"tab_label":"Item","subheading":"Subheading","title":"Image with text","content":"<p>Use image with text to give your customers insight into your brand. Select imagery and text that relates to your style and story.<\/p>","button_text":"","button_link":""}}},"block_order":["template--16776545403109__7e274d31-5cfe-4e1b-b5ce-43ac645cc980-16872693292f23052c-0"],"disabled":true,"settings":{"reveal_on_scroll":false,"background_type":"full_width","background_overlap":"image","image_position":"left","text_alignment":"center","cycle_speed":8,"accent_background":"rgba(0,0,0,0)","text_color":"rgba(0,0,0,0)","button_background":"rgba(0,0,0,0)","button_text_color":"rgba(0,0,0,0)"}},"category_section_qr83Gc":{"type":"category_section","blocks":{"category_nav_FWeyFc":{"type":"category_nav","settings":{"cat_image":"shopify:\/\/shop_images\/Face-200x280_1.png","cat_title":"Skincare","cat_link":"https:\/\/discoverpilgrim.com\/pages\/skincare-homepage?ref=HPNAV"}},"category_nav_kJp3A3":{"type":"category_nav","settings":{"cat_image":"shopify:\/\/shop_images\/WhatsApp_Image_2024-01-08_at_3.23.21_PM.jpg","cat_title":"Makeup","cat_link":"https:\/\/discoverpilgrim.com\/pages\/makeup-homepage?ref=HPNAV"}},"category_nav_tphrbU":{"type":"category_nav","settings":{"cat_image":"shopify:\/\/shop_images\/Hair-Care-Rashmika-400x560_1_827aaac3-5d7a-44d2-96b7-d2394bc207db.png","cat_title":"Haircare","cat_link":"https:\/\/discoverpilgrim.com\/pages\/haircare-homepage?ref=HPNAV"}}},"block_order":["category_nav_FWeyFc","category_nav_kJp3A3","category_nav_tphrbU"],"settings":{"section_name":""}},"0db9f9a3-6c0a-47e5-afcc-cb7c984e6774":{"type":"slideshow","blocks":{"image_XtBdan":{"type":"image","settings":{"image":"shopify:\/\/shop_images\/5_-Niacinamide-Oil-Free-Gel-Sunscreen-Desktop-Homepage-Banner-1920x520px.jpg","mobile_image":"shopify:\/\/shop_images\/5_-Niacinamide-Oil-Free-Gel-Sunscreen-Mobile-Homepage-Banner-1000x650px.jpg","text_position":"middle_center","subheading":"","title":"","button_1_text":"","button_1_link":"shopify:\/\/products\/5-niacinamide-oil-free-super-light-gel-sunscreen-spf-50-pa","button_2_text":"","button_2_link":"","text_color":"#ffffff","button_background":"#ffffff","button_text_color":"#000000","overlay_color":"#000000","overlay_opacity":0,"unique_id":"","slide_id":""}},"image_WGGTYU":{"type":"image","settings":{"image":"shopify:\/\/shop_images\/vitc_-_desktop.jpg","mobile_image":"shopify:\/\/shop_images\/vitc_-_mobie.jpg","text_position":"middle_center","subheading":"","title":"","button_1_text":"","button_1_link":"shopify:\/\/products\/vitamin-c-facial-kit","button_2_text":"","button_2_link":"","text_color":"#ffffff","button_background":"#ffffff","button_text_color":"#000000","overlay_color":"#000000","overlay_opacity":0,"unique_id":"","slide_id":""}},"image_kjr6ie":{"type":"image","settings":{"image":"shopify:\/\/shop_images\/5-Ceramides-Barrier-Repair-Moisturizer-Desktop-Homepage-Banner_1920x520px_Gif_1.gif","mobile_image":"shopify:\/\/shop_images\/5-Ceramides-Barrier-Repair-Moisturizer-Mobile-Homepage-Banner_1000x650px_Giff_1.gif","text_position":"middle_center","subheading":"","title":"","button_1_text":"","button_1_link":"shopify:\/\/products\/5-ceramides-barrier-repair-moisturizer","button_2_text":"","button_2_link":"","text_color":"#ffffff","button_background":"#ffffff","button_text_color":"#000000","overlay_color":"#000000","overlay_opacity":0,"unique_id":"","slide_id":""}}},"block_order":["image_XtBdan","image_WGGTYU","image_kjr6ie"],"custom_css":[".abcdef {margin-top: -17px;}"],"settings":{"subheading":"","title":"","content":"","custom_class":"abcdef","scrollid":"","section_name":"","section_height":"auto","transition_type":"sweep","show_initial_transition":false,"autoplay":true,"cycle_speed":5,"background":"rgba(0,0,0,0)","text_width":"medium","text_position":"center","text_alignment":"center"}},"db4f69d5-17a3-4771-89f9-5a809045c9e3":{"type":"multi-column","blocks":{"b605088e-ff1b-4efe-8d34-fa11de0a92ee":{"type":"item","disabled":true,"settings":{"image":"shopify:\/\/shop_images\/Skin-Care-400x560_2f97501b-fcab-4238-9320-bd8c608ffa04.png","image_by_url":"","image_width":100,"image_border":"rgba(0,0,0,0)","image_background":"rgba(0,0,0,0)","title":"","content":"","link_text":"","link_url":"shopify:\/\/collections\/face-care","link_style":"link","text_alignment":"center","vertical_alignment":"start"}},"template--16825137725669__db4f69d5-17a3-4771-89f9-5a809045c9e3-item-1":{"type":"item","settings":{"image":"shopify:\/\/shop_images\/Moisturizers-400x560_940ccf0d-4889-4d48-807a-941a975253eb.png","image_by_url":"","image_width":100,"image_border":"rgba(0,0,0,0)","image_background":"rgba(0,0,0,0)","title":"","content":"","link_text":"","link_url":"shopify:\/\/collections\/day-creams","link_style":"link","text_alignment":"center","vertical_alignment":"start"}},"94aac99a-c932-4bbb-bdf9-bbe922f6bf6b":{"type":"item","settings":{"image":"shopify:\/\/shop_images\/Face-Washes-400x560_823a8714-565d-4199-98aa-47cf5aec72ef.png","image_by_url":"","image_width":100,"image_border":"rgba(0,0,0,0)","image_background":"rgba(0,0,0,0)","title":"","content":"","link_text":"","link_url":"shopify:\/\/collections\/face-washes","link_style":"link","text_alignment":"center","vertical_alignment":"start"}},"item_cJBfiB":{"type":"item","settings":{"image":"shopify:\/\/shop_images\/Face-Serums-400x560_30f29fea-834d-487b-8329-8a684f86cbac.png","image_by_url":"","image_width":100,"image_border":"rgba(0,0,0,0)","image_background":"rgba(0,0,0,0)","title":"","content":"","link_text":"","link_url":"shopify:\/\/collections\/face-serums","link_style":"link","text_alignment":"center","vertical_alignment":"start"}},"item_EVgaxX":{"type":"item","settings":{"image":"shopify:\/\/shop_images\/Sunscreens-400x560_7363514c-27ef-4013-9fbd-3770ca8ac2a8.png","image_by_url":"","image_width":100,"image_border":"rgba(0,0,0,0)","image_background":"rgba(0,0,0,0)","title":"","content":"","link_text":"","link_url":"shopify:\/\/collections\/sunscreen","link_style":"link","text_alignment":"center","vertical_alignment":"start"}}},"block_order":["b605088e-ff1b-4efe-8d34-fa11de0a92ee","template--16825137725669__db4f69d5-17a3-4771-89f9-5a809045c9e3-item-1","94aac99a-c932-4bbb-bdf9-bbe922f6bf6b","item_cJBfiB","item_EVgaxX"],"disabled":true,"custom_css":[".makeup-multicolumn .button-wrapper {margin-top: 30px;}"],"settings":{"reveal_on_scroll":false,"stack_items":false,"subheading":"","title":"Shop By Category","content":"","button_text":"ALL SKINCARE PRODUCTS ➔","button_link":"shopify:\/\/collections\/skin-care","scrollid":"","custom_class":"makeup-multicolumn","section_name":"","column_alignment":"center","mobile_item_size":"small","desktop_item_size":"small","spacing":"tight","background":"rgba(0,0,0,0)","text_color":"rgba(0,0,0,0)"}},"logo_list_U4T4Pk":{"type":"logo-list","blocks":{"logo_jnEYeU":{"type":"logo","settings":{"logo":"shopify:\/\/shop_images\/Sunscreens-W-248-H-332_1.png","link":"shopify:\/\/collections\/sunscreen"}},"logo_V3HYmW":{"type":"logo","settings":{"logo":"shopify:\/\/shop_images\/Face-Serums-W-248-H-332_1.png","link":"shopify:\/\/collections\/face-serums"}},"logo_Wz9Cdt":{"type":"logo","settings":{"logo":"shopify:\/\/shop_images\/Moisturizers-W-248-H-332_1.png","link":"shopify:\/\/collections\/day-creams"}},"logo_jx4QUn":{"type":"logo","settings":{"logo":"shopify:\/\/shop_images\/Face-Washes-W-248-H-332_1.png","link":"shopify:\/\/collections\/face-washes"}}},"block_order":["logo_jnEYeU","logo_V3HYmW","logo_Wz9Cdt","logo_jx4QUn"],"settings":{"reveal_on_scroll":false,"subheading":"","title":"Shop by Category","button_text":"All Skincare Products ➔","button_link":"shopify:\/\/collections\/face-care","custom_class":"concern_based_kits","stack_logos":false,"background":"rgba(0,0,0,0)","text_color":"rgba(0,0,0,0)","button_background":"rgba(0,0,0,0)","button_text_color":"rgba(0,0,0,0)","logo_background":"rgba(0,0,0,0)"}},"logo_list_UfWkeQ":{"type":"logo-list","blocks":{"logo_7hQe3C":{"type":"logo","settings":{"logo":"shopify:\/\/shop_images\/Niacinamide_1.png","link":"shopify:\/\/collections\/clarifying-niacinamide"}},"logo_bLKEXa":{"type":"logo","settings":{"logo":"shopify:\/\/shop_images\/Squalane_2_1.png","link":"shopify:\/\/collections\/ultra-hydrating-squalane"}},"logo_tJYUKr":{"type":"logo","settings":{"logo":"shopify:\/\/shop_images\/Hyaluronic-Acid_1.png","link":"shopify:\/\/collections\/hydrating-hyaluronic-acid"}},"logo_8gHbNH":{"type":"logo","settings":{"logo":"shopify:\/\/shop_images\/Vitamin-C_1.png","link":"shopify:\/\/collections\/vitamin-c"}},"logo_jAHiAc":{"type":"logo","settings":{"logo":"shopify:\/\/shop_images\/Retinol_1.png","link":"shopify:\/\/collections\/renew-with-retinol"}},"logo_XUUB8L":{"type":"logo","settings":{"logo":"shopify:\/\/shop_images\/Red-Vine_1.png","link":"shopify:\/\/collections\/anti-ageing-with-red-vine-extracts"}},"logo_p8f9K6":{"type":"logo","settings":{"logo":"shopify:\/\/shop_images\/Salicylic-Acid_1.png","link":"shopify:\/\/collections\/powerful-salicylic-acid"}}},"block_order":["logo_7hQe3C","logo_bLKEXa","logo_tJYUKr","logo_8gHbNH","logo_jAHiAc","logo_XUUB8L","logo_p8f9K6"],"settings":{"reveal_on_scroll":false,"subheading":"","title":"Shop by Ingredients","button_text":"","button_link":"","custom_class":"concern_based_kits","stack_logos":false,"background":"rgba(0,0,0,0)","text_color":"rgba(0,0,0,0)","button_background":"rgba(0,0,0,0)","button_text_color":"rgba(0,0,0,0)","logo_background":"rgba(0,0,0,0)"}},"logo_list_khMzRH":{"type":"logo-list","blocks":{"logo_AU4FYW":{"type":"logo","settings":{"logo":"shopify:\/\/shop_images\/Facecare-800x800.png","link":""}},"logo_jnQrew":{"type":"logo","settings":{"logo":"shopify:\/\/shop_images\/Facecare-800x800.png","link":""}},"logo_dWieMP":{"type":"logo","settings":{"link":""}},"logo_Fbyqbh":{"type":"logo","settings":{"link":""}},"logo_V4MxcW":{"type":"logo","settings":{"link":""}},"logo_dADRUw":{"type":"logo","settings":{"link":""}},"logo_zXTCxM":{"type":"logo","settings":{"link":""}},"logo_WadfR6":{"type":"logo","settings":{"link":""}}},"block_order":["logo_AU4FYW","logo_jnQrew","logo_dWieMP","logo_Fbyqbh","logo_V4MxcW","logo_dADRUw","logo_zXTCxM","logo_WadfR6"],"disabled":true,"settings":{"reveal_on_scroll":false,"subheading":"","title":"","button_text":"","button_link":"","custom_class":"","stack_logos":false,"background":"rgba(0,0,0,0)","text_color":"rgba(0,0,0,0)","button_background":"rgba(0,0,0,0)","button_text_color":"rgba(0,0,0,0)","logo_background":"rgba(0,0,0,0)"}},"featured_collections_LGLV9b":{"type":"featured-collections","blocks":{"collection_zwyzxp":{"type":"collection","settings":{"collection":"face-care","label":"","button_text":"View All","button_url":"shopify:\/\/collections\/face-care"}}},"block_order":["collection_zwyzxp"],"settings":{"subheading":"","title":"Discover Face Products","content":"","scrollid":"","products_count":12,"products_per_row":6,"stack_products":false,"show_cta":true,"background":"rgba(0,0,0,0)","text_color":"rgba(0,0,0,0)","button_background":"rgba(0,0,0,0)","button_text_color":"rgba(0,0,0,0)"}},"featured_collections_4xJnaV":{"type":"featured-collections","blocks":{"collection_3CCWAC":{"type":"collection","settings":{"collection":"face-serums","label":"","button_text":"View All","button_url":"shopify:\/\/collections\/face-serums"}}},"block_order":["collection_3CCWAC"],"settings":{"subheading":"","title":"Discover Face Serums","content":"","scrollid":"","products_count":12,"products_per_row":4,"stack_products":false,"show_cta":true,"background":"rgba(0,0,0,0)","text_color":"rgba(0,0,0,0)","button_background":"rgba(0,0,0,0)","button_text_color":"rgba(0,0,0,0)"}},"slideshow_ewMJWw":{"type":"slideshow","blocks":{"image_RExdr3":{"type":"image","settings":{"mobile_image":"shopify:\/\/shop_images\/Model-Banner-1000x550_1.jpg","text_position":"middle_center","subheading":"","title":"","button_1_text":"","button_1_link":"shopify:\/\/products\/salicylic-glycolic-acid-anti-acne-serum","button_2_text":"","button_2_link":"","text_color":"#ffffff","button_background":"#ffffff","button_text_color":"#000000","overlay_color":"#000000","overlay_opacity":0,"unique_id":"","slide_id":""}}},"block_order":["image_RExdr3"],"custom_css":["@media only screen and (min-width: 576px) {.mobileonly {display: none; }}"],"settings":{"subheading":"","title":"","content":"","custom_class":"mobileonly lazy-loading","scrollid":"","section_name":"","section_height":"auto","transition_type":"sweep","show_initial_transition":false,"autoplay":true,"cycle_speed":5,"background":"rgba(0,0,0,0)","text_width":"medium","text_position":"center","text_alignment":"center"}},"slideshow_aiQta9":{"type":"slideshow","blocks":{"image_prEp6k":{"type":"image","settings":{"mobile_image":"shopify:\/\/shop_images\/Skincare-Offer-Banner-650x400-1.jpg","text_position":"middle_center","subheading":"","title":"","button_1_text":"","button_1_link":"","button_2_text":"","button_2_link":"","text_color":"#ffffff","button_background":"#ffffff","button_text_color":"#000000","overlay_color":"#000000","overlay_opacity":0,"unique_id":"","slide_id":""}}},"block_order":["image_prEp6k"],"disabled":true,"custom_css":["@media only screen and (min-width: 576px) {.mobileonly {display: none; }}"],"settings":{"subheading":"","title":"","content":"","custom_class":"mobileonly","scrollid":"","section_name":"","section_height":"auto","transition_type":"sweep","show_initial_transition":false,"autoplay":true,"cycle_speed":5,"background":"rgba(0,0,0,0)","text_width":"medium","text_position":"center","text_alignment":"center"}},"featured_collections_CGF8q9":{"type":"featured-collections","blocks":{"collection_gRPNNm":{"type":"collection","settings":{"collection":"day-creams","label":"","button_text":"View All","button_url":"shopify:\/\/collections\/day-creams"}}},"block_order":["collection_gRPNNm"],"settings":{"subheading":"","title":"Discover Face Creams","content":"","scrollid":"","products_count":6,"products_per_row":4,"stack_products":false,"show_cta":true,"background":"rgba(0,0,0,0)","text_color":"rgba(0,0,0,0)","button_background":"rgba(0,0,0,0)","button_text_color":"rgba(0,0,0,0)"}},"featured_collections_BYG84Q":{"type":"featured-collections","blocks":{"collection_twHpPn":{"type":"collection","settings":{"collection":"bestseller-combo-sets-skincare","label":"","button_text":"View All","button_url":"shopify:\/\/collections\/bestseller-combo-sets-skincare"}}},"block_order":["collection_twHpPn"],"settings":{"subheading":"","title":"Save with Sets","content":"","scrollid":"","products_count":10,"products_per_row":4,"stack_products":false,"show_cta":true,"background":"rgba(0,0,0,0)","text_color":"rgba(0,0,0,0)","button_background":"rgba(0,0,0,0)","button_text_color":"rgba(0,0,0,0)"}},"logo_list_6tGpVD":{"type":"logo-list","blocks":{"logo_Yayaxc":{"type":"logo","settings":{"logo":"shopify:\/\/shop_images\/Korean-Beauty-450x175.png","link":"shopify:\/\/collections\/secrets-of-jeju-island"}},"logo_NpiQwk":{"type":"logo","settings":{"logo":"shopify:\/\/shop_images\/French-Beauty-450x175.png","link":"shopify:\/\/collections\/secrets-of-vinotherapie"}},"logo_9hV9Yb":{"type":"logo","settings":{"logo":"shopify:\/\/shop_images\/Spanish-Beauty-450x175.png","link":"shopify:\/\/collections\/secrets-of-seville"}},"logo_9AmREd":{"type":"logo","settings":{"logo":"shopify:\/\/shop_images\/Australian-Beauty-450x175.png","link":"shopify:\/\/collections\/secrets-of-a-beauty-australia"}},"logo_tfXBAf":{"type":"logo","disabled":true,"settings":{"link":""}},"logo_yVHede":{"type":"logo","disabled":true,"settings":{"link":""}}},"block_order":["logo_Yayaxc","logo_NpiQwk","logo_9hV9Yb","logo_9AmREd","logo_tfXBAf","logo_yVHede"],"settings":{"reveal_on_scroll":false,"subheading":"","title":"Shop from","button_text":"","button_link":"","custom_class":"concern_based_kits","stack_logos":true,"background":"rgba(0,0,0,0)","text_color":"rgba(0,0,0,0)","button_background":"rgba(0,0,0,0)","button_text_color":"rgba(0,0,0,0)","logo_background":"rgba(0,0,0,0)"}},"image_with_text_3wUABP":{"type":"image-with-text","blocks":{"item_thMQmE":{"type":"item","settings":{"image":"shopify:\/\/shop_images\/New-Pilgrim-Code-Teal-2_1_0f5795ea-7274-43b4-844b-3e405a6eee4d.png","tab_label":"Item","subheading":"","title":"Our Promise","content":"<p>Pilgrim is \"Clean Compatible\". Not just <strong>free of harmful and toxic chemicals <\/strong>but uses only those ingredients that either enhance the health of our hair &<br\/>skin or support the <strong>effectiveness of formulations<\/strong><\/p>","button_text":"","button_link":""}}},"block_order":["item_thMQmE"],"settings":{"reveal_on_scroll":false,"background_type":"boxed","background_overlap":"image","image_position":"left","text_alignment":"center","cycle_speed":8,"accent_background":"rgba(0,0,0,0)","text_color":"rgba(0,0,0,0)","button_background":"rgba(0,0,0,0)","button_text_color":"rgba(0,0,0,0)"}}},"order":["main","7e274d31-5cfe-4e1b-b5ce-43ac645cc980","category_section_qr83Gc","0db9f9a3-6c0a-47e5-afcc-cb7c984e6774","db4f69d5-17a3-4771-89f9-5a809045c9e3","logo_list_U4T4Pk","logo_list_UfWkeQ","logo_list_khMzRH","featured_collections_LGLV9b","featured_collections_4xJnaV","slideshow_ewMJWw","slideshow_aiQta9","featured_collections_CGF8q9","featured_collections_BYG84Q","logo_list_6tGpVD","image_with_text_3wUABP"]}