{"sections":{"main":{"type":"main-page","disabled":true,"settings":{"show_title":true,"page_width":"medium"}},"e4a756a6-d4fa-428e-bfff-c0053b40ba8a":{"type":"slideshow","blocks":{"template--16809458958565__e4a756a6-d4fa-428e-bfff-c0053b40ba8a-image-1":{"type":"image","settings":{"image":"shopify:\/\/shop_images\/BF-PreBuzz-Homepage-Banner-800x1000.jpg","mobile_image":"shopify:\/\/shop_images\/BF-PreBuzz-Homepage-Banner-800x1000.jpg","text_position":"middle_center","subheading":"","title":"","button_1_text":"","button_1_link":"","button_2_text":"","button_2_link":"","text_color":"#ffffff","button_background":"#ffffff","button_text_color":"#000000","overlay_color":"#000000","overlay_opacity":0,"unique_id":""}}},"block_order":["template--16809458958565__e4a756a6-d4fa-428e-bfff-c0053b40ba8a-image-1"],"settings":{"subheading":"","title":"","content":"","custom_class":"presale_banner","scrollid":"","section_height":"auto","transition_type":"sweep","show_initial_transition":false,"autoplay":true,"cycle_speed":5,"background":"rgba(0,0,0,0)","text_width":"medium","text_position":"center","text_alignment":"center"}},"b75aef78-3785-4bad-91f9-5fc22de2e85e":{"type":"rich-text","settings":{"subheading":"","title":"","content":"<p>Get Early Access ➔<\/p>","button_text":"🕭 Notify Me","button_link":"","button_control":"newsletter-popup","custom_class":"presale_sticky_newsletter","background_type":"full_width","text_width":"medium","text_position":"center","text_alignment":"center","background":"rgba(0,0,0,0)","text_color":"rgba(0,0,0,0)","button_background":"rgba(0,0,0,0)","button_text_color":"rgba(0,0,0,0)"}},"ba5f4115-1571-4255-b9dc-f64019746cfc":{"type":"slideshow","blocks":{"41d1c1a0-e4d6-479d-abb2-dd1746b98eee":{"type":"image","settings":{"image":"shopify:\/\/shop_images\/BF-EveryDay-Offer-Prebuzz-Banner.jpg","mobile_image":"shopify:\/\/shop_images\/BF-EveryDay-Offer-Prebuzz-Banner.jpg","text_position":"middle_center","subheading":"","title":"","button_1_text":"","button_1_link":"","button_2_text":"","button_2_link":"","text_color":"#ffffff","button_background":"#ffffff","button_text_color":"#000000","overlay_color":"#000000","overlay_opacity":0,"unique_id":""}}},"block_order":["41d1c1a0-e4d6-479d-abb2-dd1746b98eee"],"settings":{"subheading":"","title":"","content":"","custom_class":"presale_banner","scrollid":"","section_height":"auto","transition_type":"sweep","show_initial_transition":false,"autoplay":true,"cycle_speed":5,"background":"rgba(0,0,0,0)","text_width":"medium","text_position":"center","text_alignment":"center"}},"rich_text_qfWedX":{"type":"rich-text","settings":{"subheading":"","title":"","content":"","button_text":"🔔Notify Me","button_link":"","button_control":"newsletter-popup","custom_class":"newsletter_button","background_type":"full_width","text_width":"medium","text_position":"center","text_alignment":"center","background":"rgba(0,0,0,0)","text_color":"rgba(0,0,0,0)","button_background":"rgba(0,0,0,0)","button_text_color":"rgba(0,0,0,0)"}},"73e558cf-1c82-4b42-b496-25fefe4ffb73":{"type":"slideshow","blocks":{"0d493314-877b-4c58-b74e-cd8f9c5af2a1":{"type":"image","settings":{"image":"shopify:\/\/shop_images\/Happy-Hour-Prebuzz-Banner_b4b36278-93ca-449b-960f-0e3cacb05acb.jpg","mobile_image":"shopify:\/\/shop_images\/Happy-Hour-Prebuzz-Banner_b4b36278-93ca-449b-960f-0e3cacb05acb.jpg","text_position":"middle_center","subheading":"","title":"","button_1_text":"","button_1_link":"","button_2_text":"","button_2_link":"","text_color":"#ffffff","button_background":"#ffffff","button_text_color":"#000000","overlay_color":"#000000","overlay_opacity":0,"unique_id":""}}},"block_order":["0d493314-877b-4c58-b74e-cd8f9c5af2a1"],"settings":{"subheading":"","title":"","content":"","custom_class":"","scrollid":"","section_height":"auto","transition_type":"sweep","show_initial_transition":false,"autoplay":true,"cycle_speed":5,"background":"rgba(0,0,0,0)","text_width":"medium","text_position":"center","text_alignment":"center"}},"slideshow_AcFQMC":{"type":"slideshow","blocks":{"image_x8DDVD":{"type":"image","disabled":true,"settings":{"image":"shopify:\/\/shop_images\/Your-Choice_-Your-Flash-Sale_1_56e90f3d-584f-442e-b7fe-deec290b0f14.jpg","mobile_image":"shopify:\/\/shop_images\/Your-Choice_-Your-Flash-Sale_1_56e90f3d-584f-442e-b7fe-deec290b0f14.jpg","text_position":"middle_center","subheading":"","title":"","button_1_text":"","button_1_link":"","button_2_text":"","button_2_link":"","text_color":"#ffffff","button_background":"#ffffff","button_text_color":"#000000","overlay_color":"#000000","overlay_opacity":0,"unique_id":""}}},"block_order":["image_x8DDVD"],"disabled":true,"custom_css":[],"settings":{"subheading":"","title":"Your vote counts!","content":"","custom_class":"presale_banner","scrollid":"vote","section_height":"auto","transition_type":"sweep","show_initial_transition":false,"autoplay":true,"cycle_speed":5,"background":"rgba(0,0,0,0)","text_width":"medium","text_position":"center","text_alignment":"center"}},"upvote_product_feature_6GQ6Nd":{"type":"upvote-product-feature","disabled":true,"custom_css":[".custom-collection-section {padding: 4px;}"],"settings":{"title":"","collection":"upvote"}},"slideshow_BPPqzx":{"type":"slideshow","blocks":{"image_KBeHyE":{"type":"image","disabled":true,"settings":{"image":"shopify:\/\/shop_images\/Happy-Hour-Prebuzz-Banner.jpg","mobile_image":"shopify:\/\/shop_images\/Happy-Hour-Prebuzz-Banner.jpg","text_position":"middle_center","subheading":"","title":"","button_1_text":"","button_1_link":"","button_2_text":"","button_2_link":"","text_color":"#ffffff","button_background":"#ffffff","button_text_color":"#000000","overlay_color":"#000000","overlay_opacity":0,"unique_id":""}}},"block_order":["image_KBeHyE"],"settings":{"subheading":"","title":"","content":"","custom_class":"","scrollid":"","section_height":"auto","transition_type":"sweep","show_initial_transition":false,"autoplay":true,"cycle_speed":5,"background":"rgba(0,0,0,0)","text_width":"medium","text_position":"center","text_alignment":"center"}},"sticky_notes_fijc9r":{"type":"sticky-notes","disabled":true,"settings":{"title":"Pilgrim’s birthday wall","subtitle":"Our customers are our fam","buttonTitle":"Submit"}},"2f1bdefc-0d63-4afa-8aab-9bda0ee7afd9":{"type":"play-and-win","blocks":{"template--16809458958565__2f1bdefc-0d63-4afa-8aab-9bda0ee7afd9-logo-1":{"type":"logo","settings":{"logo":"shopify:\/\/shop_images\/Spin-The-Wheel-Game_-_tinified.jpg","link":"https:\/\/play.rhym.io\/custom-game?game=GAM223537553776"}},"template--16809458958565__2f1bdefc-0d63-4afa-8aab-9bda0ee7afd9-logo-2":{"type":"logo","settings":{"logo":"shopify:\/\/shop_images\/Catch-The-Products-tinified.jpg","link":"https:\/\/play.rhym.io\/custom-game?game=GAM746178767944"}},"template--16809458958565__2f1bdefc-0d63-4afa-8aab-9bda0ee7afd9-logo-3":{"type":"logo","disabled":true,"settings":{"link":""}},"template--16809458958565__2f1bdefc-0d63-4afa-8aab-9bda0ee7afd9-logo-4":{"type":"logo","disabled":true,"settings":{"link":""}}},"block_order":["template--16809458958565__2f1bdefc-0d63-4afa-8aab-9bda0ee7afd9-logo-1","template--16809458958565__2f1bdefc-0d63-4afa-8aab-9bda0ee7afd9-logo-2","template--16809458958565__2f1bdefc-0d63-4afa-8aab-9bda0ee7afd9-logo-3","template--16809458958565__2f1bdefc-0d63-4afa-8aab-9bda0ee7afd9-logo-4"],"disabled":true,"custom_css":[".playnwin {margin-top: 10px;}"],"settings":{"reveal_on_scroll":false,"subheading":"","title":"Play and Win","content":"<p>Play & win a chance to get an iPhone 14 Plus✨<\/p>","button_text":"","button_link":"","custom_class":"playnwin","stack_logos":true,"background":"rgba(0,0,0,0)","text_color":"rgba(0,0,0,0)","button_background":"rgba(0,0,0,0)","button_text_color":"rgba(0,0,0,0)","image_background":"rgba(0,0,0,0)"}},"122aa5d8-620e-4d0c-a8de-6e4fb1ad97bf":{"type":"slideshow","blocks":{"2532abee-9284-4f52-8479-99635a145434":{"type":"image","settings":{"image":"shopify:\/\/shop_images\/iPhone-16-Gift-Banner.jpg","mobile_image":"shopify:\/\/shop_images\/iPhone-16-Gift-Banner.jpg","text_position":"middle_center","subheading":"","title":"","button_1_text":"","button_1_link":"","button_2_text":"","button_2_link":"","text_color":"#ffffff","button_background":"#ffffff","button_text_color":"#000000","overlay_color":"#000000","overlay_opacity":0,"unique_id":""}}},"block_order":["2532abee-9284-4f52-8479-99635a145434"],"settings":{"subheading":"","title":"","content":"","custom_class":"","scrollid":"","section_height":"auto","transition_type":"sweep","show_initial_transition":false,"autoplay":true,"cycle_speed":5,"background":"rgba(0,0,0,0)","text_width":"medium","text_position":"center","text_alignment":"center"}},"slideshow_fXDACJ":{"type":"slideshow","blocks":{"image_3Hxnzy":{"type":"image","settings":{"image":"shopify:\/\/shop_images\/Gifts-Prebuzz-Banner_f95665f5-9bbf-433f-bd54-f0d06d89e694.jpg","mobile_image":"shopify:\/\/shop_images\/Gifts-Prebuzz-Banner_f95665f5-9bbf-433f-bd54-f0d06d89e694.jpg","text_position":"middle_center","subheading":"","title":"","button_1_text":"","button_1_link":"","button_2_text":"","button_2_link":"","text_color":"#ffffff","button_background":"#ffffff","button_text_color":"#000000","overlay_color":"#000000","overlay_opacity":0,"unique_id":""}}},"block_order":["image_3Hxnzy"],"settings":{"subheading":"","title":"","content":"","custom_class":"","scrollid":"","section_height":"auto","transition_type":"sweep","show_initial_transition":false,"autoplay":true,"cycle_speed":5,"background":"rgba(0,0,0,0)","text_width":"medium","text_position":"center","text_alignment":"center"}},"64f146ac-bf7c-4fda-b6e4-79a3b0b594a1":{"type":"slideshow","blocks":{"60c3b47e-b1e4-44b3-bd0a-9f5bef5ec0aa":{"type":"image","settings":{"image":"shopify:\/\/shop_images\/Mystery-Box-Mobile-Size_db0bca97-02f8-42d2-825c-a28a4aa23682.jpg","mobile_image":"shopify:\/\/shop_images\/Mystery-Box-Mobile-Size_db0bca97-02f8-42d2-825c-a28a4aa23682.jpg","text_position":"middle_center","subheading":"","title":"","button_1_text":"","button_1_link":"","button_2_text":"","button_2_link":"","text_color":"#ffffff","button_background":"#ffffff","button_text_color":"#000000","overlay_color":"#000000","overlay_opacity":0,"unique_id":""}}},"block_order":["60c3b47e-b1e4-44b3-bd0a-9f5bef5ec0aa"],"settings":{"subheading":"","title":"","content":"","custom_class":"","scrollid":"","section_height":"auto","transition_type":"sweep","show_initial_transition":false,"autoplay":true,"cycle_speed":5,"background":"rgba(0,0,0,0)","text_width":"medium","text_position":"center","text_alignment":"center"}},"slideshow_yppAGX":{"type":"slideshow","blocks":{"image_3CjX3R":{"type":"image","settings":{"image":"shopify:\/\/shop_images\/10-FREEBIES-Banner_ee7a341e-1dc6-4a59-8c46-5312ac412de4.jpg","mobile_image":"shopify:\/\/shop_images\/10-FREEBIES-Banner_ee7a341e-1dc6-4a59-8c46-5312ac412de4.jpg","text_position":"middle_center","subheading":"","title":"","button_1_text":"","button_1_link":"","button_2_text":"","button_2_link":"","text_color":"#ffffff","button_background":"#ffffff","button_text_color":"#000000","overlay_color":"#000000","overlay_opacity":0,"unique_id":""}}},"block_order":["image_3CjX3R"],"settings":{"subheading":"","title":"","content":"","custom_class":"","scrollid":"","section_height":"auto","transition_type":"sweep","show_initial_transition":false,"autoplay":true,"cycle_speed":5,"background":"rgba(0,0,0,0)","text_width":"medium","text_position":"center","text_alignment":"center"}},"e5ea849a-1f30-4f13-943e-4d3ce49fe2ad":{"type":"slideshow","blocks":{"5b855a75-6936-493c-af9a-568fccd89b28":{"type":"image","settings":{"image":"shopify:\/\/shop_images\/Sleep-Company-Neck-Band-Gift-Banner_05ed42e7-4d29-4fb8-97b2-1233136d3f2e.jpg","mobile_image":"shopify:\/\/shop_images\/Sleep-Company-Neck-Band-Gift-Banner_05ed42e7-4d29-4fb8-97b2-1233136d3f2e.jpg","text_position":"middle_center","subheading":"","title":"","button_1_text":"","button_1_link":"","button_2_text":"","button_2_link":"","text_color":"#ffffff","button_background":"#ffffff","button_text_color":"#000000","overlay_color":"#000000","overlay_opacity":0,"unique_id":""}}},"block_order":["5b855a75-6936-493c-af9a-568fccd89b28"],"disabled":true,"settings":{"subheading":"","title":"","content":"","custom_class":"","scrollid":"","section_height":"auto","transition_type":"sweep","show_initial_transition":false,"autoplay":true,"cycle_speed":5,"background":"rgba(0,0,0,0)","text_width":"medium","text_position":"center","text_alignment":"center"}},"8b83c0f5-0382-4e61-bc0f-3f0f2946b9ce":{"type":"slideshow","blocks":{"4eba1b3a-2643-4b37-9080-caccc77f7cc1":{"type":"image","settings":{"image":"shopify:\/\/shop_images\/Leaf-Speaker-Gift-Banner_344a6586-ab43-4425-a89b-d8caf0fe076a.jpg","mobile_image":"shopify:\/\/shop_images\/Leaf-Speaker-Gift-Banner_344a6586-ab43-4425-a89b-d8caf0fe076a.jpg","text_position":"middle_center","subheading":"","title":"","button_1_text":"","button_1_link":"","button_2_text":"","button_2_link":"","text_color":"#ffffff","button_background":"#ffffff","button_text_color":"#000000","overlay_color":"#000000","overlay_opacity":0,"unique_id":""}}},"block_order":["4eba1b3a-2643-4b37-9080-caccc77f7cc1"],"disabled":true,"settings":{"subheading":"","title":"","content":"","custom_class":"","scrollid":"","section_height":"auto","transition_type":"sweep","show_initial_transition":false,"autoplay":true,"cycle_speed":5,"background":"rgba(0,0,0,0)","text_width":"medium","text_position":"center","text_alignment":"center"}},"2e47bb4a-9ab3-4e6b-8123-7191359e2dcd":{"type":"slideshow","blocks":{"template--16809458958565__2e47bb4a-9ab3-4e6b-8123-7191359e2dcd-image-1":{"type":"image","settings":{"image":"shopify:\/\/shop_images\/Influencers-Banner_27d90483-5e5c-42ea-a39f-90cb1cb32954.jpg","mobile_image":"shopify:\/\/shop_images\/Influencers-Banner_27d90483-5e5c-42ea-a39f-90cb1cb32954.jpg","text_position":"middle_center","subheading":"","title":"","button_1_text":"","button_1_link":"","button_2_text":"","button_2_link":"","text_color":"#ffffff","button_background":"#ffffff","button_text_color":"#000000","overlay_color":"#000000","overlay_opacity":0,"unique_id":""}}},"block_order":["template--16809458958565__2e47bb4a-9ab3-4e6b-8123-7191359e2dcd-image-1"],"settings":{"subheading":"","title":"","content":"","custom_class":"","scrollid":"","section_height":"auto","transition_type":"sweep","show_initial_transition":false,"autoplay":true,"cycle_speed":5,"background":"rgba(0,0,0,0)","text_width":"medium","text_position":"center","text_alignment":"center"}},"milestone_scroll_eJPt84":{"type":"milestone-scroll","blocks":{"milestone_EVMxVn":{"type":"Milestone","settings":{"milestone_image":"shopify:\/\/shop_images\/Untitled_design_3.png","milestone_year":2020,"milestoneTitle":"Became customer’s fav in no time!","milestoneSubtitle":"Our debut range of 9 Korean beauty  products captured hearts and became instant bestsellers!"}},"milestone_eQG8bC":{"type":"Milestone","settings":{"milestone_image":"shopify:\/\/shop_images\/Power-Serums-600x900.jpg","milestone_year":2021,"milestoneTitle":"We Hit Gold! ⭐","milestoneSubtitle":"Launched French Red Vine range along with 5 powerful serums. Sold 2.5M units of #1 bestseller Hair Growth Serum. Your feedback transformed our peeling solution into an obsession."}},"milestone_xmaLwa":{"type":"Milestone","settings":{"milestone_image":"shopify:\/\/shop_images\/WhatsApp_Image_2024-08-10_at_11.11.56_AM.jpg","milestone_year":2022,"milestoneTitle":"Stepping Up Our Game!","milestoneSubtitle":"In 2022, we hit  100k followers on Instagram! We also launched our Squalane range, with the Glow Moisturizer quickly becoming an instant bestseller along with our Patua Shampoo from the Amazon Rainforest."}},"milestone_yKJkty":{"type":"Milestone","settings":{"milestone_image":"shopify:\/\/shop_images\/WhatsApp_Image_2024-08-10_at_11.11.55_AM.jpg","milestone_year":2023,"milestoneTitle":" Growth and Glamour","milestoneSubtitle":"We took our glow game offline along with brand new makeup category with 100+ SKU’s."}},"milestone_qbgitb":{"type":"Milestone","settings":{"milestone_image":"shopify:\/\/shop_images\/WhatsApp_Image_2024-08-10_at_11.11.56_AM_1.jpg","milestone_year":2024,"milestoneTitle":"Reaching New Heights!","milestoneSubtitle":"Celebrating 5 years with Rashmika Mandana as our hair brand ambassador and revealing the face of Pilgrim with Manisha Koirala! Our family grew to a team of 250+, offering 200+ SKUs, and we continue to redefine beauty."}}},"block_order":["milestone_EVMxVn","milestone_eQG8bC","milestone_xmaLwa","milestone_yKJkty","milestone_qbgitb"],"disabled":true,"settings":{"title":"Pilgrim's milestones","subtitle":"Our journey is nothing without your love","initial_milestone_image":"shopify:\/\/shop_images\/Milestone.jpg","initial_milestone_year":2019,"initial_milestoneTitle":"The Birth of a Dream","initial_milestoneSubtitle":"Our journey began with a vision to revolutionize the beauty industry by blending efficacious products with right mix of ingredients, supported by passionate and dedicated Team of Five."}}},"order":["main","e4a756a6-d4fa-428e-bfff-c0053b40ba8a","b75aef78-3785-4bad-91f9-5fc22de2e85e","ba5f4115-1571-4255-b9dc-f64019746cfc","rich_text_qfWedX","73e558cf-1c82-4b42-b496-25fefe4ffb73","slideshow_AcFQMC","upvote_product_feature_6GQ6Nd","slideshow_BPPqzx","sticky_notes_fijc9r","2f1bdefc-0d63-4afa-8aab-9bda0ee7afd9","122aa5d8-620e-4d0c-a8de-6e4fb1ad97bf","slideshow_fXDACJ","64f146ac-bf7c-4fda-b6e4-79a3b0b594a1","slideshow_yppAGX","e5ea849a-1f30-4f13-943e-4d3ce49fe2ad","8b83c0f5-0382-4e61-bc0f-3f0f2946b9ce","2e47bb4a-9ab3-4e6b-8123-7191359e2dcd","milestone_scroll_eJPt84"]}