{"sections":{"main":{"type":"main-page","disabled":true,"settings":{"show_title":true,"page_width":"medium"}},"slideshow_V937hR":{"type":"slideshow","blocks":{"image_rpV4JV":{"type":"image","settings":{"text_position":"middle_center","subheading":"","title":"","button_1_text":"","button_1_link":"","button_2_text":"","button_2_link":"","text_color":"#ffffff","button_background":"#ffffff","button_text_color":"#000000","overlay_color":"#000000","overlay_opacity":0,"unique_id":""}}},"block_order":["image_rpV4JV"],"disabled":true,"settings":{"subheading":"","title":"","content":"","custom_class":"","scrollid":"","section_height":"auto","transition_type":"sweep","show_initial_transition":false,"autoplay":true,"cycle_speed":5,"background":"rgba(0,0,0,0)","text_width":"medium","text_position":"center","text_alignment":"center"}},"rich_text_rH8XaW":{"type":"rich-text","settings":{"subheading":"This Program is Being Discontinued","title":"","content":"<p>You can claim your 28-Day Money-Back Guarantee if you have purchased the hair growth serum on\/before <strong>17th September 2024<\/strong><\/p><p>Note: The last date of claiming is <strong>30th November 2024<\/strong><\/p><p><\/p>","button_text":"","button_link":"","button_control":"","custom_class":"","background_type":"full_width","text_width":"medium","text_position":"center","text_alignment":"center","background":"rgba(0,0,0,0)","text_color":"#de2a2a","button_background":"rgba(0,0,0,0)","button_text_color":"rgba(0,0,0,0)"}},"rich_text_mzgUqM":{"type":"rich-text","settings":{"subheading":"","title":"28-DAY MONEY-BACK GUARANTEE!","content":"<p>Stop stressing about hairfall! We've got you covered. Love your hair again or get a full refund. Try Redensyl & Anagain Hair Growth Serum risk-free!<\/p>","button_text":"","button_link":"","button_control":"","custom_class":"","background_type":"full_width","text_width":"medium","text_position":"center","text_alignment":"center","background":"rgba(0,0,0,0)","text_color":"rgba(0,0,0,0)","button_background":"rgba(0,0,0,0)","button_text_color":"rgba(0,0,0,0)"}},"rich_text_PtAbh9":{"type":"rich-text","settings":{"subheading":"CLAIM IN 5 EASY STEPS","title":"","content":"","button_text":"","button_link":"","button_control":"","custom_class":"","background_type":"full_width","text_width":"medium","text_position":"center","text_alignment":"center","background":"rgba(0,0,0,0)","text_color":"rgba(0,0,0,0)","button_background":"rgba(0,0,0,0)","button_text_color":"rgba(0,0,0,0)"}},"slideshow_DzAfzU":{"type":"slideshow","blocks":{"image_zkwnFq":{"type":"image","settings":{"image":"shopify:\/\/shop_images\/Steps-Category-Desktop-Banner-1920x620.jpg","mobile_image":"shopify:\/\/shop_images\/Steps-Category-Mobile-Banner.jpg","text_position":"middle_center","subheading":"","title":"","button_1_text":"","button_1_link":"","button_2_text":"","button_2_link":"","text_color":"#ffffff","button_background":"#ffffff","button_text_color":"#000000","overlay_color":"#000000","overlay_opacity":0,"unique_id":""}}},"block_order":["image_zkwnFq"],"settings":{"subheading":"","title":"","content":"","custom_class":"","scrollid":"","section_height":"auto","transition_type":"sweep","show_initial_transition":false,"autoplay":true,"cycle_speed":5,"background":"rgba(0,0,0,0)","text_width":"medium","text_position":"center","text_alignment":"center"}},"faq_zincEB":{"type":"faq","blocks":{"question_aLzVx8":{"type":"question","settings":{"title":"Why Pilgrim is offering 28 day money-back guarantee?","answer":"<p>We believe in results, guaranteed! Our Hair Growth Serum is clinically tested to show visible hair growth results in 28 days. That's why we offer a 100% money-back guarantee.<\/p>"}},"question_Tcnm6r":{"type":"question","settings":{"title":"Who are eligible for this 28 days money back program?","answer":"<p>This 28-day money-back guarantee is for new customers only. To qualify, simply use the hair growth serum daily for at least 28 days. If you're not satisfied with the results after following the program, you can easily claim your full refund by following the 5 steps outlined on our website.<\/p>"}},"question_YK6jQM":{"type":"question","settings":{"title":"How to submit the claim?","answer":"<p>Complete the 5 simple steps mentioned above to avail you refund, if you don't see the results you love.<\/p>"}},"question_LWkjHd":{"type":"question","settings":{"title":"How long will it take to process my refund?","answer":"<p>We'll send you a confirmation email once you submit your claim. <\/p>"}},"question_azXNeA":{"type":"question","settings":{"title":"How will I receive my refund?","answer":"<p>Your refund will be returned to the original payment method you used while placing your order.<\/p>"}},"question_hcefiY":{"type":"question","settings":{"title":"How can I get in touch with Pilgrim?","answer":"<p>We would love to hear from you. Please get in touch at  <strong>hello@discoverpilgrim.com <\/strong>or <strong>call\/Whatsapp<\/strong>: <strong>+91740009797 <\/strong><\/p>"}},"question_NzyYTk":{"type":"question","settings":{"title":"Do I need to send the existing product","answer":"<p>Relax! Focus on your hair growth journey - you don't need to worry about returning the product when you claim your refund.<\/p>"}},"question_8BEdYH":{"type":"question","settings":{"title":"Can I purchase the hair growth serum from any platform?","answer":"<p>Our 28-day money-back guarantee is available exclusively for purchases made directly on our website.<\/p>"}}},"block_order":["question_aLzVx8","question_Tcnm6r","question_YK6jQM","question_LWkjHd","question_azXNeA","question_hcefiY","question_NzyYTk","question_8BEdYH"],"settings":{"show_navigation":false,"title":"Terms & Conditions","content":"","background":"rgba(0,0,0,0)","text_color":"rgba(0,0,0,0)"}}},"order":["main","slideshow_V937hR","rich_text_rH8XaW","rich_text_mzgUqM","rich_text_PtAbh9","slideshow_DzAfzU","faq_zincEB"]}