{"sections":{"category_section_qr83Gc":{"type":"category_section","blocks":{"category_nav_FWeyFc":{"type":"category_nav","settings":{"cat_image":"shopify:\/\/shop_images\/Face-200x280_1.png","cat_title":"Skincare","cat_link":"https:\/\/discoverpilgrim.com\/pages\/skincare-homepage"}},"category_nav_kJp3A3":{"type":"category_nav","settings":{"cat_image":"shopify:\/\/shop_images\/WhatsApp_Image_2024-01-08_at_3.23.21_PM.jpg","cat_title":"Makeup","cat_link":"https:\/\/discoverpilgrim.com\/pages\/makeup-homepage"}},"category_nav_tphrbU":{"type":"category_nav","settings":{"cat_image":"shopify:\/\/shop_images\/Hair-Care-400x560.png","cat_title":"Haircare","cat_link":"https:\/\/discoverpilgrim.com\/pages\/haircare-homepage"}}},"block_order":["category_nav_FWeyFc","category_nav_kJp3A3","category_nav_tphrbU"],"settings":{"section_name":""}},"video_ghxbEr":{"type":"video","disabled":true,"custom_css":[".video-wrapper {border-radius: 9px;}"],"settings":{"subheading":"","title":"","video_url":"https:\/\/www.youtube.com\/watch?v=y22esOADmOY","video_metafield_reference":"","image":"shopify:\/\/shop_images\/KV-THUMBNAIL-modified.png","scrollid":"","column_alignment":"left","background_type":"boxed","video_size":"medium","autoplay":false,"show_video_controls":false,"background":"rgba(0,0,0,0)","text_color":"rgba(0,0,0,0)"}},"rich_text_c7dWxy":{"type":"rich-text","disabled":true,"settings":{"subheading":"","title":"Rashmika Says","content":"","button_text":"","button_link":"","button_control":"","custom_class":"","background_type":"full_width","text_width":"medium","text_position":"center","text_alignment":"center","background":"rgba(0,0,0,0)","text_color":"rgba(0,0,0,0)","button_background":"rgba(0,0,0,0)","button_text_color":"rgba(0,0,0,0)"}},"slideshow_iKdeaK":{"type":"slideshow","blocks":{"image_VCttnH":{"type":"image","settings":{"image":"shopify:\/\/shop_images\/June_ComingSoon_CategoryBanner_1920x440px.jpg","mobile_image":"shopify:\/\/shop_images\/June_ComingSoon_CategoryBanner_1000x400px.jpg","text_position":"middle_center","subheading":"","title":"","button_1_text":"","button_1_link":"","button_2_text":"","button_2_link":"","text_color":"#ffffff","button_background":"#ffffff","button_text_color":"#000000","overlay_color":"#000000","overlay_opacity":0,"unique_id":"","slide_id":""}}},"block_order":["image_VCttnH"],"settings":{"subheading":"","title":"","content":"","custom_class":"rounded_slideshow_banner_hidden swipeable_slideshow","scrollid":"","section_name":"","section_height":"auto","transition_type":"fade","show_initial_transition":false,"autoplay":true,"cycle_speed":8,"background":"rgba(0,0,0,0)","text_width":"medium","text_position":"center","text_alignment":"center"}},"slideshow_pE3Qy7":{"type":"slideshow","blocks":{"image_AprakF":{"type":"image","settings":{"image":"shopify:\/\/shop_images\/strip-banner-jennefer-1920x440.jpg","mobile_image":"shopify:\/\/shop_images\/strip-banner-jennifer-1000x400.jpg","text_position":"middle_center","subheading":"","title":"","button_1_text":"","button_1_link":"shopify:\/\/collections\/jennifers-fav","button_2_text":"","button_2_link":"","text_color":"#ffffff","button_background":"#ffffff","button_text_color":"#000000","overlay_color":"#000000","overlay_opacity":0,"unique_id":"","slide_id":""}}},"block_order":["image_AprakF"],"disabled":true,"settings":{"subheading":"","title":"","content":"","custom_class":"rounded_slideshow_banner_hidden swipeable_slideshow","scrollid":"","section_name":"","section_height":"auto","transition_type":"fade","show_initial_transition":false,"autoplay":true,"cycle_speed":8,"background":"rgba(0,0,0,0)","text_width":"medium","text_position":"center","text_alignment":"center"}},"slideshow_wHXigj":{"type":"slideshow","blocks":{"image_zXyW6w":{"type":"image","settings":{"image":"shopify:\/\/shop_images\/strip-banner-Manisha-1920x440.jpg","mobile_image":"shopify:\/\/shop_images\/strip-banner-Manisha-1000x400.jpg","text_position":"middle_center","subheading":"","title":"","button_1_text":"","button_1_link":"shopify:\/\/collections\/manishas-curation","button_2_text":"","button_2_link":"","text_color":"#ffffff","button_background":"#ffffff","button_text_color":"#000000","overlay_color":"#000000","overlay_opacity":0,"unique_id":"","slide_id":""}}},"block_order":["image_zXyW6w"],"disabled":true,"settings":{"subheading":"","title":"","content":"","custom_class":"rounded_slideshow_banner_hidden swipeable_slideshow","scrollid":"","section_name":"","section_height":"auto","transition_type":"fade","show_initial_transition":false,"autoplay":true,"cycle_speed":8,"background":"rgba(0,0,0,0)","text_width":"medium","text_position":"center","text_alignment":"center"}},"rich_text_ppDPkb":{"type":"rich-text","disabled":true,"settings":{"subheading":"Tip of the month","title":"","content":"<p>Say goodbye to acne with an anti-acne serum and keep dandruff in check with a targeted anti-dandruff shampoo.<\/p>","button_text":"","button_link":"","button_control":"","custom_class":"","background_type":"full_width","text_width":"medium","text_position":"center","text_alignment":"center","background":"rgba(0,0,0,0)","text_color":"rgba(0,0,0,0)","button_background":"rgba(0,0,0,0)","button_text_color":"rgba(0,0,0,0)"}},"featured_collections_9beATH":{"type":"featured-collections","blocks":{"collection_36Naf4":{"type":"collection","settings":{"collection":"jan-2026","label":"","button_text":"","button_url":""}}},"block_order":["collection_36Naf4"],"disabled":true,"settings":{"subheading":"","title":"June Must-Haves","content":"","scrollid":"","products_count":50,"products_per_row":4,"stack_products":false,"show_cta":true,"background":"rgba(0,0,0,0)","text_color":"rgba(0,0,0,0)","button_background":"rgba(0,0,0,0)","button_text_color":"rgba(0,0,0,0)"}},"0405f1b3-50ff-4f22-a853-b04b8f52a0b5":{"type":"image-with-text","blocks":{"4465704e-ae95-43ff-877d-0684cc7f525a":{"type":"item","settings":{"image":"shopify:\/\/shop_images\/New-Pilgrim-Code-Teal-2_1.png","tab_label":"Our Promise","subheading":"","title":"Our Promise","content":"<p>Pilgrim is \"Clean Compatible\". Not just <strong>free of harmful and toxic chemicals<\/strong> but uses only those ingredients that either enhance the health of our hair &<br\/>skin or support the<strong> effectiveness of formulations<\/strong>.<\/p>","button_text":"","button_link":"https:\/\/discoverpilgrim.com\/pages\/about-us\/?ref=ourpromisehomepage"}}},"block_order":["4465704e-ae95-43ff-877d-0684cc7f525a"],"disabled":true,"settings":{"reveal_on_scroll":false,"background_type":"full_width","background_overlap":"both","image_position":"left","text_alignment":"center","cycle_speed":8,"accent_background":"#ffffff","text_color":"rgba(0,0,0,0)","button_background":"#ffc105","button_text_color":"rgba(0,0,0,0)"}},"01974e39-80fd-4525-bb31-4d6a5c08d986":{"type":"gallery","blocks":{"template--16770957181157__01974e39-80fd-4525-bb31-4d6a5c08d986-168639748640bc8435-2":{"type":"image","settings":{"image":"shopify:\/\/shop_images\/Testimonial-1080x1500-5.png","image_by_url":"","caption":"","link_url":"https:\/\/discoverpilgrim.com\/products\/3-redensyl-4-anagain-hair-growth-serum\/?ref=testimonials"}},"template--16770957181157__01974e39-80fd-4525-bb31-4d6a5c08d986-168639748640bc8435-0":{"type":"image","settings":{"image":"shopify:\/\/shop_images\/Testimonial-1080x1500-1.png","image_by_url":"https:\/\/discoverpilgrim.com\/products\/red-vine-face-cream-spf-30-with-vitamin-c-rosehip-oil-pa\/?ref=testimonials","caption":"","link_url":"https:\/\/discoverpilgrim.com\/products\/red-vine-face-cream-spf-30-with-vitamin-c-rosehip-oil-pa\/?ref=testimonials"}},"1bb7c4c8-8e6e-4bb0-aef1-b5460f4d4440":{"type":"image","settings":{"image":"shopify:\/\/shop_images\/Testimonial-1080x1500-2.png","image_by_url":"","caption":"","link_url":"shopify:\/\/products\/24k-gold-facial-mask"}},"template--16770957181157__01974e39-80fd-4525-bb31-4d6a5c08d986-168639748640bc8435-1":{"type":"image","settings":{"image":"shopify:\/\/shop_images\/Testimonial-1080x1500-4.png","image_by_url":"https:\/\/discoverpilgrim.com\/products\/squalane-glow-moisturizer\/?ref=testimonials","caption":"","link_url":"https:\/\/discoverpilgrim.com\/products\/squalane-glow-moisturizer\/?ref=testimonials"}},"247a8d1c-5a7a-419e-9d21-08d033078e7b":{"type":"image","settings":{"image":"shopify:\/\/shop_images\/Testimonial-1080x1500-3.png","image_by_url":"https:\/\/discoverpilgrim.com\/products\/25-aha-2-bha-5-pha-peeling-solution\/?ref=testimonials","caption":"","link_url":"https:\/\/discoverpilgrim.com\/products\/25-aha-2-bha-5-pha-peeling-solution\/?ref=testimonials"}}},"block_order":["template--16770957181157__01974e39-80fd-4525-bb31-4d6a5c08d986-168639748640bc8435-2","template--16770957181157__01974e39-80fd-4525-bb31-4d6a5c08d986-168639748640bc8435-0","1bb7c4c8-8e6e-4bb0-aef1-b5460f4d4440","template--16770957181157__01974e39-80fd-4525-bb31-4d6a5c08d986-168639748640bc8435-1","247a8d1c-5a7a-419e-9d21-08d033078e7b"],"disabled":true,"settings":{"subheading":"Unconditional Love from","title":"#PilgrimTribe","custom_class":"shadowed-box","scrollid":"","show_arrows":true,"column_alignment":"center","background":"rgba(0,0,0,0)","text_color":"rgba(0,0,0,0)"}},"48e77926-a94a-4ea3-9e18-2bc52d94cd6a":{"type":"logo-list","blocks":{"template--16770957181157__48e77926-a94a-4ea3-9e18-2bc52d94cd6a-16856219890e32d405-0":{"type":"logo","settings":{"logo":"shopify:\/\/shop_images\/cosmopolitan.png","link":""}},"template--16770957181157__48e77926-a94a-4ea3-9e18-2bc52d94cd6a-16856219890e32d405-4":{"type":"logo","settings":{"logo":"shopify:\/\/shop_images\/yourstory_logo_e30fe944-233c-417e-ad05-8ffd5705c4e4.png","link":""}},"template--16770957181157__48e77926-a94a-4ea3-9e18-2bc52d94cd6a-16856219890e32d405-1":{"type":"logo","settings":{"logo":"shopify:\/\/shop_images\/the-times-of-india.png","link":""}},"template--16770957181157__48e77926-a94a-4ea3-9e18-2bc52d94cd6a-16856219890e32d405-2":{"type":"logo","settings":{"logo":"shopify:\/\/shop_images\/grazia.png","link":""}},"template--16770957181157__48e77926-a94a-4ea3-9e18-2bc52d94cd6a-16856219890e32d405-3":{"type":"logo","settings":{"logo":"shopify:\/\/shop_images\/Femina_logo.png","link":""}}},"block_order":["template--16770957181157__48e77926-a94a-4ea3-9e18-2bc52d94cd6a-16856219890e32d405-0","template--16770957181157__48e77926-a94a-4ea3-9e18-2bc52d94cd6a-16856219890e32d405-4","template--16770957181157__48e77926-a94a-4ea3-9e18-2bc52d94cd6a-16856219890e32d405-1","template--16770957181157__48e77926-a94a-4ea3-9e18-2bc52d94cd6a-16856219890e32d405-2","template--16770957181157__48e77926-a94a-4ea3-9e18-2bc52d94cd6a-16856219890e32d405-3"],"disabled":true,"settings":{"reveal_on_scroll":false,"subheading":"Yay! We're talk of the town","title":"Featured In","button_text":"","button_link":"","custom_class":"","stack_logos":false,"background":"rgba(0,0,0,0)","text_color":"rgba(0,0,0,0)","button_background":"rgba(0,0,0,0)","button_text_color":"rgba(0,0,0,0)","logo_background":"rgba(0,0,0,0)"}}},"order":["category_section_qr83Gc","video_ghxbEr","rich_text_c7dWxy","slideshow_iKdeaK","slideshow_pE3Qy7","slideshow_wHXigj","rich_text_ppDPkb","featured_collections_9beATH","0405f1b3-50ff-4f22-a853-b04b8f52a0b5","01974e39-80fd-4525-bb31-4d6a5c08d986","48e77926-a94a-4ea3-9e18-2bc52d94cd6a"]}