{"sections":{"slideshow_ThBf4W":{"type":"slideshow","blocks":{"image_DDTNmJ":{"type":"image","settings":{"image":"{{ page.metafields.custom.banner_image.value }}","mobile_image":"{{ page.metafields.custom.banner_image.value }}","text_position":"middle_center","subheading":"","title":"","button_1_text":"","button_1_link":"shopify:\/\/collections\/jan-2026","button_2_text":"","button_2_link":"","text_color":"#ffffff","button_background":"#ffffff","button_text_color":"#000000","overlay_color":"#000000","overlay_opacity":0,"unique_id":"","slide_id":""}},"image_6BUeCK":{"type":"image","disabled":true,"settings":{"text_position":"middle_center","subheading":"","title":"","button_1_text":"","button_1_link":"","button_2_text":"","button_2_link":"","text_color":"#ffffff","button_background":"#ffffff","button_text_color":"#000000","overlay_color":"#000000","overlay_opacity":30,"unique_id":"","slide_id":""}},"image_QeRbzn":{"type":"image","disabled":true,"settings":{"text_position":"middle_center","subheading":"Tell your story","title":"Slide 2","button_1_text":"","button_1_link":"","button_2_text":"","button_2_link":"","text_color":"#ffffff","button_background":"#ffffff","button_text_color":"#000000","overlay_color":"#000000","overlay_opacity":30,"unique_id":"","slide_id":""}}},"block_order":["image_DDTNmJ","image_6BUeCK","image_QeRbzn"],"settings":{"subheading":"","title":"","content":"","custom_class":"rounded_slideshow_banner_hidden swipeable_slideshow","scrollid":"","section_name":"","section_height":"auto","transition_type":"fade","show_initial_transition":false,"autoplay":true,"cycle_speed":8,"background":"rgba(0,0,0,0)","text_width":"medium","text_position":"center","text_alignment":"center"}},"main":{"type":"main-page","disabled":true,"settings":{"show_title":true,"page_width":"medium"}},"image_with_text_overlay_mD68me":{"type":"image-with-text-overlay","disabled":true,"settings":{"reveal_on_scroll":false,"section_height":"auto","subheading":"Subheading","title":"Image with text overlay","content":"<p>Use overlay text to give your customers insight into your brand. Select imagery and text that relates to your style and story.<\/p>","button_text":"","button_link":"","link_style":"link","background_type":"full_width","text_width":"medium","text_position":"middle_center","text_color":"#ffffff","button_background":"#ffffff","button_text_color":"#000000","overlay_color":"#000000","overlay_opacity":30}},"rich_text_nx4qNJ":{"type":"rich-text","settings":{"subheading":"","title":"{{ page.metafields.custom.app_banner_heading.value }}","content":"<p>{{ page.metafields.custom.page_content | metafield_tag }}<\/p>","button_text":"","button_link":"","button_control":"","custom_class":"","background_type":"full_width","text_width":"large","text_position":"left","text_alignment":"left","background":"rgba(0,0,0,0)","text_color":"rgba(0,0,0,0)","button_background":"rgba(0,0,0,0)","button_text_color":"rgba(0,0,0,0)"}},"featured_collections_M6F9YC":{"type":"featured-collections","blocks":{"collection_Jkj3PE":{"type":"collection","settings":{"collection":"{{ page.metafields.custom.collection_carousal_1.value }}","label":"","button_text":"","button_url":""}}},"block_order":["collection_Jkj3PE"],"settings":{"subheading":"","title":"","content":"","scrollid":"","products_count":50,"products_per_row":4,"stack_products":true,"show_cta":true,"background":"rgba(0,0,0,0)","text_color":"rgba(0,0,0,0)","button_background":"rgba(0,0,0,0)","button_text_color":"rgba(0,0,0,0)"}},"contact_form_CM8zre":{"type":"contact-form","blocks":{"text_ghCAGi":{"type":"text","settings":{"title":"Mobile number","use_long_text":false,"is_required":true}}},"block_order":["text_ghCAGi"],"disabled":true,"settings":{"title":"Contact Us","content":"","text_1_heading":"","text_1_text":"","text_2_heading":"","text_2_text":"","background":"rgba(0,0,0,0)","text_color":"rgba(0,0,0,0)","button_background":"rgba(0,0,0,0)","button_text_color":"rgba(0,0,0,0)"}}},"order":["slideshow_ThBf4W","main","image_with_text_overlay_mD68me","rich_text_nx4qNJ","featured_collections_M6F9YC","contact_form_CM8zre"]}