{"sections":{"main":{"type":"main-page","disabled":true,"settings":{"show_title":true,"page_width":"medium"}},"image_with_text_overlay_mD68me":{"type":"image-with-text-overlay","disabled":true,"settings":{"reveal_on_scroll":false,"section_height":"auto","subheading":"Subheading","title":"Image with text overlay","content":"<p>Use overlay text to give your customers insight into your brand. Select imagery and text that relates to your style and story.<\/p>","button_text":"","button_link":"","link_style":"link","background_type":"full_width","text_width":"medium","text_position":"middle_center","text_color":"#ffffff","button_background":"#ffffff","button_text_color":"#000000","overlay_color":"#000000","overlay_opacity":30}},"contact_form_CM8zre":{"type":"contact-form","blocks":{"text_ghCAGi":{"type":"text","settings":{"title":"Mobile number","use_long_text":false,"is_required":true}}},"block_order":["text_ghCAGi"],"disabled":true,"settings":{"title":"Contact Us","content":"","text_1_heading":"","text_1_text":"","text_2_heading":"","text_2_text":"","background":"rgba(0,0,0,0)","text_color":"rgba(0,0,0,0)","button_background":"rgba(0,0,0,0)","button_text_color":"rgba(0,0,0,0)"}},"category_section_xwtPDV":{"type":"category_section","blocks":{"category_nav_FQwCga":{"type":"category_nav","settings":{"cat_image":"shopify:\/\/shop_images\/Face-200x280_1.png","cat_title":"Skincare","cat_link":"https:\/\/discoverpilgrim.com\/pages\/skincare-homepage"}},"category_nav_eq9DVR":{"type":"category_nav","settings":{"cat_image":"shopify:\/\/shop_images\/WhatsApp_Image_2024-01-08_at_3.23.21_PM.jpg","cat_title":"Makeup","cat_link":"https:\/\/discoverpilgrim.com\/pages\/makeup-homepage"}},"category_nav_Dqkrwz":{"type":"category_nav","settings":{"cat_image":"shopify:\/\/shop_images\/Hair-Care-Rashmika-400x560_1_827aaac3-5d7a-44d2-96b7-d2394bc207db.png","cat_title":"Haircare","cat_link":"https:\/\/discoverpilgrim.com\/pages\/haircare-homepage"}}},"block_order":["category_nav_FQwCga","category_nav_eq9DVR","category_nav_Dqkrwz"],"settings":{}},"slideshow_4TiYfF":{"type":"slideshow","blocks":{"image_VD8LUA":{"type":"image","settings":{"image":"shopify:\/\/shop_images\/B1G1-_-B2G2-FREE-Jute-Bag-Homepage-Banner-1920x520_622c30cb-0e44-4590-b61d-1fed1abe75ea.jpg","mobile_image":"shopify:\/\/shop_images\/B1G1-_-B2G2-FREE-Jute-Bag-Homepage-Banner-1000x650_fc34e5bf-2b09-4a22-9446-1381148e5414.jpg","text_position":"middle_center","subheading":"","title":"","button_1_text":"","button_1_link":"shopify:\/\/collections\/all-products","button_2_text":"","button_2_link":"","text_color":"#ffffff","button_background":"#ffffff","button_text_color":"#000000","overlay_color":"#000000","overlay_opacity":0,"unique_id":"","slide_id":""}}},"block_order":["image_VD8LUA"],"custom_css":[".rounded_slideshow_banner_hidden {margin-top: -15px !important; margin-bottom: 5px;}"],"settings":{"subheading":"","title":"","content":"","custom_class":"rounded_slideshow_banner_hidden","scrollid":"","section_height":"auto","transition_type":"sweep","show_initial_transition":false,"autoplay":true,"cycle_speed":5,"background":"rgba(0,0,0,0)","text_width":"medium","text_position":"center","text_alignment":"center"}},"countdown_timer_VFFx3z":{"type":"Countdown-Timer","disabled":true,"custom_css":[".flash_sale_banner_timer {position: relative; width: 100%; z-index: 3; background-color: transparent;}",".flash_sale_banner_timer .section__color-wrapper {background-color: transparent;}",".flash_sale_banner_timer #countdown-container {border: 1px solid #0000001a; font-size: 12px; font-weight: 500; line-height: 20px; padding: 4px 8px; text-transform: uppercase; width: fit-content;}"],"settings":{"subheading":"","ending_text":"Sale Ends In:","enddate":"2025-01-10 12:00:00","hours":10,"minutes":5,"seconds":30,"background_color":"#de2a2a","text_color":"#ffffff","custom_class":"flash_sale_banner_timer"}},"multi_column_VfgicX":{"type":"multi-column","blocks":{"item_FWzAwE":{"type":"item","settings":{"image":"shopify:\/\/shop_images\/Hair-Care-Rashmika-400x560_1.png","image_by_url":"","image_width":100,"image_border":"rgba(0,0,0,0)","image_background":"rgba(0,0,0,0)","title":"","content":"","link_text":"","link_url":"shopify:\/\/collections\/hair-care","link_style":"link","text_alignment":"center","vertical_alignment":"start"}},"item_C8jwJC":{"type":"item","settings":{"image":"shopify:\/\/shop_images\/SkinCare_StoryTile_400x560px.png","image_by_url":"","image_width":100,"image_border":"rgba(0,0,0,0)","image_background":"rgba(0,0,0,0)","title":"","content":"","link_text":"","link_url":"shopify:\/\/collections\/face-care","link_style":"link","text_alignment":"center","vertical_alignment":"start"}},"item_6jrGCQ":{"type":"item","settings":{"image":"shopify:\/\/shop_images\/Makeup-400x560_1.png","image_by_url":"","image_width":100,"image_border":"rgba(0,0,0,0)","image_background":"rgba(0,0,0,0)","title":"","content":"","link_text":"","link_url":"shopify:\/\/collections\/makeup","link_style":"link","text_alignment":"center","vertical_alignment":"start"}},"item_NfWewr":{"type":"item","settings":{"image":"shopify:\/\/shop_images\/Body-Care-400x560.png","image_by_url":"","image_width":100,"image_border":"rgba(0,0,0,0)","image_background":"rgba(0,0,0,0)","title":"","content":"","link_text":"","link_url":"shopify:\/\/collections\/body-lotion","link_style":"link","text_alignment":"center","vertical_alignment":"start"}},"item_qVYHmK":{"type":"item","settings":{"image":"shopify:\/\/shop_images\/Shop_By_Category_Fragrances_6.png","image_by_url":"","image_width":100,"image_border":"rgba(0,0,0,0)","image_background":"rgba(0,0,0,0)","title":"","content":"","link_text":"","link_url":"shopify:\/\/collections\/fragrances","link_style":"link","text_alignment":"center","vertical_alignment":"start"}},"item_cWbHYN":{"type":"item","settings":{"image":"shopify:\/\/shop_images\/Lip-Care-400x560_9a9f2dce-6531-4b79-8752-d2461e1d3dde.png","image_by_url":"","image_width":100,"image_border":"rgba(0,0,0,0)","image_background":"rgba(0,0,0,0)","title":"","content":"","link_text":"","link_url":"shopify:\/\/collections\/lip-care","link_style":"link","text_alignment":"center","vertical_alignment":"start"}},"item_mM3P4E":{"type":"item","settings":{"image":"shopify:\/\/shop_images\/New-Arrivals-400x560_1_1_8f1299dc-1035-4d56-bc8f-4f59617b722d.png","image_by_url":"","image_width":100,"image_border":"rgba(0,0,0,0)","image_background":"rgba(0,0,0,0)","title":"","content":"","link_text":"","link_url":"shopify:\/\/collections\/new-launch","link_style":"link","text_alignment":"center","vertical_alignment":"start"}},"item_7EjcqM":{"type":"item","settings":{"image":"shopify:\/\/shop_images\/Bestsellers-400x560_3.png","image_by_url":"","image_width":100,"image_border":"rgba(0,0,0,0)","image_background":"rgba(0,0,0,0)","title":"","content":"","link_text":"","link_url":"shopify:\/\/collections\/bestsellers","link_style":"link","text_alignment":"center","vertical_alignment":"start"}}},"block_order":["item_FWzAwE","item_C8jwJC","item_6jrGCQ","item_NfWewr","item_qVYHmK","item_cWbHYN","item_mM3P4E","item_7EjcqM"],"custom_css":[".flash_sale_collections {margin-top: 15px;}"],"settings":{"reveal_on_scroll":false,"stack_items":true,"subheading":"","title":"","content":"","button_text":"View all products  ➔","button_link":"shopify:\/\/collections\/all-products","scrollid":"","custom_class":"flash_sale_collections","column_alignment":"center","mobile_item_size":"small","desktop_item_size":"small","spacing":"tight","background":"rgba(0,0,0,0)","text_color":"rgba(0,0,0,0)"}},"featured_collections_BUCCzB":{"type":"featured-collections","blocks":{"collection_dqKbyj":{"type":"collection","settings":{"collection":"bestsellers","label":"Trending Bestsellers","button_text":"View All","button_url":"shopify:\/\/collections\/bestsellers"}},"collection_T9gyEQ":{"type":"collection","settings":{"collection":"face-care","label":"Skin Care","button_text":"View All","button_url":"shopify:\/\/collections\/face-care"}},"collection_L9tyAk":{"type":"collection","settings":{"collection":"makeup","label":"Makeup","button_text":"View All","button_url":"shopify:\/\/collections\/makeup"}},"collection_NFgaXr":{"type":"collection","settings":{"collection":"hair-care","label":"Hair Care","button_text":"View All","button_url":"shopify:\/\/collections\/hair-care"}}},"block_order":["collection_dqKbyj","collection_T9gyEQ","collection_L9tyAk","collection_NFgaXr"],"settings":{"subheading":"","title":"In the Spotlight","content":"","scrollid":"","products_count":8,"products_per_row":4,"stack_products":false,"show_cta":true,"background":"rgba(0,0,0,0)","text_color":"rgba(0,0,0,0)","button_background":"rgba(0,0,0,0)","button_text_color":"rgba(0,0,0,0)"}},"featured_collections_WH4Cg9":{"type":"featured-collections","blocks":{"collection_infdgq":{"type":"collection","settings":{"collection":"makeup","label":"Makeup","button_text":"View All","button_url":"shopify:\/\/collections\/makeup"}}},"block_order":["collection_infdgq"],"settings":{"subheading":"","title":"Skincare Infused Makeup","content":"","scrollid":"","products_count":8,"products_per_row":4,"stack_products":false,"show_cta":true,"background":"rgba(0,0,0,0)","text_color":"rgba(0,0,0,0)","button_background":"rgba(0,0,0,0)","button_text_color":"rgba(0,0,0,0)"}},"featured_collections_gPA7Lc":{"type":"featured-collections","blocks":{"collection_TcPAEd":{"type":"collection","settings":{"collection":"mens-section","label":"Bestsellers","button_text":"View All","button_url":"shopify:\/\/collections\/mens-section"}},"collection_CGKggN":{"type":"collection","settings":{"collection":"haircare-for-men","label":"Hair Care","button_text":"View All","button_url":"shopify:\/\/collections\/haircare-for-men"}},"collection_GMjkwC":{"type":"collection","settings":{"collection":"skincare-for-men","label":"Skin Care","button_text":"View All","button_url":"shopify:\/\/collections\/skincare-for-men"}},"collection_tMR3WN":{"type":"collection","settings":{"collection":"fragrances-for-men","label":"Fragrances","button_text":"View All","button_url":"shopify:\/\/collections\/fragrances-for-men"}}},"block_order":["collection_TcPAEd","collection_CGKggN","collection_GMjkwC","collection_tMR3WN"],"settings":{"subheading":"","title":"Specially Curated for Men","content":"","scrollid":"","products_count":8,"products_per_row":4,"stack_products":false,"show_cta":true,"background":"rgba(0,0,0,0)","text_color":"rgba(0,0,0,0)","button_background":"rgba(0,0,0,0)","button_text_color":"rgba(0,0,0,0)"}},"slideshow_9BMrLd":{"type":"slideshow","blocks":{"image_WTFE4y":{"type":"image","disabled":true,"settings":{"image":"shopify:\/\/shop_images\/WhatsApp_Image_2024-12-27_at_4.12.01_PM.jpg","mobile_image":"shopify:\/\/shop_images\/WhatsApp_Image_2024-12-27_at_4.12.00_PM.jpg","text_position":"middle_center","subheading":"","title":"","button_1_text":"","button_1_link":"shopify:\/\/pages\/wrapped-2024","button_2_text":"","button_2_link":"","text_color":"#ffffff","button_background":"#ffffff","button_text_color":"#000000","overlay_color":"#000000","overlay_opacity":0,"unique_id":"","slide_id":""}},"image_F4rW7a":{"type":"image","settings":{"image":"shopify:\/\/shop_images\/JenniferMainKV_GlowMoisturizer_DesktopHomepageBanner_1920x520px.jpg","mobile_image":"shopify:\/\/shop_images\/JenniferMainKV_GlowMoisturizer_MobileHomepageBanner_1000x650px.jpg","text_position":"middle_center","subheading":"","title":"","button_1_text":"","button_1_link":"shopify:\/\/collections\/day-creams","button_2_text":"","button_2_link":"","text_color":"#ffffff","button_background":"#ffffff","button_text_color":"#000000","overlay_color":"#000000","overlay_opacity":0,"unique_id":"","slide_id":""}},"image_rHJbcU":{"type":"image","settings":{"image":"shopify:\/\/shop_images\/JenniferMainKV_VitaminC_DesktopHomepageBanner_1920x520px.jpg","mobile_image":"shopify:\/\/shop_images\/JenniferMainKV_VitaminC_MobileHomepageBanner_1000x650px.jpg","text_position":"middle_center","subheading":"","title":"","button_1_text":"","button_1_link":"shopify:\/\/collections\/face-serums","button_2_text":"","button_2_link":"","text_color":"#ffffff","button_background":"#ffffff","button_text_color":"#000000","overlay_color":"#000000","overlay_opacity":0,"unique_id":"","slide_id":""}},"image_C39UN7":{"type":"image","settings":{"image":"shopify:\/\/shop_images\/Body-Lotion-Desktop-Homepage-Banner-1920x520px_1.gif","mobile_image":"shopify:\/\/shop_images\/Body-Lotion-Mobile-Homepage-Banner-1000x650px_1.gif","text_position":"middle_center","subheading":"","title":"","button_1_text":"","button_1_link":"shopify:\/\/collections\/body-lotion","button_2_text":"","button_2_link":"","text_color":"#ffffff","button_background":"#ffffff","button_text_color":"#000000","overlay_color":"#000000","overlay_opacity":0,"unique_id":"","slide_id":""}},"image_Mh7DrB":{"type":"image","settings":{"image":"shopify:\/\/shop_images\/Product_Banner_1950x520_9c22309b-0992-48d1-8eea-579853f11682.jpg","mobile_image":"shopify:\/\/shop_images\/Product_Banner_1000x650_4cc9d35b-273f-4070-a342-c1f7f8f55756.jpg","text_position":"middle_center","subheading":"","title":"","button_1_text":"","button_1_link":"shopify:\/\/collections\/body-lotion","button_2_text":"","button_2_link":"","text_color":"#ffffff","button_background":"#ffffff","button_text_color":"#000000","overlay_color":"#000000","overlay_opacity":0,"unique_id":"","slide_id":""}}},"block_order":["image_WTFE4y","image_F4rW7a","image_rHJbcU","image_C39UN7","image_Mh7DrB"],"settings":{"subheading":"","title":"","content":"","custom_class":"rounded_slideshow_banner_hidden swipeable_slideshow","scrollid":"","section_height":"auto","transition_type":"sweep","show_initial_transition":false,"autoplay":true,"cycle_speed":5,"background":"rgba(0,0,0,0)","text_width":"medium","text_position":"center","text_alignment":"center"}},"slideshow_4N7HjU":{"type":"slideshow","blocks":{"image_CgHz8w":{"type":"image","settings":{"image":"shopify:\/\/shop_images\/Buy-3-At-999-_-Buy-4-At-1199-Homepage-Banner-1920x520_3b4448c5-98db-44dd-96ed-0ead690e8601.jpg","mobile_image":"shopify:\/\/shop_images\/Buy-3-At-999-_-Buy-4-At-1199-Homepage-Banner-1000x650_e895f426-1e2e-4a1e-8cef-17e7ef0a27f5.jpg","text_position":"middle_center","subheading":"","title":"","button_1_text":"","button_1_link":"shopify:\/\/collections\/buy-4-1199-mo","button_2_text":"","button_2_link":"","text_color":"#ffffff","button_background":"#ffffff","button_text_color":"#000000","overlay_color":"#000000","overlay_opacity":0,"unique_id":"","slide_id":""}}},"block_order":["image_CgHz8w"],"disabled":true,"settings":{"subheading":"","title":"","content":"","custom_class":"","scrollid":"","section_height":"auto","transition_type":"sweep","show_initial_transition":false,"autoplay":true,"cycle_speed":5,"background":"rgba(0,0,0,0)","text_width":"medium","text_position":"center","text_alignment":"center"}},"shopable_video_FwGXQw":{"type":"shopable-video","blocks":{"video_4UDnN6":{"type":"video","settings":{"video":"shopify:\/\/files\/videos\/Hair Growth Serum.mp4","video_thumb":"shopify:\/\/shop_images\/Hair-Growth-Serum_-Thumbnail-398x560_defdd861-4b8c-4867-ba21-68e7a6741622.png","video_title":"","video_product":["3-redensyl-4-anagain-hair-growth-serum"]}},"video_jp64pt":{"type":"video","settings":{"video":"shopify:\/\/files\/videos\/Patua Shampoo.mp4","video_thumb":"shopify:\/\/shop_images\/Patua-Shampoo_-Thumbnail-398x560_b95c8a1f-dffa-4ee0-b70f-1f2f2f04eed4.png","video_title":"","video_product":["patua-keratin-smoothening-shampoo"]}},"video_pA94B3":{"type":"video","settings":{"video":"shopify:\/\/files\/videos\/Glow Moisturizer.mp4","video_thumb":"shopify:\/\/shop_images\/Glow-Moisturizer_-Thumbnail-398x560_9411a59f-4a23-4ab8-b0ed-aa59c594000d.png","video_title":"","video_product":["squalane-glow-moisturizer"]}},"video_whfPdr":{"type":"video","settings":{"video":"shopify:\/\/files\/videos\/Brightning Serum.mp4","video_thumb":"shopify:\/\/shop_images\/Brightening-Serum_-Thumbnail-398x560.png","video_title":"","video_product":["alpha-arbutin-vitamin-c-brightening-serum"]}},"video_X93wqt":{"type":"video","settings":{"video":"shopify:\/\/files\/videos\/Red Vine Face Cream SPF 30.mp4","video_thumb":"shopify:\/\/shop_images\/Red-Vine-Face-Cream-Thumbnail-398x560_508b2075-1c2e-4bb4-8501-1323bcdab112.png","video_title":"","video_product":["red-vine-face-cream-spf-30-with-vitamin-c-rosehip-oil-pa"]}},"video_fqpCmn":{"type":"video","settings":{"video":"shopify:\/\/files\/videos\/Peeling Solution.mp4","video_thumb":"shopify:\/\/shop_images\/Peeling-Solution_-Thumbnail-398x560_2.png","video_title":"","video_product":["25-aha-2-bha-5-pha-peeling-solution"]}}},"block_order":["video_4UDnN6","video_jp64pt","video_pA94B3","video_whfPdr","video_X93wqt","video_fqpCmn"],"settings":{"heading":"Most Loved Bestsellers","heading_alignment":"left","video_style":"square","on_abtesting":false}},"multi_column_fPzqrj":{"type":"multi-column","blocks":{"item_DGhTMq":{"type":"item","settings":{"image":"shopify:\/\/shop_images\/Hair-Serums-248x-332.png","image_by_url":"","image_width":100,"image_border":"rgba(0,0,0,0)","image_background":"rgba(0,0,0,0)","title":"","content":"","link_text":"","link_url":"shopify:\/\/collections\/hair-serums","link_style":"link","text_alignment":"center","vertical_alignment":"start"}},"item_myy3DL":{"type":"item","settings":{"image":"shopify:\/\/shop_images\/Shampoos-_-Conditioners--248--332.png-2.png","image_by_url":"","image_width":100,"image_border":"rgba(0,0,0,0)","image_background":"rgba(0,0,0,0)","title":"","content":"","link_text":"","link_url":"shopify:\/\/collections\/shampoos-conditioners","link_style":"link","text_alignment":"center","vertical_alignment":"start"}},"item_UiFdQt":{"type":"item","settings":{"image":"shopify:\/\/shop_images\/Hair-Masks-248x332.png","image_by_url":"","image_width":100,"image_border":"rgba(0,0,0,0)","image_background":"rgba(0,0,0,0)","title":"","content":"","link_text":"","link_url":"shopify:\/\/collections\/hair-masks","link_style":"link","text_alignment":"center","vertical_alignment":"start"}},"item_z7b6QG":{"type":"item","settings":{"image":"shopify:\/\/shop_images\/Sunscreens-W-248-H-332_1.png","image_by_url":"","image_width":100,"image_border":"rgba(0,0,0,0)","image_background":"rgba(0,0,0,0)","title":"","content":"","link_text":"","link_url":"shopify:\/\/collections\/sunscreen","link_style":"link","text_alignment":"center","vertical_alignment":"start"}},"item_V36qGP":{"type":"item","settings":{"image":"shopify:\/\/shop_images\/Moisturizers-W-248-H-332_1.png","image_by_url":"","image_width":100,"image_border":"rgba(0,0,0,0)","image_background":"rgba(0,0,0,0)","title":"","content":"","link_text":"","link_url":"shopify:\/\/collections\/day-creams","link_style":"link","text_alignment":"center","vertical_alignment":"start"}},"item_mk9qxe":{"type":"item","settings":{"image":"shopify:\/\/shop_images\/Face-Serums-W-248-H-332_1.png","image_by_url":"","image_width":100,"image_border":"rgba(0,0,0,0)","image_background":"rgba(0,0,0,0)","title":"","content":"","link_text":"","link_url":"shopify:\/\/collections\/face-serums","link_style":"link","text_alignment":"center","vertical_alignment":"start"}},"item_hVDfdg":{"type":"item","settings":{"image":"shopify:\/\/shop_images\/Face-Washes-W-248-H-332_1.png","image_by_url":"","image_width":100,"image_border":"rgba(0,0,0,0)","image_background":"rgba(0,0,0,0)","title":"","content":"","link_text":"","link_url":"shopify:\/\/collections\/face-washes","link_style":"link","text_alignment":"center","vertical_alignment":"start"}},"item_g7kR7F":{"type":"item","settings":{"image":"shopify:\/\/shop_images\/Perfumes-_-Body-Mists-W-248-H-332_1.png","image_by_url":"","image_width":100,"image_border":"rgba(0,0,0,0)","image_background":"rgba(0,0,0,0)","title":"","content":"","link_text":"","link_url":"shopify:\/\/collections\/fragrances","link_style":"link","text_alignment":"center","vertical_alignment":"start"}},"item_eMKrWn":{"type":"item","settings":{"image":"shopify:\/\/shop_images\/mackup-W-248-H-332.png","image_by_url":"","image_width":100,"image_border":"rgba(0,0,0,0)","image_background":"rgba(0,0,0,0)","title":"","content":"","link_text":"","link_url":"shopify:\/\/collections\/makeup","link_style":"link","text_alignment":"center","vertical_alignment":"start"}},"item_Dwnxfq":{"type":"item","settings":{"image":"shopify:\/\/shop_images\/Face-W-248-H-332_1.png","image_by_url":"","image_width":100,"image_border":"rgba(0,0,0,0)","image_background":"rgba(0,0,0,0)","title":"","content":"","link_text":"","link_url":"shopify:\/\/collections\/face","link_style":"link","text_alignment":"center","vertical_alignment":"start"}},"item_8Lf8md":{"type":"item","settings":{"image":"shopify:\/\/shop_images\/Eyes-W-248-H-332_1.png","image_by_url":"","image_width":100,"image_border":"rgba(0,0,0,0)","image_background":"rgba(0,0,0,0)","title":"","content":"","link_text":"","link_url":"shopify:\/\/collections\/eyes","link_style":"link","text_alignment":"center","vertical_alignment":"start"}},"item_gRWbEy":{"type":"item","settings":{"image":"shopify:\/\/shop_images\/Lips-W-248-H-332_1.png","image_by_url":"","image_width":100,"image_border":"rgba(0,0,0,0)","image_background":"rgba(0,0,0,0)","title":"","content":"","link_text":"","link_url":"shopify:\/\/collections\/lips","link_style":"link","text_alignment":"center","vertical_alignment":"start"}}},"block_order":["item_DGhTMq","item_myy3DL","item_UiFdQt","item_z7b6QG","item_V36qGP","item_mk9qxe","item_hVDfdg","item_g7kR7F","item_eMKrWn","item_Dwnxfq","item_8Lf8md","item_gRWbEy"],"custom_css":[".flash_sale_collections {margin-top: 30px;}"],"settings":{"reveal_on_scroll":false,"stack_items":true,"subheading":"","title":"Shop by category","content":"","button_text":"","button_link":"","scrollid":"","custom_class":"flash_sale_collections","column_alignment":"center","mobile_item_size":"medium","desktop_item_size":"small","spacing":"tight","background":"rgba(0,0,0,0)","text_color":"rgba(0,0,0,0)"}},"featured_collections_VMYgiY":{"type":"featured-collections","blocks":{"collection_JYmLDr":{"type":"collection","settings":{"collection":"new-launch","label":"All New Arrivals","button_text":"View All","button_url":"shopify:\/\/collections\/new-launch"}},"collection_DLeLQT":{"type":"collection","settings":{"collection":"face-care-new-arrivals","label":"Skin Care","button_text":"View All","button_url":"shopify:\/\/collections\/face-care-new-arrivals"}},"collection_zHRKca":{"type":"collection","settings":{"collection":"makeup-new-arrivals","label":"Makeup","button_text":"View All","button_url":"shopify:\/\/collections\/makeup-new-arrivals"}},"collection_nchmRp":{"type":"collection","settings":{"collection":"hair-care-new-arrivals","label":"Hair Care","button_text":"View All","button_url":"shopify:\/\/collections\/hair-care-new-arrivals"}},"collection_H7B8aA":{"type":"collection","settings":{"collection":"body-lotion","label":"Body Care","button_text":"View All","button_url":"shopify:\/\/collections\/body-lotion"}}},"block_order":["collection_JYmLDr","collection_DLeLQT","collection_zHRKca","collection_nchmRp","collection_H7B8aA"],"settings":{"subheading":"","title":"New Arrivals","content":"","scrollid":"","products_count":8,"products_per_row":4,"stack_products":false,"show_cta":true,"background":"rgba(0,0,0,0)","text_color":"rgba(0,0,0,0)","button_background":"rgba(0,0,0,0)","button_text_color":"rgba(0,0,0,0)"}},"logo_list_PpHWgA":{"type":"logo-list","blocks":{"logo_Ti6Pw3":{"type":"logo","settings":{"logo":"shopify:\/\/shop_images\/Bright-Skin-500x500.png","link":"shopify:\/\/collections\/brightening-illuminating"}},"logo_Q9Ew7e":{"type":"logo","settings":{"logo":"shopify:\/\/shop_images\/Dandruff-free-Scalp-500x500.png","link":"shopify:\/\/collections\/tea-tree-hair"}},"logo_HFJw7P":{"type":"logo","settings":{"logo":"shopify:\/\/shop_images\/Hydrated-Skin-500x500.png","link":"shopify:\/\/collections\/hydration"}},"logo_PLDyFy":{"type":"logo","settings":{"logo":"shopify:\/\/shop_images\/Voluminous-Hair-500x500.png","link":"shopify:\/\/collections\/hair-fall-hair-growth"}},"logo_jYUbMT":{"type":"logo","settings":{"logo":"shopify:\/\/shop_images\/Youthful-Radiance-500x500.png","link":"shopify:\/\/collections\/anti-ageing"}},"logo_E6gKTA":{"type":"logo","settings":{"logo":"shopify:\/\/shop_images\/Healthy_-Shiny-Hair-500x500.png","link":"shopify:\/\/collections\/dry-frizzy-hair"}},"logo_PdkktK":{"type":"logo","settings":{"logo":"shopify:\/\/shop_images\/Everyday-Glow-500x500.png","link":"shopify:\/\/collections\/face"}},"logo_CKaTJD":{"type":"logo","settings":{"logo":"shopify:\/\/shop_images\/Glamorous-Look-500x500.png","link":"shopify:\/\/collections\/eyes"}}},"block_order":["logo_Ti6Pw3","logo_Q9Ew7e","logo_HFJw7P","logo_PLDyFy","logo_jYUbMT","logo_E6gKTA","logo_PdkktK","logo_CKaTJD"],"settings":{"reveal_on_scroll":false,"subheading":"","title":"What Are You Looking For Today?","button_text":"","button_link":"","custom_class":"","stack_logos":false,"background":"rgba(0,0,0,0)","text_color":"rgba(0,0,0,0)","button_background":"rgba(0,0,0,0)","button_text_color":"rgba(0,0,0,0)","logo_background":"rgba(0,0,0,0)"}},"logo_list_JYmjdr":{"type":"logo-list","blocks":{"logo_aHm8X4":{"type":"logo","settings":{"logo":"shopify:\/\/shop_images\/Ceramides_500x500_582fb1e8-225c-439f-bf41-cb7e8c2d19e3.png","link":"shopify:\/\/collections\/ceramides"}},"logo_gMPqNx":{"type":"logo","settings":{"logo":"shopify:\/\/shop_images\/Vitamin-C_1.png","link":"shopify:\/\/collections\/vitamin-c"}},"logo_NDCPf8":{"type":"logo","settings":{"logo":"shopify:\/\/shop_images\/Niacinamide_1.png","link":"shopify:\/\/collections\/clarifying-niacinamide"}},"logo_Mem9H6":{"type":"logo","settings":{"logo":"shopify:\/\/shop_images\/tea-tree_1.png","link":"shopify:\/\/collections\/tea-tree-hair"}},"logo_9DdfBV":{"type":"logo","settings":{"logo":"shopify:\/\/shop_images\/Redensyl_1.png","link":"shopify:\/\/collections\/redensyl"}},"logo_4bwLWL":{"type":"logo","settings":{"logo":"shopify:\/\/shop_images\/Squalane_2_1.png","link":"shopify:\/\/collections\/ultra-hydrating-squalane"}},"logo_dAfwmg":{"type":"logo","settings":{"logo":"shopify:\/\/shop_images\/Salicylic-Acid_1.png","link":"shopify:\/\/collections\/powerful-salicylic-acid"}},"logo_JHMQjb":{"type":"logo","settings":{"logo":"shopify:\/\/shop_images\/Red-Vine_1.png","link":"shopify:\/\/collections\/anti-ageing-with-red-vine-extracts"}},"logo_3FkJaG":{"type":"logo","settings":{"logo":"shopify:\/\/shop_images\/Hyaluronic-Acid_1.png","link":"shopify:\/\/collections\/hydrating-hyaluronic-acid"}},"logo_hYRnwC":{"type":"logo","settings":{"logo":"shopify:\/\/shop_images\/Rosemary_1.png","link":"shopify:\/\/collections\/spanish-rosemary"}},"logo_HXdWKM":{"type":"logo","settings":{"logo":"shopify:\/\/shop_images\/Retinol_1.png","link":"shopify:\/\/collections\/renew-with-retinol"}}},"block_order":["logo_aHm8X4","logo_gMPqNx","logo_NDCPf8","logo_Mem9H6","logo_9DdfBV","logo_4bwLWL","logo_dAfwmg","logo_JHMQjb","logo_3FkJaG","logo_hYRnwC","logo_HXdWKM"],"settings":{"reveal_on_scroll":false,"subheading":"","title":"Shop by Ingredients","button_text":"","button_link":"","custom_class":"","stack_logos":false,"background":"rgba(0,0,0,0)","text_color":"rgba(0,0,0,0)","button_background":"rgba(0,0,0,0)","button_text_color":"rgba(0,0,0,0)","logo_background":"rgba(0,0,0,0)"}},"featured_collections_KieQr3":{"type":"featured-collections","blocks":{"collection_VA8RNW":{"type":"collection","settings":{"collection":"bestseller-combos","label":"Bestsellers","button_text":"View All","button_url":"shopify:\/\/collections\/bestseller-combos"}},"collection_e6m3Yc":{"type":"collection","settings":{"collection":"bestseller-combo-sets-haircare","label":"Hair Care","button_text":"View All","button_url":"shopify:\/\/collections\/bestseller-combo-sets-haircare"}},"collection_fcpULj":{"type":"collection","settings":{"collection":"bestseller-combo-sets-skincare","label":"Skin Care","button_text":"View All","button_url":"shopify:\/\/collections\/bestseller-combo-sets-skincare"}},"collection_aaaVT3":{"type":"collection","settings":{"collection":"bestseller-combo-sets-fragrances","label":"Fragrances","button_text":"View All","button_url":"shopify:\/\/collections\/bestseller-combo-sets-fragrances"}}},"block_order":["collection_VA8RNW","collection_e6m3Yc","collection_fcpULj","collection_aaaVT3"],"settings":{"subheading":"","title":"Save with Sets","content":"","scrollid":"","products_count":8,"products_per_row":4,"stack_products":false,"show_cta":true,"background":"rgba(0,0,0,0)","text_color":"rgba(0,0,0,0)","button_background":"rgba(0,0,0,0)","button_text_color":"rgba(0,0,0,0)"}},"logo_list_PV3YAh":{"type":"logo-list","blocks":{"logo_WnHCEN":{"type":"logo","settings":{"logo":"shopify:\/\/shop_images\/Glow-Kit-450x175.png","link":"shopify:\/\/products\/detan-glow-men-skincare-kit"}},"logo_6yBB6F":{"type":"logo","settings":{"logo":"shopify:\/\/shop_images\/Anti-Ageing-Kit-450x175_e3fee47c-1e28-4f40-a2e9-30d1b84fb208.png","link":"shopify:\/\/products\/anti-ageing-kit-with-french-red-vine"}},"logo_FGeg3i":{"type":"logo","settings":{"logo":"shopify:\/\/shop_images\/Hydration-Kit-450x175_f0eaba52-9845-48e0-8a1a-9902b3c13588.png","link":"shopify:\/\/products\/daily-hydration-kit-with-spanish-squalane"}},"logo_Ngz7xx":{"type":"logo","settings":{"logo":"shopify:\/\/shop_images\/Hair-Regrowth-Kit-450x175.png","link":"shopify:\/\/products\/hair-regrowth-kit"}},"logo_FybjFq":{"type":"logo","settings":{"logo":"shopify:\/\/shop_images\/Golden-Glow-Kit-450x175_342b3dca-32fe-4b45-a902-bea27945a748.png","link":"shopify:\/\/products\/24k-gold-skincare-kit"}},"logo_QGqdcb":{"type":"logo","settings":{"logo":"shopify:\/\/shop_images\/Hair-Smoothening-Kit-450x175_21d0f8cb-d019-4f9b-a1ce-2ac3723de98c.png","link":"https:\/\/discoverpilgrim.com\/products\/amazon-rainforest-shampoo-conditioner-combo-2"}}},"block_order":["logo_WnHCEN","logo_6yBB6F","logo_FGeg3i","logo_Ngz7xx","logo_FybjFq","logo_QGqdcb"],"custom_css":[],"settings":{"reveal_on_scroll":false,"subheading":"","title":"Kits To Solve Your Concerns","button_text":"","button_link":"","custom_class":"","stack_logos":true,"background":"rgba(0,0,0,0)","text_color":"rgba(0,0,0,0)","button_background":"rgba(0,0,0,0)","button_text_color":"rgba(0,0,0,0)","logo_background":"rgba(0,0,0,0)"}},"collection_list_c9hjCz":{"type":"collection-list","blocks":{"collection_nQBP8p":{"type":"collection","settings":{"collection":"","image":"shopify:\/\/shop_images\/Rashmika-Fav-1080x1080.jpg","subheading":"","title":"","link_text":"","link_url":"shopify:\/\/collections\/rashmikas-fav","text_color":"rgba(0,0,0,0)","overlay_color":"#000000","overlay_opacity":30}},"collection_T7Bwqk":{"type":"collection","settings":{"collection":"","image":"shopify:\/\/shop_images\/Jennifer_CelebMust-Haves_1080x1080px.jpg","subheading":"","title":"","link_text":"","link_url":"shopify:\/\/collections\/jennifers-fav","text_color":"rgba(0,0,0,0)","overlay_color":"#000000","overlay_opacity":30}},"collection_BYnXiF":{"type":"collection","settings":{"collection":"","image":"shopify:\/\/shop_images\/Manisha-Picks-1080x1080_1.jpg","subheading":"","title":"","link_text":"","link_url":"shopify:\/\/collections\/manishas-curation","text_color":"rgba(0,0,0,0)","overlay_color":"#000000","overlay_opacity":30}}},"block_order":["collection_nQBP8p","collection_T7Bwqk","collection_BYnXiF"],"settings":{"reveal_on_scroll":false,"layout":"carousel","subheading":"","title":"Celeb Must-Haves","background":"rgba(0,0,0,0)","text_color":"rgba(0,0,0,0)"}},"image_with_text_i4hteH":{"type":"image-with-text","blocks":{"item_jnybg8":{"type":"item","settings":{"image":"shopify:\/\/shop_images\/New-Pilgrim-Code-Teal-2_1.png","tab_label":"Our Promise","subheading":"","title":"Our Promise","content":"<p>Pilgrim is \"Clean Compatible\". Not just <strong>free of harmful and toxic chemicals<\/strong> but uses only those ingredients that either enhance the health of our hair &<br\/>skin or support the<strong> effectiveness of formulations<\/strong>.<\/p>","button_text":"","button_link":"https:\/\/discoverpilgrim.com\/pages\/about-us"}}},"block_order":["item_jnybg8"],"settings":{"reveal_on_scroll":false,"background_type":"full_width","background_overlap":"both","image_position":"left","text_alignment":"center","cycle_speed":8,"accent_background":"rgba(0,0,0,0)","text_color":"rgba(0,0,0,0)","button_background":"rgba(0,0,0,0)","button_text_color":"rgba(0,0,0,0)"}},"gallery_TqcaHX":{"type":"gallery","blocks":{"image_fXciFt":{"type":"image","settings":{"image":"shopify:\/\/shop_images\/Testimonial-1080x1500-5.png","image_by_url":"","caption":"","link_url":"https:\/\/discoverpilgrim.com\/products\/3-redensyl-4-anagain-hair-growth-serum"}},"image_DhjJX7":{"type":"image","settings":{"image":"shopify:\/\/shop_images\/Testimonial-1080x1500-1.png","image_by_url":"","caption":"","link_url":"https:\/\/discoverpilgrim.com\/products\/red-vine-face-cream-spf-30-with-vitamin-c-rosehip-oil-pa"}},"image_JRrF6C":{"type":"image","settings":{"image":"shopify:\/\/shop_images\/Testimonial-1080x1500-2.png","image_by_url":"","caption":"","link_url":"shopify:\/\/products\/24k-gold-facial-mask"}},"image_V9acNX":{"type":"image","settings":{"image":"shopify:\/\/shop_images\/Testimonial-1080x1500-4.png","image_by_url":"","caption":"","link_url":"https:\/\/discoverpilgrim.com\/products\/squalane-glow-moisturizer"}},"image_tQccyB":{"type":"image","settings":{"image":"shopify:\/\/shop_images\/Testimonial-1080x1500-3.png","image_by_url":"","caption":"","link_url":"https:\/\/discoverpilgrim.com\/products\/25-aha-2-bha-5-pha-peeling-solution"}}},"block_order":["image_fXciFt","image_DhjJX7","image_JRrF6C","image_V9acNX","image_tQccyB"],"settings":{"subheading":"","title":"Customer Testimonials","custom_class":"","scrollid":"","show_arrows":true,"column_alignment":"center","background":"rgba(0,0,0,0)","text_color":"rgba(0,0,0,0)"}},"logo_list_AKXciF":{"type":"logo-list","blocks":{"logo_rAcnLM":{"type":"logo","settings":{"logo":"shopify:\/\/shop_images\/cosmopolitan.png","link":""}},"logo_HLen9X":{"type":"logo","settings":{"logo":"shopify:\/\/shop_images\/yourstory_logo.png","link":""}},"logo_HiFRcV":{"type":"logo","settings":{"logo":"shopify:\/\/shop_images\/the-times-of-india.png","link":""}},"logo_xbAeep":{"type":"logo","settings":{"logo":"shopify:\/\/shop_images\/grazia.png","link":""}},"logo_rNaKQe":{"type":"logo","settings":{"logo":"shopify:\/\/shop_images\/Femina_logo.png","link":""}}},"block_order":["logo_rAcnLM","logo_HLen9X","logo_HiFRcV","logo_xbAeep","logo_rNaKQe"],"settings":{"reveal_on_scroll":false,"subheading":"","title":"Featured In","button_text":"","button_link":"","custom_class":"","stack_logos":false,"background":"rgba(0,0,0,0)","text_color":"rgba(0,0,0,0)","button_background":"rgba(0,0,0,0)","button_text_color":"rgba(0,0,0,0)","logo_background":"rgba(0,0,0,0)"}}},"order":["main","image_with_text_overlay_mD68me","contact_form_CM8zre","category_section_xwtPDV","slideshow_4TiYfF","countdown_timer_VFFx3z","multi_column_VfgicX","featured_collections_BUCCzB","featured_collections_WH4Cg9","featured_collections_gPA7Lc","slideshow_9BMrLd","slideshow_4N7HjU","shopable_video_FwGXQw","multi_column_fPzqrj","featured_collections_VMYgiY","logo_list_PpHWgA","logo_list_JYmjdr","featured_collections_KieQr3","logo_list_PV3YAh","collection_list_c9hjCz","image_with_text_i4hteH","gallery_TqcaHX","logo_list_AKXciF"]}