{"sections":{"category_section_qr83Gc":{"type":"category_section","blocks":{"category_nav_FWeyFc":{"type":"category_nav","settings":{"cat_image":"shopify:\/\/shop_images\/Face-200x280_1.png","cat_title":"Skincare","cat_link":"https:\/\/discoverpilgrim.com\/pages\/skincare-homepage?ref=HPNAV"}},"category_nav_kJp3A3":{"type":"category_nav","settings":{"cat_image":"shopify:\/\/shop_images\/WhatsApp_Image_2024-01-08_at_3.23.21_PM.jpg","cat_title":"Makeup","cat_link":"https:\/\/discoverpilgrim.com\/pages\/makeup-homepage?ref=HPNAV"}},"category_nav_tphrbU":{"type":"category_nav","settings":{"cat_image":"shopify:\/\/shop_images\/Hair-Care-Rashmika-400x560_1_827aaac3-5d7a-44d2-96b7-d2394bc207db.png","cat_title":"Haircare","cat_link":"https:\/\/discoverpilgrim.com\/pages\/haircare-homepage?ref=HPNAV"}}},"block_order":["category_nav_FWeyFc","category_nav_kJp3A3","category_nav_tphrbU"],"settings":{"section_name":""}},"main":{"type":"main-page","disabled":true,"settings":{"show_title":true,"page_width":"medium"}},"7e274d31-5cfe-4e1b-b5ce-43ac645cc980":{"type":"image-with-text","blocks":{"template--16776545403109__7e274d31-5cfe-4e1b-b5ce-43ac645cc980-16872693292f23052c-0":{"type":"item","disabled":true,"settings":{"tab_label":"Item","subheading":"Subheading","title":"Image with text","content":"<p>Use image with text to give your customers insight into your brand. Select imagery and text that relates to your style and story.<\/p>","button_text":"","button_link":""}}},"block_order":["template--16776545403109__7e274d31-5cfe-4e1b-b5ce-43ac645cc980-16872693292f23052c-0"],"disabled":true,"settings":{"reveal_on_scroll":false,"background_type":"full_width","background_overlap":"image","image_position":"left","text_alignment":"center","cycle_speed":8,"accent_background":"rgba(0,0,0,0)","text_color":"rgba(0,0,0,0)","button_background":"rgba(0,0,0,0)","button_text_color":"rgba(0,0,0,0)"}},"0db9f9a3-6c0a-47e5-afcc-cb7c984e6774":{"type":"slideshow","blocks":{"image_eYUEM8":{"type":"image","disabled":true,"settings":{"image":"shopify:\/\/shop_images\/Myntra_s-Rising-Star-D2C_Collection-Banner_1920x720px_1_1.jpg","mobile_image":"shopify:\/\/shop_images\/Myntra_s-Rising-Star-D2C_Mobile-Homepage-Banner_1000x650px_3_1.gif","text_position":"middle_center","subheading":"","title":"","button_1_text":"","button_1_link":"shopify:\/\/collections\/winning-haircare-products","button_2_text":"","button_2_link":"","text_color":"#ffffff","button_background":"#ffffff","button_text_color":"#000000","overlay_color":"#000000","overlay_opacity":0,"unique_id":"","slide_id":""}},"image_gHHMXq":{"type":"image","settings":{"image":"shopify:\/\/shop_images\/Root-Active-Anti-Hairfall-Serum_Desktop-Homepage-Banner_1920x520px_1.gif","mobile_image":"shopify:\/\/shop_images\/Root-Active-Anti-Hairfall-Serum_Mobile-Homepage-Banner_1000x650px_1.gif","text_position":"middle_center","subheading":"","title":"","button_1_text":"","button_1_link":"shopify:\/\/products\/rootactive-anti-hairfall-serum-with-spanish-rosemary","button_2_text":"","button_2_link":"","text_color":"#ffffff","button_background":"#ffffff","button_text_color":"#000000","overlay_color":"#000000","overlay_opacity":0,"unique_id":"","slide_id":""}},"template--16825137725669__0db9f9a3-6c0a-47e5-afcc-cb7c984e6774-image-1":{"type":"image","settings":{"image":"shopify:\/\/shop_images\/Spanish_Rosemary_Water_With_Biotin_Desktop_Homepage_Banner_1920x520px.gif","mobile_image":"shopify:\/\/shop_images\/Spanish_Rosemary_Water_With_Biotin_Mobile_Homepage_Banner_1000x650px_1.gif","text_position":"middle_center","subheading":"","title":"","button_1_text":"","button_1_link":"shopify:\/\/products\/spanish-rosemary-water-with-biotin","button_2_text":"","button_2_link":"","text_color":"#ffffff","button_background":"#ffffff","button_text_color":"#000000","overlay_color":"#000000","overlay_opacity":0,"unique_id":"","slide_id":""}},"image_BnjbLM":{"type":"image","disabled":true,"settings":{"image":"shopify:\/\/shop_images\/Hair_Growth_Serum_Male_Model_Homepage_Desktop_Banner_1920x520_53b342e6-c467-4f42-9b63-6247fc447f1e.jpg","mobile_image":"shopify:\/\/shop_images\/Hair_Growth_Serum_Male_Model_Homepage_Mobile_Banner_1000x650_5e74d498-844c-4d41-be2e-6df43168e6f2.jpg","text_position":"middle_center","subheading":"","title":"","button_1_text":"","button_1_link":"shopify:\/\/products\/3-redensyl-4-anagain-hair-growth-serum-for-men","button_2_text":"","button_2_link":"","text_color":"#ffffff","button_background":"#ffffff","button_text_color":"#000000","overlay_color":"#000000","overlay_opacity":0,"unique_id":"","slide_id":""}}},"block_order":["image_eYUEM8","image_gHHMXq","template--16825137725669__0db9f9a3-6c0a-47e5-afcc-cb7c984e6774-image-1","image_BnjbLM"],"custom_css":[".abcdef {margin-top: -17px;}"],"settings":{"subheading":"","title":"","content":"","custom_class":"abcdef","scrollid":"","section_name":"","section_height":"auto","transition_type":"sweep","show_initial_transition":false,"autoplay":true,"cycle_speed":5,"background":"rgba(0,0,0,0)","text_width":"medium","text_position":"center","text_alignment":"center"}},"db4f69d5-17a3-4771-89f9-5a809045c9e3":{"type":"multi-column","blocks":{"b605088e-ff1b-4efe-8d34-fa11de0a92ee":{"type":"item","disabled":true,"settings":{"image":"shopify:\/\/shop_images\/Hair-Care-400x560.png","image_by_url":"","image_width":100,"image_border":"rgba(0,0,0,0)","image_background":"rgba(0,0,0,0)","title":"","content":"","link_text":"","link_url":"shopify:\/\/collections\/hair-care","link_style":"link","text_alignment":"center","vertical_alignment":"start"}},"template--16825137725669__db4f69d5-17a3-4771-89f9-5a809045c9e3-item-1":{"type":"item","settings":{"image":"shopify:\/\/shop_images\/Hair-Serums-400x560.png","image_by_url":"","image_width":100,"image_border":"rgba(0,0,0,0)","image_background":"rgba(0,0,0,0)","title":"","content":"","link_text":"","link_url":"shopify:\/\/collections\/hair-serums","link_style":"link","text_alignment":"center","vertical_alignment":"start"}},"94aac99a-c932-4bbb-bdf9-bbe922f6bf6b":{"type":"item","settings":{"image":"shopify:\/\/shop_images\/Hair-Masks-400x560_846773a0-7537-4cf8-afdd-9be7790e1f81.png","image_by_url":"","image_width":100,"image_border":"rgba(0,0,0,0)","image_background":"rgba(0,0,0,0)","title":"","content":"","link_text":"","link_url":"shopify:\/\/collections\/hair-masks","link_style":"link","text_alignment":"center","vertical_alignment":"start"}},"item_RyyeDg":{"type":"item","settings":{"image":"shopify:\/\/shop_images\/Shampoos-400x560_3b2645a8-2545-4a26-9704-0437a74d02e9.png","image_by_url":"","image_width":100,"image_border":"rgba(0,0,0,0)","image_background":"rgba(0,0,0,0)","title":"","content":"","link_text":"","link_url":"shopify:\/\/collections\/shampoos","link_style":"link","text_alignment":"center","vertical_alignment":"start"}},"item_iGLRky":{"type":"item","settings":{"image":"shopify:\/\/shop_images\/Conditioners-400x560_00384dac-1b4a-4f62-bc66-cbedf7538fc4.png","image_by_url":"","image_width":100,"image_border":"rgba(0,0,0,0)","image_background":"rgba(0,0,0,0)","title":"","content":"","link_text":"","link_url":"shopify:\/\/collections\/hair-conditioner","link_style":"link","text_alignment":"center","vertical_alignment":"start"}}},"block_order":["b605088e-ff1b-4efe-8d34-fa11de0a92ee","template--16825137725669__db4f69d5-17a3-4771-89f9-5a809045c9e3-item-1","94aac99a-c932-4bbb-bdf9-bbe922f6bf6b","item_RyyeDg","item_iGLRky"],"disabled":true,"custom_css":[".makeup-multicolumn .button-wrapper {margin-top: 30px;}"],"settings":{"reveal_on_scroll":false,"stack_items":false,"subheading":"","title":"Shop By Category","content":"","button_text":"All Haircare Products ➔","button_link":"shopify:\/\/collections\/hair-care","scrollid":"","custom_class":"makeup-multicolumn","section_name":"","column_alignment":"center","mobile_item_size":"small","desktop_item_size":"small","spacing":"tight","background":"rgba(0,0,0,0)","text_color":"rgba(0,0,0,0)"}},"logo_list_qwFWGx":{"type":"logo-list","blocks":{"logo_LXQJxa":{"type":"logo","settings":{"logo":"shopify:\/\/shop_images\/Hair-Serums-248x-332.png","link":"shopify:\/\/collections\/hair-serums"}},"logo_gNydAB":{"type":"logo","settings":{"logo":"shopify:\/\/shop_images\/Shampoos-_-Conditioners--248--332.png-2.png","link":"shopify:\/\/collections\/shampoos-conditioners"}},"logo_yq7grT":{"type":"logo","settings":{"logo":"shopify:\/\/shop_images\/Hair-Masks-248x332.png","link":"shopify:\/\/collections\/hair-masks"}}},"block_order":["logo_LXQJxa","logo_gNydAB","logo_yq7grT"],"settings":{"reveal_on_scroll":false,"subheading":"","title":"Shop by Category","button_text":"All Haircare Products ➔","button_link":"shopify:\/\/collections\/hair-care","custom_class":"","stack_logos":false,"background":"rgba(0,0,0,0)","text_color":"rgba(0,0,0,0)","button_background":"rgba(0,0,0,0)","button_text_color":"rgba(0,0,0,0)","logo_background":"rgba(0,0,0,0)"}},"logo_list_LedPcr":{"type":"logo-list","blocks":{"logo_fVaHCK":{"type":"logo","settings":{"logo":"shopify:\/\/shop_images\/tea-tree_1.png","link":"shopify:\/\/collections\/tea-tree-hair"}},"logo_wRbarQ":{"type":"logo","settings":{"logo":"shopify:\/\/shop_images\/Redensyl_1.png","link":"shopify:\/\/collections\/redensyl"}},"logo_MUjQjE":{"type":"logo","settings":{"logo":"shopify:\/\/shop_images\/Rosemary_1.png","link":"shopify:\/\/collections\/spanish-rosemary"}}},"block_order":["logo_fVaHCK","logo_wRbarQ","logo_MUjQjE"],"settings":{"reveal_on_scroll":false,"subheading":"","title":"Shop by Ingredients","button_text":"","button_link":"","custom_class":"","stack_logos":false,"background":"rgba(0,0,0,0)","text_color":"rgba(0,0,0,0)","button_background":"rgba(0,0,0,0)","button_text_color":"rgba(0,0,0,0)","logo_background":"rgba(0,0,0,0)"}},"slideshow_8pKkkd":{"type":"slideshow","blocks":{"image_dUHALC":{"type":"image","disabled":true,"settings":{"image":"shopify:\/\/shop_images\/Influencers-Hair-Growth-Serum-Homepage-Banner-1920x520-1_1.jpg","mobile_image":"shopify:\/\/shop_images\/Model-Banner-1000x550-3_1.jpg","text_position":"middle_center","subheading":"","title":"","button_1_text":"","button_1_link":"shopify:\/\/products\/patua-keratin-smoothening-shampoo","button_2_text":"","button_2_link":"","text_color":"#ffffff","button_background":"#ffffff","button_text_color":"#000000","overlay_color":"#000000","overlay_opacity":0,"unique_id":"","slide_id":""}},"image_b6MfKz":{"type":"image","disabled":true,"settings":{"text_position":"middle_center","subheading":"Tell your story","title":"Slide 2","button_1_text":"","button_1_link":"","button_2_text":"","button_2_link":"","text_color":"#ffffff","button_background":"#ffffff","button_text_color":"#000000","overlay_color":"#000000","overlay_opacity":30,"unique_id":"","slide_id":""}}},"block_order":["image_dUHALC","image_b6MfKz"],"custom_css":["@media only screen and (min-width: 576px) {.mobileonly {display: none; }}"],"settings":{"subheading":"","title":"","content":"","custom_class":"mobileonly","scrollid":"","section_name":"","section_height":"auto","transition_type":"sweep","show_initial_transition":false,"autoplay":true,"cycle_speed":5,"background":"rgba(0,0,0,0)","text_width":"medium","text_position":"center","text_alignment":"center"}},"featured_collections_BRNRPw":{"type":"featured-collections","blocks":{"collection_dVzVpr":{"type":"collection","settings":{"collection":"monsoon-essentials-haircare","label":"","button_text":"","button_url":""}}},"block_order":["collection_dVzVpr"],"disabled":true,"settings":{"subheading":"","title":"Monsoon Must-Haves","content":"","scrollid":"","products_count":14,"products_per_row":4,"stack_products":false,"show_cta":true,"background":"rgba(0,0,0,0)","text_color":"rgba(0,0,0,0)","button_background":"rgba(0,0,0,0)","button_text_color":"rgba(0,0,0,0)"}},"featured_collections_LXW3By":{"type":"featured-collections","blocks":{"collection_cGbcyh":{"type":"collection","settings":{"collection":"shampoos","label":"","button_text":"","button_url":""}}},"block_order":["collection_cGbcyh"],"settings":{"subheading":"","title":"Discover Shampoos","content":"","scrollid":"","products_count":14,"products_per_row":4,"stack_products":false,"show_cta":true,"background":"rgba(0,0,0,0)","text_color":"rgba(0,0,0,0)","button_background":"rgba(0,0,0,0)","button_text_color":"rgba(0,0,0,0)"}},"featured_collections_GbeRhQ":{"type":"featured-collections","blocks":{"collection_GxcLn9":{"type":"collection","settings":{"collection":"hair-conditioner","label":"","button_text":"","button_url":""}}},"block_order":["collection_GxcLn9"],"settings":{"subheading":"","title":"Discover Conditioners","content":"","scrollid":"","products_count":31,"products_per_row":5,"stack_products":false,"show_cta":true,"background":"rgba(0,0,0,0)","text_color":"rgba(0,0,0,0)","button_background":"rgba(0,0,0,0)","button_text_color":"rgba(0,0,0,0)"}},"featured_collections_4xJnaV":{"type":"featured-collections","blocks":{"collection_3CCWAC":{"type":"collection","settings":{"collection":"hair-oil","label":"","button_text":"","button_url":""}}},"block_order":["collection_3CCWAC"],"settings":{"subheading":"","title":"Discover Hair Oils","content":"","scrollid":"","products_count":30,"products_per_row":4,"stack_products":false,"show_cta":true,"background":"rgba(0,0,0,0)","text_color":"rgba(0,0,0,0)","button_background":"rgba(0,0,0,0)","button_text_color":"rgba(0,0,0,0)"}},"collection_list_V8f7Fk":{"type":"collection-list","blocks":{"collection_pHf3Kj":{"type":"collection","settings":{"collection":"rashmikas-fav","image":"shopify:\/\/shop_images\/Rashmika-Fav-1080x1080.jpg","subheading":"","title":"","link_text":"","link_url":"","text_color":"rgba(0,0,0,0)","overlay_color":"#000000","overlay_opacity":30}},"collection_8bRMWU":{"type":"collection","disabled":true,"settings":{"collection":"","subheading":"","title":"","link_text":"","link_url":"","text_color":"rgba(0,0,0,0)","overlay_color":"#000000","overlay_opacity":30}},"collection_TVJT9k":{"type":"collection","disabled":true,"settings":{"collection":"","subheading":"","title":"","link_text":"","link_url":"","text_color":"rgba(0,0,0,0)","overlay_color":"#000000","overlay_opacity":30}},"collection_7aEpir":{"type":"collection","disabled":true,"settings":{"collection":"","subheading":"","title":"","link_text":"","link_url":"","text_color":"rgba(0,0,0,0)","overlay_color":"#000000","overlay_opacity":30}},"collection_A8jCV3":{"type":"collection","disabled":true,"settings":{"collection":"","subheading":"","title":"","link_text":"","link_url":"","text_color":"rgba(0,0,0,0)","overlay_color":"#000000","overlay_opacity":30}},"collection_hw83XL":{"type":"collection","disabled":true,"settings":{"collection":"","subheading":"","title":"","link_text":"","link_url":"","text_color":"rgba(0,0,0,0)","overlay_color":"#000000","overlay_opacity":30}}},"block_order":["collection_pHf3Kj","collection_8bRMWU","collection_TVJT9k","collection_7aEpir","collection_A8jCV3","collection_hw83XL"],"settings":{"reveal_on_scroll":false,"layout":"grid","subheading":"Red Carpet-ready, Everyday","title":"Celeb Must-Haves","background":"rgba(0,0,0,0)","text_color":"rgba(0,0,0,0)"}},"featured_collections_CGF8q9":{"type":"featured-collections","blocks":{"collection_gRPNNm":{"type":"collection","settings":{"collection":"hair-fall-hair-growth","label":"","button_text":"","button_url":""}}},"block_order":["collection_gRPNNm"],"settings":{"subheading":"","title":"Hair Fall Control & Hair Growth","content":"","scrollid":"","products_count":4,"products_per_row":4,"stack_products":false,"show_cta":true,"background":"rgba(0,0,0,0)","text_color":"rgba(0,0,0,0)","button_background":"rgba(0,0,0,0)","button_text_color":"rgba(0,0,0,0)"}},"featured_collections_JDw9bN":{"type":"featured-collections","blocks":{"collection_aCC7iL":{"type":"collection","settings":{"collection":"tea-tree-hair","label":"","button_text":"","button_url":""}}},"block_order":["collection_aCC7iL"],"settings":{"subheading":"","title":"Anti Dandruff Range","content":"","scrollid":"","products_count":4,"products_per_row":4,"stack_products":false,"show_cta":true,"background":"rgba(0,0,0,0)","text_color":"rgba(0,0,0,0)","button_background":"rgba(0,0,0,0)","button_text_color":"rgba(0,0,0,0)"}},"featured_collections_gRWbFA":{"type":"featured-collections","blocks":{"collection_cBrqU9":{"type":"collection","settings":{"collection":"bestseller-combo-sets-haircare","label":"","button_text":"VIEW ALL","button_url":"shopify:\/\/collections\/bestseller-combo-sets-haircare"}}},"block_order":["collection_cBrqU9"],"settings":{"subheading":"","title":"Save with Sets","content":"","scrollid":"","products_count":4,"products_per_row":4,"stack_products":false,"show_cta":true,"background":"rgba(0,0,0,0)","text_color":"rgba(0,0,0,0)","button_background":"rgba(0,0,0,0)","button_text_color":"rgba(0,0,0,0)"}},"image_with_text_bYUmAp":{"type":"image-with-text","blocks":{"item_HL7hbg":{"type":"item","settings":{"image":"shopify:\/\/shop_images\/New-Pilgrim-Code-Teal-2_1_94603c48-3615-4c16-8f98-5f4894d14abd.png","tab_label":"Item","subheading":"","title":"Our Promise","content":"<p>Pilgrim is \"Clean Compatible\". Not just <strong>free of harmful and toxic chemicals <\/strong>but uses only those ingredients that either enhance the health of our hair &<br\/>skin or support the <strong>effectiveness of formulations<\/strong><\/p>","button_text":"","button_link":""}}},"block_order":["item_HL7hbg"],"settings":{"reveal_on_scroll":false,"background_type":"full_width","background_overlap":"image","image_position":"left","text_alignment":"center","cycle_speed":8,"accent_background":"rgba(0,0,0,0)","text_color":"rgba(0,0,0,0)","button_background":"rgba(0,0,0,0)","button_text_color":"rgba(0,0,0,0)"}}},"order":["category_section_qr83Gc","main","7e274d31-5cfe-4e1b-b5ce-43ac645cc980","0db9f9a3-6c0a-47e5-afcc-cb7c984e6774","db4f69d5-17a3-4771-89f9-5a809045c9e3","logo_list_qwFWGx","logo_list_LedPcr","slideshow_8pKkkd","featured_collections_BRNRPw","featured_collections_LXW3By","featured_collections_GbeRhQ","featured_collections_4xJnaV","collection_list_V8f7Fk","featured_collections_CGF8q9","featured_collections_JDw9bN","featured_collections_gRWbFA","image_with_text_bYUmAp"]}