{"sections":{"099648bb-9177-4c83-93f0-098eac5b225a":{"type":"custom-product-tab-nav","blocks":{"24e83c2f-77ee-4a1f-8036-6bea838afaa0":{"type":"block","settings":{"title":"Details","scroll_id":"details"}},"40ebda20-318a-4904-858d-c9891c490ee4":{"type":"block","settings":{"title":"Benefits","scroll_id":"benefits"}},"fdebc612-ac1f-4e1f-b179-8826615498b1":{"type":"block","settings":{"title":"Reviews","scroll_id":"judgeme_product_reviews"}},"e2c90ae4-207c-4035-a97f-3838984e174a":{"type":"block","settings":{"title":"Consumer Study","scroll_id":"consumer-study"}},"93309501-3b17-45c8-97b0-75236c7d8158":{"type":"block","settings":{"title":"Ingredients","scroll_id":"ingredients"}},"c669bbad-c62a-4138-91ad-c9f62cc95adf":{"type":"block","settings":{"title":"Kits","scroll_id":"kits"}},"46de889b-412e-4ac6-a9a9-471e91745adf":{"type":"block","settings":{"title":"FAQs","scroll_id":"faqs"}}},"block_order":["24e83c2f-77ee-4a1f-8036-6bea838afaa0","40ebda20-318a-4904-858d-c9891c490ee4","fdebc612-ac1f-4e1f-b179-8826615498b1","e2c90ae4-207c-4035-a97f-3838984e174a","93309501-3b17-45c8-97b0-75236c7d8158","c669bbad-c62a-4138-91ad-c9f62cc95adf","46de889b-412e-4ac6-a9a9-471e91745adf"],"settings":{"title":"","custom_class":"show_tabnav_after_scrolling"}},"main":{"type":"main-product","blocks":{"variant_picker":{"type":"variant_picker","settings":{"hide_sold_out_variants":false,"selector_mode":"block","color_mode":"swatch","variant_image_options":"","size_chart_page":""}},"image_qrEDzj":{"type":"image","settings":{"image":"{{ product.metafields.custom.money_back_guaranteed_image_url.value }}","image_alignment":"left","image_width":500}},"quantity_selector":{"type":"quantity_selector","settings":{}},"buy_buttons":{"type":"buy_buttons","settings":{"show_payment_button":false,"show_gift_card_recipient":false,"atc_button_background":"rgba(0,0,0,0)","atc_button_text_color":"rgba(0,0,0,0)","buy_now_button_background":"rgba(0,0,0,0)","buy_now_button_text_color":"rgba(0,0,0,0)"}},"edd_widget_qkepYF":{"type":"edd_widget","disabled":true,"settings":{}},"63a91f5b-8de0-4a57-982d-0fdb489e370c":{"type":"inventory","disabled":true,"settings":{"low_inventory_threshold":0}},"7678a192-2ff4-47ab-a4db-8c6534e6a3ff":{"type":"description","disabled":true,"settings":{}},"46a92578-1af0-4e0c-8a52-33e4eabfa9de":{"type":"text","disabled":true,"settings":{"text":""}},"9057f9c6-1cb5-4b5b-889d-d95fc85e0986":{"type":"text","disabled":true,"settings":{"text":""}},"cf1aab13-2e9c-4faa-9280-0bec0377884a":{"type":"pilgrim_features","disabled":true,"settings":{"feature_image1":"shopify:\/\/shop_images\/ShieldCheck.png","feature_label1":"<p><strong>100% <\/strong>genuine<\/p>","feature_liquid1":"","feature_image2":"shopify:\/\/shop_images\/HandCoins.png","feature_label2":"<p><strong>Secure <\/strong>payment<\/p>","feature_liquid2":"","feature_image3":"shopify:\/\/shop_images\/Truck.png","feature_label3":"<p><strong>Free <\/strong>shipping<\/p>","show_tooltip3":false,"feature_tooltip_text3":"","feature_liquid3":"<span><strong>Free <\/strong><\/span>\n            <span style=\"display: flex;\">shipping\n              <span class=\"tooltip\" style=\"position: relative; display: inline-block;\">\n                <svg width=\"14\" height=\"14\" viewBox=\"0 0 14 14\" fill=\"none\" xmlns=\"http:\/\/www.w3.org\/2000\/svg\" style=\"margin-left: 2px; vertical-align: middle;\"><path d=\"M6 1.125C5.03582 1.125 4.09329 1.41091 3.2916 1.94659C2.48991 2.48226 1.86507 3.24363 1.49609 4.13442C1.12711 5.02521 1.03057 6.00541 1.21867 6.95107C1.40678 7.89672 1.87108 8.76536 2.55286 9.44715C3.23464 10.1289 4.10328 10.5932 5.04894 10.7813C5.99459 10.9694 6.97479 10.8729 7.86558 10.5039C8.75637 10.1349 9.51775 9.51009 10.0534 8.7084C10.5891 7.90671 10.875 6.96418 10.875 6C10.8736 4.70749 10.3596 3.46831 9.44564 2.55436C8.5317 1.64042 7.29251 1.12636 6 1.125ZM6 10.125C5.18415 10.125 4.38663 9.88307 3.70827 9.42981C3.02992 8.97655 2.50121 8.33231 2.189 7.57857C1.87679 6.82482 1.7951 5.99542 1.95426 5.19525C2.11343 4.39508 2.5063 3.66008 3.08319 3.08318C3.66008 2.50629 4.39508 2.11342 5.19525 1.95426C5.99543 1.7951 6.82483 1.87679 7.57857 2.189C8.33232 2.50121 8.97655 3.02992 9.42981 3.70827C9.88307 4.38663 10.125 5.18415 10.125 6C10.1238 7.09364 9.68877 8.14213 8.91545 8.91545C8.14213 9.68876 7.09364 10.1238 6 10.125ZM6.75 8.25C6.75 8.34946 6.71049 8.44484 6.64017 8.51517C6.56984 8.58549 6.47446 8.625 6.375 8.625C6.17609 8.625 5.98532 8.54598 5.84467 8.40533C5.70402 8.26468 5.625 8.07391 5.625 7.875V6C5.52555 6 5.43016 5.96049 5.35984 5.89016C5.28951 5.81984 5.25 5.72446 5.25 5.625C5.25 5.52554 5.28951 5.43016 5.35984 5.35984C5.43016 5.28951 5.52555 5.25 5.625 5.25C5.82391 5.25 6.01468 5.32902 6.15533 5.46967C6.29598 5.61032 6.375 5.80109 6.375 6V7.875C6.47446 7.875 6.56984 7.91451 6.64017 7.98483C6.71049 8.05516 6.75 8.15054 6.75 8.25ZM5.25 3.9375C5.25 3.82625 5.28299 3.71749 5.3448 3.62499C5.40661 3.53249 5.49446 3.46039 5.59724 3.41782C5.70003 3.37524 5.81313 3.3641 5.92224 3.38581C6.03135 3.40751 6.13158 3.46109 6.21025 3.53975C6.28892 3.61842 6.34249 3.71865 6.36419 3.82776C6.3859 3.93688 6.37476 4.04998 6.33218 4.15276C6.28961 4.25554 6.21751 4.34339 6.12501 4.4052C6.03251 4.46701 5.92375 4.5 5.8125 4.5C5.66332 4.5 5.52024 4.44074 5.41475 4.33525C5.30927 4.22976 5.25 4.08668 5.25 3.9375Z\" fill=\"black\"\/><\/svg>\n                <span class=\"tooltiptext\" style=\"height: 34px;padding: 10px;right: -10px;top: 20px;width: 150px;\">On orders above ₹199 <\/span>\n              <\/span>\n            <\/span>"}},"judge_me_reviews_preview_badge_Yr7KGj":{"type":"shopify:\/\/apps\/judge-me-reviews\/blocks\/preview_badge\/61ccd3b1-a9f2-4160-9fe9-4fec8413e5d8","disabled":true,"settings":{}}},"block_order":["variant_picker","image_qrEDzj","quantity_selector","buy_buttons","edd_widget_qkepYF","63a91f5b-8de0-4a57-982d-0fdb489e370c","7678a192-2ff4-47ab-a4db-8c6534e6a3ff","46a92578-1af0-4e0c-8a52-33e4eabfa9de","9057f9c6-1cb5-4b5b-889d-d95fc85e0986","cf1aab13-2e9c-4faa-9280-0bec0377884a","judge_me_reviews_preview_badge_Yr7KGj"],"custom_css":[".product-form__image {grid-column: 1\/3; border-radius: 8px; overflow: hidden;}"],"settings":{"show_vendor":false,"show_sku":false,"show_taxes_included":false,"show_product_rating":true,"show_variant_filter":true,"show_sticky_add_to_cart":true,"show_share_buttons":false,"heading":"","heading_alignment":"left","video_style":"square","help_page":"","enable_video_autoplay":true,"enable_video_looping":false,"enable_image_zoom":true,"show_thumbnails_on_mobile":false,"desktop_thumbnails_position":"left","transition_effect":"slide","show_ppl_txt":true,"bought_people":"{{ product.metafields.custom.people_bought.value }}"}},"09f27b8b-e209-4677-8799-93fa016d430c":{"type":"custom-product-description","settings":{"subheading":"","title":"","liquid":"","scrollid":"details","add_vertical_spacing":true,"background_type":"full_width","background":"rgba(0,0,0,0)","text_color":"rgba(0,0,0,0)"}},"5da3b2a0-4297-43c5-9831-cff335312998":{"type":"gallery","blocks":{"template--16781155795173__5da3b2a0-4297-43c5-9831-cff335312998-image-1":{"type":"image","settings":{"image_by_url":"{{ product.metafields.my_fields.test_benefit_url.value }}","caption":"","link_url":""}},"template--16781155795173__5da3b2a0-4297-43c5-9831-cff335312998-image-2":{"type":"image","settings":{"image_by_url":"{{ product.metafields.my_fields.after_atc_benefit2_url.value }}","caption":"","link_url":""}},"template--16781155795173__5da3b2a0-4297-43c5-9831-cff335312998-image-3":{"type":"image","settings":{"image_by_url":"{{ product.metafields.my_fields.after_atc_benefit3_url.value }}","caption":"","link_url":""}}},"block_order":["template--16781155795173__5da3b2a0-4297-43c5-9831-cff335312998-image-1","template--16781155795173__5da3b2a0-4297-43c5-9831-cff335312998-image-2","template--16781155795173__5da3b2a0-4297-43c5-9831-cff335312998-image-3"],"settings":{"subheading":"","title":"{{ product.metafields.custom.after_atc_benefit_heading.value }}","custom_class":"","scrollid":"benefits","show_arrows":false,"column_alignment":"left","background":"rgba(0,0,0,0)","text_color":"rgba(0,0,0,0)"}},"a215ff1a-38a8-4b1b-8bd3-b69cdb2cef7a":{"type":"gallery","blocks":{"6115188f-9920-494d-8196-d60f31136782":{"type":"image","settings":{"image_by_url":"{{ product.metafields.my_fields.ingredients1_url.value }}","caption":"","link_url":""}},"2c0bb11a-64d2-48f0-b874-1c283b236943":{"type":"image","settings":{"image_by_url":"{{ product.metafields.my_fields.ingredients2_url.value }}","caption":"","link_url":""}},"6640c4db-4552-4e45-9db0-5f92fe31bc87":{"type":"image","settings":{"image_by_url":"{{ product.metafields.my_fields.ingredients3_url.value }}","caption":"","link_url":""}}},"block_order":["6115188f-9920-494d-8196-d60f31136782","2c0bb11a-64d2-48f0-b874-1c283b236943","6640c4db-4552-4e45-9db0-5f92fe31bc87"],"settings":{"subheading":"","title":"{{ product.metafields.custom.ingredients_heading.value }}","custom_class":"","scrollid":"ingredients","show_arrows":false,"column_alignment":"left","background":"rgba(0,0,0,0)","text_color":"rgba(0,0,0,0)"}},"d0b06a06-ad44-4bb5-9762-d11edb6f3a73":{"type":"custom-product-consumer-study","settings":{"subheading":"","title":"Consumer Study*","liquid":"","scrollid":"consumer-study","add_vertical_spacing":false,"column_alignment":"left","background_type":"full_width","background":"rgba(0,0,0,0)","text_color":"rgba(0,0,0,0)"}},"623f8350-d409-484b-b471-535f2af3ef35":{"type":"multi-column","blocks":{"template--16770957410533__623f8350-d409-484b-b471-535f2af3ef35-1685624962584c3a91-0":{"type":"item","settings":{"image_by_url":"{{ product.metafields.my_fields.ingredients1_url.value }}","image_width":100,"image_border":"rgba(0,0,0,0)","image_background":"rgba(0,0,0,0)","title":"","content":"","link_text":"","link_url":"","link_style":"link","text_alignment":"center","vertical_alignment":"start"}},"template--16770957410533__623f8350-d409-484b-b471-535f2af3ef35-1685624962584c3a91-1":{"type":"item","settings":{"image_by_url":"{{ product.metafields.my_fields.ingredients2_url.value }}","image_width":100,"image_border":"rgba(0,0,0,0)","image_background":"rgba(0,0,0,0)","title":"","content":"","link_text":"","link_url":"","link_style":"link","text_alignment":"center","vertical_alignment":"start"}},"template--16770957410533__623f8350-d409-484b-b471-535f2af3ef35-1685624962584c3a91-2":{"type":"item","settings":{"image_by_url":"{{ product.metafields.my_fields.ingredients3_url.value }}","image_width":100,"image_border":"rgba(0,0,0,0)","image_background":"rgba(0,0,0,0)","title":"","content":"","link_text":"","link_url":"","link_style":"link","text_alignment":"center","vertical_alignment":"start"}}},"block_order":["template--16770957410533__623f8350-d409-484b-b471-535f2af3ef35-1685624962584c3a91-0","template--16770957410533__623f8350-d409-484b-b471-535f2af3ef35-1685624962584c3a91-1","template--16770957410533__623f8350-d409-484b-b471-535f2af3ef35-1685624962584c3a91-2"],"disabled":true,"settings":{"reveal_on_scroll":false,"stack_items":false,"subheading":"","title":"{{ product.metafields.custom.ingredients_heading.value }}","content":"","button_text":"","button_link":"","scrollid":"ingredients","custom_class":"","column_alignment":"left","mobile_item_size":"medium","desktop_item_size":"large","spacing":"normal","background":"rgba(0,0,0,0)","text_color":"rgba(0,0,0,0)"}},"97ede6cf-f1c4-4290-9b14-db058467d218":{"type":"logo-list","blocks":{"template--16770957410533__97ede6cf-f1c4-4290-9b14-db058467d218-1685625358ac61ae57-0":{"type":"logo","settings":{"logo":"shopify:\/\/shop_images\/Salicylic-Acid-2_351f2184-003e-48b4-86cf-38d253b79ad0.jpg","link":""}},"template--16770957410533__97ede6cf-f1c4-4290-9b14-db058467d218-1685625358ac61ae57-1":{"type":"logo","settings":{"logo":"shopify:\/\/shop_images\/Glycolic-Acid-3.jpg","link":""}},"template--16770957410533__97ede6cf-f1c4-4290-9b14-db058467d218-1685625358ac61ae57-2":{"type":"logo","settings":{"logo":"shopify:\/\/shop_images\/Lactic-Acid-2_f67e070a-a1fc-4f6a-a483-e90f7275e3fa.jpg","link":""}},"template--16770957410533__97ede6cf-f1c4-4290-9b14-db058467d218-1685625358ac61ae57-3":{"type":"logo","settings":{"logo":"shopify:\/\/shop_images\/Glycolic-Acid-3.jpg","link":""}},"template--16770957410533__97ede6cf-f1c4-4290-9b14-db058467d218-1685625358ac61ae57-4":{"type":"logo","disabled":true,"settings":{"link":""}},"template--16770957410533__97ede6cf-f1c4-4290-9b14-db058467d218-1685625358ac61ae57-5":{"type":"logo","disabled":true,"settings":{"link":""}}},"block_order":["template--16770957410533__97ede6cf-f1c4-4290-9b14-db058467d218-1685625358ac61ae57-0","template--16770957410533__97ede6cf-f1c4-4290-9b14-db058467d218-1685625358ac61ae57-1","template--16770957410533__97ede6cf-f1c4-4290-9b14-db058467d218-1685625358ac61ae57-2","template--16770957410533__97ede6cf-f1c4-4290-9b14-db058467d218-1685625358ac61ae57-3","template--16770957410533__97ede6cf-f1c4-4290-9b14-db058467d218-1685625358ac61ae57-4","template--16770957410533__97ede6cf-f1c4-4290-9b14-db058467d218-1685625358ac61ae57-5"],"disabled":true,"settings":{"reveal_on_scroll":false,"subheading":"","title":"Key Ingredients","button_text":"","button_link":"","custom_class":"","stack_logos":false,"background":"rgba(0,0,0,0)","text_color":"rgba(0,0,0,0)","button_background":"rgba(0,0,0,0)","button_text_color":"rgba(0,0,0,0)","logo_background":"rgba(0,0,0,0)"}},"aa16e821-60f8-4c9d-9689-693dd166c5db":{"type":"custom-product-upper-faqs","settings":{"subheading":"Your subheading","title":"Your title","liquid":"<p style=\"text-align: center\">Write or copy\/paste Liquid code<\/p>","add_vertical_spacing":true,"background_type":"full_width","background":"rgba(0,0,0,0)","text_color":"rgba(0,0,0,0)"}},"5c12d3aa-e15a-4f45-84d4-a878ec0f29dd":{"type":"featured-product","blocks":{"template--16776545501413__5c12d3aa-e15a-4f45-84d4-a878ec0f29dd-168662875241938497-0":{"type":"variant_picker","settings":{"hide_sold_out_variants":false,"selector_mode":"block","color_mode":"color","variant_image_options":"","size_chart_page":""}},"template--16776545501413__5c12d3aa-e15a-4f45-84d4-a878ec0f29dd-168662875241938497-2":{"type":"buy_buttons","settings":{"show_payment_button":true,"show_gift_card_recipient":false,"atc_button_background":"rgba(0,0,0,0)","atc_button_text_color":"rgba(0,0,0,0)","buy_now_button_background":"rgba(0,0,0,0)","buy_now_button_text_color":"rgba(0,0,0,0)"}}},"block_order":["template--16776545501413__5c12d3aa-e15a-4f45-84d4-a878ec0f29dd-168662875241938497-0","template--16776545501413__5c12d3aa-e15a-4f45-84d4-a878ec0f29dd-168662875241938497-2"],"settings":{"product":"{{ product.metafields.custom.featured_product_final.value }}","subheading":"","title":"For best results, try our kit","scrollid":"kits","show_vendor":false,"show_sku":false,"show_taxes_included":false,"show_product_rating":true,"show_share_buttons":false,"help_page":"","enable_video_autoplay":true,"enable_video_looping":false,"enable_image_zoom":true,"show_thumbnails_on_mobile":false,"column_alignment":"left","desktop_thumbnails_position":"left","transition_effect":"slide","background":"#1a1a1a","text_color":"#ffffff"}},"262a7eb7-efee-4d59-b1ec-c96bd8bd0d43":{"type":"custom-product-lower-faqs","settings":{"subheading":"","title":"FAQs","liquid":"<p>style=\"text-align: left\">Write or copy\/paste Liquid code<\/p>","scrollid":"faqs","add_vertical_spacing":true,"background_type":"full_width","background":"rgba(0,0,0,0)","text_color":"rgba(0,0,0,0)"}},"94136486-a72b-4490-ad16-bb47562110bb":{"type":"faq","blocks":{"template--16770957410533__94136486-a72b-4490-ad16-bb47562110bb-16856248028b819cf3-0":{"type":"category","disabled":true,"settings":{"title":"Additional Information"}},"template--16770957410533__94136486-a72b-4490-ad16-bb47562110bb-16856248028b819cf3-1":{"type":"question","settings":{"title":"How to use?","answer":"<p>{{ product.metafields.my_fields.additional_information | metafield_tag }}<\/p>"}},"template--16770957410533__94136486-a72b-4490-ad16-bb47562110bb-16856248028b819cf3-2":{"type":"question","settings":{"title":"Pilgrim Code","answer":"<p>It depends on where you are. Orders processed here will take 5-7 business days to arrive. Overseas deliveries can take anywhere from 7-16 days. Delivery details will be provided in your confirmation email.<\/p>"}},"template--16770957410533__94136486-a72b-4490-ad16-bb47562110bb-16856248028b819cf3-3":{"type":"category","disabled":true,"settings":{"title":"Other"}},"template--16770957410533__94136486-a72b-4490-ad16-bb47562110bb-16856248028b819cf3-4":{"type":"question","disabled":true,"settings":{"title":"Any question?","answer":"<p>You can contact us through our contact page! We will be happy to assist you.<\/p>"}}},"block_order":["template--16770957410533__94136486-a72b-4490-ad16-bb47562110bb-16856248028b819cf3-0","template--16770957410533__94136486-a72b-4490-ad16-bb47562110bb-16856248028b819cf3-1","template--16770957410533__94136486-a72b-4490-ad16-bb47562110bb-16856248028b819cf3-2","template--16770957410533__94136486-a72b-4490-ad16-bb47562110bb-16856248028b819cf3-3","template--16770957410533__94136486-a72b-4490-ad16-bb47562110bb-16856248028b819cf3-4"],"disabled":true,"settings":{"show_navigation":false,"title":"","content":"","background":"rgba(0,0,0,0)","text_color":"rgba(0,0,0,0)"}},"9be671b2-9559-4b76-8772-beb1498be68e":{"type":"faq","blocks":{"template--16770957410533__9be671b2-9559-4b76-8772-beb1498be68e-16856248028b819cf3-0":{"type":"category","settings":{"title":"Shipping"}},"template--16770957410533__9be671b2-9559-4b76-8772-beb1498be68e-16856248028b819cf3-1":{"type":"question","settings":{"title":"Do you ship overseas?","answer":"<p>Yes, we ship all over the world. Shipping costs will apply, and will be added at checkout. We run discounts and promotions all year, so stay tuned for exclusive deals.<\/p>"}},"template--16770957410533__9be671b2-9559-4b76-8772-beb1498be68e-16856248028b819cf3-2":{"type":"question","settings":{"title":"How long will it take to get my order?","answer":"<p>It depends on where you are. Orders processed here will take 5-7 business days to arrive. Overseas deliveries can take anywhere from 7-16 days. Delivery details will be provided in your confirmation email.<\/p>"}},"template--16770957410533__9be671b2-9559-4b76-8772-beb1498be68e-16856248028b819cf3-3":{"type":"category","settings":{"title":"Other"}},"template--16770957410533__9be671b2-9559-4b76-8772-beb1498be68e-16856248028b819cf3-4":{"type":"question","settings":{"title":"Any question?","answer":"<p>You can contact us through our contact page! We will be happy to assist you.<\/p>"}}},"block_order":["template--16770957410533__9be671b2-9559-4b76-8772-beb1498be68e-16856248028b819cf3-0","template--16770957410533__9be671b2-9559-4b76-8772-beb1498be68e-16856248028b819cf3-1","template--16770957410533__9be671b2-9559-4b76-8772-beb1498be68e-16856248028b819cf3-2","template--16770957410533__9be671b2-9559-4b76-8772-beb1498be68e-16856248028b819cf3-3","template--16770957410533__9be671b2-9559-4b76-8772-beb1498be68e-16856248028b819cf3-4"],"disabled":true,"settings":{"show_navigation":false,"title":"FAQ","content":"","background":"rgba(0,0,0,0)","text_color":"rgba(0,0,0,0)"}},"1685624426e50daef2":{"type":"apps","settings":{"include_horizontal_margins":true,"include_vertical_margins":false}},"product-recommendations":{"type":"product-recommendations","disabled":true,"settings":{"subheading":"","title":"You may also like","recommendations_count":4,"column_alignment":"left","background":"rgba(0,0,0,0)","text_color":"rgba(0,0,0,0)"}},"82385638-8b2a-4052-a699-b7ac6936770e":{"type":"custom-liquid","disabled":true,"settings":{"subheading":"Your subheading","title":"Your title","liquid":"{{product.metafields.shopify--discovery--product_recommendation.complementary_products}}","add_vertical_spacing":true,"background_type":"full_width","background":"rgba(0,0,0,0)","text_color":"rgba(0,0,0,0)"}},"product-content":{"type":"product-content","blocks":{"5022d14b-5ff3-4e2d-8da5-549ef2fad8d7":{"type":"liquid","disabled":true,"settings":{"title":"What Makes it special","liquid":"{{product.metafields.custom.what_makes_it_special}}"}},"description":{"type":"description","disabled":true,"settings":{}},"3d8cf186-8ce4-4bdc-a7f3-aaf378087b9e":{"type":"content","disabled":true,"settings":{"title":"Additional Information","content":"<p>{{ product.metafields.my_fields.additional_information | metafield_tag }}<\/p>","page":""}},"daaf3139-9f44-435f-8de0-7d45e16c95f3":{"type":"content","disabled":true,"settings":{"title":"How to use?","content":"<p>{{ product.metafields.my_fields.how_to_use | metafield_tag }}<\/p>","page":""}},"ab8173f6-b2e0-435e-9716-092c26816cc4":{"type":"liquid","disabled":true,"settings":{"title":"Targets concerns such as","liquid":"{{product.metafields.custom.target_skin_concerns}}"}},"57c01ae2-1931-4941-afb6-ff7dcf20c11e":{"type":"content","disabled":true,"settings":{"title":"Safety","content":"<p>{{ product.metafields.custom.product_safety_instructions | metafield_tag }}<\/p>","page":""}},"1de4eff5-e298-4024-8161-0199f79b3a00":{"type":"trust","disabled":true,"settings":{"icon_1":"picto-customer-support","title_1":"Shipping & Returns","content_1":"<p>Add text about your shipping policy<\/p>","icon_2":"picto-warranty","title_2":"Warranty","content_2":"<p>Add text about your product warranty<\/p>","icon_3":"picto-secure-payment","title_3":"Secure Payment","content_3":"<p>Add text about your payment<\/p>"}},"1862bcfc-1afc-48c2-bb8f-ec20b51be304":{"type":"content","disabled":true,"settings":{"title":"","content":"<p>{{ product.metafields.custom.target_skin_concerns | metafield_tag }}<\/p>","page":""}},"9d527bc5-56ef-45ea-8146-e7b2cf6d1842":{"type":"complementary_products","settings":{"title":"Buy It With"}}},"block_order":["5022d14b-5ff3-4e2d-8da5-549ef2fad8d7","description","3d8cf186-8ce4-4bdc-a7f3-aaf378087b9e","daaf3139-9f44-435f-8de0-7d45e16c95f3","ab8173f6-b2e0-435e-9716-092c26816cc4","57c01ae2-1931-4941-afb6-ff7dcf20c11e","1de4eff5-e298-4024-8161-0199f79b3a00","1862bcfc-1afc-48c2-bb8f-ec20b51be304","9d527bc5-56ef-45ea-8146-e7b2cf6d1842"],"disabled":true,"settings":{}},"product_complementary_pieLFk":{"type":"product-complementary","settings":{"subheading":"","title":"Similar Products","recommendations_count":8,"column_alignment":"left","background":"rgba(0,0,0,0)","text_color":"rgba(0,0,0,0)"}},"product_comparison_table_9wqFLB":{"type":"product-comparison-table","settings":{}},"1726226144a4b40ec4":{"type":"apps","blocks":{"judge_me_reviews_review_widget_qTMUEc":{"type":"shopify:\/\/apps\/judge-me-reviews\/blocks\/review_widget\/61ccd3b1-a9f2-4160-9fe9-4fec8413e5d8","settings":{}}},"block_order":["judge_me_reviews_review_widget_qTMUEc"],"settings":{"include_horizontal_margins":true,"include_vertical_margins":true}},"recently_viewed_products_npPYdi":{"type":"recently-viewed-products","settings":{"subheading":"","title":"Continue Browsing","products_count":4,"background":"rgba(0,0,0,0)","text_color":"rgba(0,0,0,0)"}},"product_breadcrumb_ncJiDV":{"type":"product-breadcrumb","settings":{}}},"order":["099648bb-9177-4c83-93f0-098eac5b225a","main","09f27b8b-e209-4677-8799-93fa016d430c","5da3b2a0-4297-43c5-9831-cff335312998","a215ff1a-38a8-4b1b-8bd3-b69cdb2cef7a","d0b06a06-ad44-4bb5-9762-d11edb6f3a73","623f8350-d409-484b-b471-535f2af3ef35","97ede6cf-f1c4-4290-9b14-db058467d218","aa16e821-60f8-4c9d-9689-693dd166c5db","5c12d3aa-e15a-4f45-84d4-a878ec0f29dd","262a7eb7-efee-4d59-b1ec-c96bd8bd0d43","94136486-a72b-4490-ad16-bb47562110bb","9be671b2-9559-4b76-8772-beb1498be68e","1685624426e50daef2","product-recommendations","82385638-8b2a-4052-a699-b7ac6936770e","product-content","product_complementary_pieLFk","product_comparison_table_9wqFLB","1726226144a4b40ec4","recently_viewed_products_npPYdi","product_breadcrumb_ncJiDV"]}