{"imageName":"preloaderapp.gif","imageOpacity":100,"fadingIn":0.5,"fadingOut":0.5,"staticDuration":1,"r":1,"g":1,"b":69,"a":1,"isBackground":false,"onceOnly":false,"unit":"percent","unitPercent":"20","unitPixel":"300","mobile":true,"tablet":true,"desktop":true,"installationDate":"Thu Jul 14 2022 07:06:00 GMT+0530 (India Standard Time)","reviewState":"dismissed","fadeInExcludedClasses":"js-,cart,ajax,toggle","customCode":"","watermark":false,"templatesEnabled":[],"allPages":true,"preset":"preset_0","langId":"en"}