{"type":"footer","name":"Footer group","sections":{"footer":{"type":"footer","blocks":{"links":{"type":"links","settings":{"menu":"footer"}},"links_QLiFa9":{"type":"links","settings":{"menu":"footer-important-links-menu"}},"links_6RmCY6":{"type":"links","settings":{"menu":"pilgrim-merchandise"}},"social_media":{"type":"social_media","settings":{"title":"You'll love us here","content":""}},"newsletter":{"type":"newsletter","disabled":true,"settings":{"title":"Join #PilgrimTribe","content":"<p>Unlock Beauty Secrets, Exclusive Offers, and More. <\/p>"}}},"block_order":["links","links_QLiFa9","links_6RmCY6","social_media","newsletter"],"settings":{"show_payment_icons":true,"enable_follow_on_shop":false,"show_country_selector":false,"show_locale_selector":true}}},"order":["footer"]}