{"type":"custom.overlay","name":"Overlay group","sections":{"newsletter-popup":{"type":"newsletter-popup","disabled":true,"settings":{"apparition_delay":5,"show_only_on_index":true,"show_only_for_visitors":false,"show_only_once":true,"image_position":"left","title":"🎫 Early Access ticket","content":"<p>Subscribe to get early access for our biggest flash sale ever.<\/p>"}},"newsletter_upvote_popup_7Br4D7":{"type":"newsletter-upvote-popup","disabled":true,"settings":{"apparition_delay":5,"show_only_on_index":true,"show_only_for_visitors":true,"show_only_once":true,"image_position":"left","title":"Your vote counts!","content":""}},"privacy-banner":{"type":"privacy-banner","disabled":true,"settings":{"cookie_bar_title":"Cookie policy","cookie_bar_content":"<p>I agree to the processing of my data in accordance with the conditions set out in the policy of Privacy.<\/p>"}}},"order":["newsletter-popup","newsletter_upvote_popup_7Br4D7","privacy-banner"]}