{"sections":{"16485587154c3b17c5":{"type":"slider","blocks":{"1648558715502cf48f-0":{"type":"slider_item","settings":{"background":"shopify:\/\/shop_images\/Tea-Tree-New-LaunchHomepage-Banner-2-1920x550.jpg","mb_background":"shopify:\/\/shop_images\/Tea-Tree-New-Launch-Homepage-Banner-800x1000.jpg","image_alignment":"center","content_in_container":false,"content_position":"center middle","text_alignment":"center","text_size":"medium","text_color":"black","subheading":"","title":"","description":"","image_link":"shopify:\/\/collections\/secrets-of-a-beauty-australia","banner_name":"Banner Name 1","banner_category":"Banner Category 1","banner_offer":"Banner Offer 1","button_text":"","button_link":"","button_style":"sf__btn-primary","button_size":"","show_footer":false,"footer_alignment":"end","footer_text":"New Collection","footer_button":"Shop Now","footer_link":""}},"6d01287b-cda0-4301-bfb4-2344db856598":{"type":"slider_item","disabled":true,"settings":{"background":"shopify:\/\/shop_images\/Super-Serums-Homepage-Banner-1920x520_6a591f46-feac-4639-88c1-5e9844fb9986.jpg","mb_background":"shopify:\/\/shop_images\/Super-Serums-Homepage-Banner-800x1000_42dc1fdf-397e-4377-96f5-a3ce069700d1.jpg","image_alignment":"center","content_in_container":false,"content_position":"center middle","text_alignment":"center","text_size":"medium","text_color":"black","subheading":"","title":"","description":"","image_link":"shopify:\/\/collections\/face-serums","banner_name":"","banner_category":"","banner_offer":"","button_text":"","button_link":"","button_style":"sf__btn-primary","button_size":"","show_footer":false,"footer_alignment":"end","footer_text":"","footer_button":"","footer_link":""}},"c1a7b43c-f208-4c1f-b346-63c6c902a911":{"type":"slider_item","disabled":true,"settings":{"background":"shopify:\/\/shop_images\/Pilgrim-Birthday-Bash-Sale-B1G1-FREE-Homepage-Banner-1920x520_1_1.jpg","mb_background":"shopify:\/\/shop_images\/Pilgrim-Birthday-Bash-Sale-B1G1-FREE-Homepage-Banner-800x1000_1_1.jpg","image_alignment":"center","content_in_container":false,"content_position":"center middle","text_alignment":"center","text_size":"medium","text_color":"black","subheading":"","title":"","description":"","image_link":"#","banner_name":"","banner_category":"","banner_offer":"","button_text":"","button_link":"","button_style":"sf__btn-primary","button_size":"","show_footer":false,"footer_alignment":"end","footer_text":"New Collection","footer_button":"Shop Now","footer_link":""}},"d1475f15-a396-4142-a7d5-ae3ccdab1bae":{"type":"video_slide","disabled":true,"settings":{"video":"https:\/\/cdn.shopify.com\/s\/files\/1\/0620\/1629\/1045\/files\/10000000_4741556332566860_2433538004069085963_n.mp4?","content_in_container":false,"content_position":"center middle","text_alignment":"center","text_size":"medium","text_color":"black","subheading":"","title":"","description":"","image_link":"","button_text":"","button_link":"","button_style":"sf__btn-primary","button_size":"","show_footer":false,"footer_alignment":"end","footer_text":"New Collection","footer_button":"Shop Now","footer_link":""}},"ddd9f1b6-1770-486c-ae62-2948dbad68d1":{"type":"slider_item","disabled":true,"settings":{"background":"shopify:\/\/shop_images\/Silky-Hair-Essentials-Homepage-Banner-1920x520.jpg","mb_background":"shopify:\/\/shop_images\/Silky-Hair-Essentials-Homepage-Banner-800x1000.jpg","image_alignment":"center","content_in_container":false,"content_position":"center middle","text_alignment":"center","text_size":"medium","text_color":"black","subheading":"","title":"","description":"","image_link":"shopify:\/\/collections\/hair-care","banner_name":"","banner_category":"","banner_offer":"","button_text":"","button_link":"","button_style":"sf__btn-primary","button_size":"","show_footer":false,"footer_alignment":"end","footer_text":"New Collection","footer_button":"Shop Now","footer_link":""}}},"block_order":["1648558715502cf48f-0","6d01287b-cda0-4301-bfb4-2344db856598","c1a7b43c-f208-4c1f-b346-63c6c902a911","d1475f15-a396-4142-a7d5-ae3ccdab1bae","ddd9f1b6-1770-486c-ae62-2948dbad68d1"],"settings":{"container":"w-full","slideshow_height":"adapt","show_overlay":false,"dots_position":"bottom","dots_color":"dark","show_dots":true,"show_arrows":false,"autorotate":false,"autorotate_speed":5,"use_content_above":false,"custom_class":""}},"162251092958fcda7c":{"type":"product-tabs","blocks":{"162251092958fcda7c-0":{"type":"tab","settings":{"title":"best sellers","collection":"bestsellers"}},"162251092958fcda7c-1":{"type":"tab","settings":{"title":"new arrivals","collection":"new-launch"}},"ca2d4551-2c7d-4127-8e24-a66b44e4ece8":{"type":"tab","settings":{"title":"trending now","collection":"trending-now"}}},"block_order":["162251092958fcda7c-0","162251092958fcda7c-1","ca2d4551-2c7d-4127-8e24-a66b44e4ece8"],"settings":{"heading":"You are in","subheading":"","description":"","header_alignment":"center","container":"container","background_color":"rgba(0,0,0,0)","tab_header":"select","limit":5,"show_button":true,"button_type":"load","button_label":"Load More","button_style":"sf__btn-link","button_size":"","pcard_layout":"4","pcard_image_ratio":"4\/3","show_vendor":false,"items_per_row":5,"item_gap":30,"enable_slider":true,"show_navigation":false,"show_pagination":false,"use_scroll_mobile":true,"item_gap_mobile":16,"custom_class":""}},"16485551021516ca95":{"type":"featured-product","disabled":true,"settings":{"container":"container","featured_product":"squalane-roll-on-under-eye-serum","column_gap":100,"column_gap_mobile":30,"image_placement":"left","show_thumbnails":false,"show_quantity_selector":true,"enable_payment_button":true,"show_share_buttons":false,"custom_class":""}},"164846421547354421":{"type":"brands-list","blocks":{"164846421594669467-0":{"type":"image","settings":{"image":"shopify:\/\/shop_images\/Hair-Care-500x500.png","image_by_url":"","image_link":"shopify:\/\/collections\/hair-care","max_width":"150px"}},"164846421594669467-1":{"type":"image","settings":{"image":"shopify:\/\/shop_images\/Face-Care-500x500.png","image_by_url":"","image_link":"shopify:\/\/collections\/face-care","max_width":"150px"}},"164846421594669467-2":{"type":"image","settings":{"image":"shopify:\/\/shop_images\/Lip-Care-500x500.png","image_by_url":"","image_link":"shopify:\/\/collections\/lip-care","max_width":"150px"}},"0494a7af-00ac-4367-a015-ab660499d67d":{"type":"image","settings":{"image":"shopify:\/\/shop_images\/Squalane-500x500.png","image_by_url":"","image_link":"shopify:\/\/collections\/secrets-of-seville","max_width":"150px"}},"164846421594669467-3":{"type":"image","settings":{"image":"shopify:\/\/shop_images\/K-Beauty-500x500.png","image_by_url":"","image_link":"shopify:\/\/collections\/secrets-of-jeju-island","max_width":"150px"}},"6070f70f-3e44-4af4-b8fd-ef1e14193745":{"type":"image","settings":{"image":"shopify:\/\/shop_images\/Niacinamide-500x500.png","image_by_url":"","image_link":"shopify:\/\/collections\/clarifying-niacinamide","max_width":"150px"}},"2a677aa7-fe8a-4917-98f9-0af4d84b240d":{"type":"image","settings":{"image":"shopify:\/\/shop_images\/Anti-Ageing-500x500.png","image_by_url":"","image_link":"shopify:\/\/collections\/anti-ageing","max_width":"150px"}},"458f6330-d262-4806-877d-cd2fc9ffab52":{"type":"image","settings":{"image":"shopify:\/\/shop_images\/Retinol-500x500.png","image_by_url":"","image_link":"shopify:\/\/collections\/renew-with-retinol","max_width":"150px"}},"93aac76e-d913-461a-8c87-902ea1525730":{"type":"image","settings":{"image":"shopify:\/\/shop_images\/Red-Vine-500x500.png","image_by_url":"","image_link":"shopify:\/\/collections\/secrets-of-vinotherapie","max_width":"150px"}},"4fbedc51-cc8a-4796-9783-55158d914c1e":{"type":"image","settings":{"image":"shopify:\/\/shop_images\/Glow-_-Brightening-500x500.png","image_by_url":"","image_link":"shopify:\/\/collections\/glow-brighetening","max_width":"150px"}}},"block_order":["164846421594669467-0","164846421594669467-1","164846421594669467-2","0494a7af-00ac-4367-a015-ab660499d67d","164846421594669467-3","6070f70f-3e44-4af4-b8fd-ef1e14193745","2a677aa7-fe8a-4917-98f9-0af4d84b240d","458f6330-d262-4806-877d-cd2fc9ffab52","93aac76e-d913-461a-8c87-902ea1525730","4fbedc51-cc8a-4796-9783-55158d914c1e"],"settings":{"heading":"Top Categories!","subheading":"","header_alignment":"center","container":"w-full","background_color":"rgba(0,0,0,0)","item_per_row":5,"enable_slider":true,"autorotate":true,"autorotate_speed":3,"custom_class":"asmentionedon"}},"16612873094015becf":{"type":"brands-list","blocks":{"1661287309469cb8d7-0":{"type":"image","settings":{"image":"shopify:\/\/shop_images\/Face-Cleansers-Shoping-Category-Banner-600x900.jpg","image_by_url":"","image_link":"shopify:\/\/collections\/face-washes","max_width":"150px"}},"1661287309469cb8d7-1":{"type":"image","settings":{"image":"shopify:\/\/shop_images\/Daily-Essentials-Shoping-Category-Banner-600x900.jpg","image_by_url":"","image_link":"shopify:\/\/collections\/daily-essentials","max_width":"150px"}},"1661287309469cb8d7-2":{"type":"image","settings":{"image":"shopify:\/\/shop_images\/Moisturizers-Shoping-Category-Banner-600x900.jpg","image_by_url":"","image_link":"shopify:\/\/collections\/day-creams","max_width":"150px"}},"1661287309469cb8d7-3":{"type":"image","settings":{"image":"shopify:\/\/shop_images\/Dermat-Approved-Skincare-Shoping-Category-Banner-600x900.jpg","image_by_url":"","image_link":"shopify:\/\/collections\/dermat-approved-skincare","max_width":"150px"}},"586f7e73-ee4f-4d51-950d-4331dfc47266":{"type":"image","settings":{"image":"shopify:\/\/shop_images\/Trending-Hair-Combos-Shoping-Category-Banner-600x900.jpg","image_by_url":"","image_link":"shopify:\/\/collections\/hair-care-rituals","max_width":"150px"}},"256dc3c5-2d05-4dad-9b02-e3ae393f186f":{"type":"image","settings":{"image":"shopify:\/\/shop_images\/Sun-Protection-Shoping-Category-Banner-600x900.jpg","image_by_url":"","image_link":"shopify:\/\/collections\/sun-protection","max_width":"150px"}},"32788641-7686-42dd-b917-6b8d79a452d2":{"type":"image","settings":{"image":"shopify:\/\/shop_images\/Budget-friendly-Skincare-Shoping-Category-Banner-600x900_1.jpg","image_by_url":"","image_link":"shopify:\/\/collections\/skincare-under-599","max_width":"150px"}},"0786e1a4-1250-4cea-aad5-8c91503b8902":{"type":"image","settings":{"image":"shopify:\/\/shop_images\/Shampoos-_-Conditioners-Shoping-Category-Banner-600x900.jpg","image_by_url":"","image_link":"shopify:\/\/collections\/damage-repair","max_width":"150px"}},"699feeba-d0d4-4d6b-9440-34bd4e859d2e":{"type":"image","settings":{"image":"shopify:\/\/shop_images\/Best-Selling-Combos-Shoping-Category-Banner-600x900.jpg","image_by_url":"","image_link":"shopify:\/\/collections\/bestselling-combos","max_width":"150px"}},"b75d235e-4dbc-4860-93dc-5caabeb97ac2":{"type":"image","settings":{"image":"shopify:\/\/shop_images\/Lip-Essentials-Shoping-Category-Banner-600x900_1.jpg","image_by_url":"","image_link":"shopify:\/\/collections\/lip-care","max_width":"150px"}},"a737e30d-d384-4c4d-8429-a81737dc810b":{"type":"image","settings":{"image":"shopify:\/\/shop_images\/Most-Talked-About-Face-Serums-Shoping-Category-Banner-600x900_1.jpg","image_by_url":"","image_link":"shopify:\/\/collections\/face-serums","max_width":"150px"}},"90544d37-9c12-48e1-aac9-504438332d29":{"type":"image","settings":{"image":"shopify:\/\/shop_images\/Night-Care-Shoping-Category-Banner-600x900_1.jpg","image_by_url":"","image_link":"shopify:\/\/collections\/night-care","max_width":"150px"}}},"block_order":["1661287309469cb8d7-0","1661287309469cb8d7-1","1661287309469cb8d7-2","1661287309469cb8d7-3","586f7e73-ee4f-4d51-950d-4331dfc47266","256dc3c5-2d05-4dad-9b02-e3ae393f186f","32788641-7686-42dd-b917-6b8d79a452d2","0786e1a4-1250-4cea-aad5-8c91503b8902","699feeba-d0d4-4d6b-9440-34bd4e859d2e","b75d235e-4dbc-4860-93dc-5caabeb97ac2","a737e30d-d384-4c4d-8429-a81737dc810b","90544d37-9c12-48e1-aac9-504438332d29"],"settings":{"heading":"Beauty Essentials","subheading":"","header_alignment":"center","container":"w-full","background_color":"#ffffff","item_per_row":6,"enable_slider":true,"autorotate":true,"autorotate_speed":3,"custom_class":""}},"1661836213761256f4":{"type":"custom-content","blocks":{"16618362121a8637e2-0":{"type":"text","settings":{"title":"The Pilgrim Code","subheading":"","text":"<p>Pilgrim is \"Clean Compatible\". Not just free of harmful and toxic chemicals but uses only those ingredients that either enhance the health of our hair & skin or support the effectiveness of formulations. <\/p>","width":"50%","alignment":"center","align_text":"center","text_size":"medium","text_color":"black","button_label":"","button_link":"","button_style":"sf__btn-primary","button_size":"","block_custom_class":""}},"16618362121a8637e2-1":{"type":"image","settings":{"image":"shopify:\/\/shop_images\/Pilgrim-Code-1080px_720x_606bce7b-f8e8-4927-b9a4-c43b7a3ad1db.png","link":"","width":"50%","alignment":"center","block_custom_class":""}}},"block_order":["16618362121a8637e2-0","16618362121a8637e2-1"],"settings":{"heading":"","subheading":"","description":"","header_alignment":"center","container":"container-fluid","background_color":"#fff7e5","gap":30,"use_scroll_mobile":false,"gap_mobile":16,"custom_class":""}},"16611883055f7db511":{"type":"slider","disabled":true,"blocks":{"166118830484af0b43-0":{"type":"slider_item","settings":{"background":"shopify:\/\/shop_images\/Refund-Homepage-Banner-2-1920x300.jpg","mb_background":"shopify:\/\/shop_images\/Refund-Homepage-Banner-2-1920x550.jpg","image_alignment":"center","content_in_container":false,"content_position":"center middle","text_alignment":"center","text_size":"medium","text_color":"black","subheading":"","title":"","description":"","image_link":"","banner_name":"","banner_category":"","banner_offer":"","button_text":"","button_link":"","button_style":"sf__btn-primary","button_size":"","show_footer":false,"footer_alignment":"end","footer_text":"New Collection","footer_button":"Shop Now","footer_link":""}}},"block_order":["166118830484af0b43-0"],"settings":{"container":"w-full","slideshow_height":"adapt","show_overlay":false,"dots_position":"bottom","dots_color":"dark","show_dots":true,"show_arrows":false,"autorotate":false,"autorotate_speed":5,"use_content_above":false,"custom_class":"flash"}},"1651754583fdd00906":{"type":"product-tabs","blocks":{"fd2811a8-3ac9-424d-80f9-c336a6c44418":{"type":"tab","settings":{"title":"Face Care Products","collection":"face-care"}},"16517545830994d5a0-0":{"type":"tab","settings":{"title":"Body Care Products","collection":"bath-body"}},"4b48c8fe-d420-4017-9ff1-4b5870e725e6":{"type":"tab","settings":{"title":"Hair Care Products","collection":"hair-care"}}},"block_order":["fd2811a8-3ac9-424d-80f9-c336a6c44418","16517545830994d5a0-0","4b48c8fe-d420-4017-9ff1-4b5870e725e6"],"settings":{"heading":"Shop from our","subheading":"","description":"These products topped the Pilgrim charts this month and are clear customer favorites!","header_alignment":"center","container":"container","background_color":"rgba(0,0,0,0)","tab_header":"select","limit":4,"show_button":true,"button_type":"load","button_label":"View all","button_style":"sf__btn-link","button_size":"","pcard_layout":"4","pcard_image_ratio":"","show_vendor":false,"items_per_row":4,"item_gap":30,"enable_slider":false,"show_navigation":true,"show_pagination":false,"use_scroll_mobile":true,"item_gap_mobile":16,"custom_class":""}},"166129414884851c44":{"type":"featured-product-slider","blocks":{"1661294148d47dd484-0":{"type":"product","settings":{"heading":"","description":"","product":"24k-gold-serum"}},"1661294148d47dd484-1":{"type":"product","settings":{"heading":"","description":"","product":"alpha-arbutin-vitamin-c-brightening-serum"}},"1661294148d47dd484-2":{"type":"product","settings":{"heading":"","description":"","product":"red-vine-face-cream-spf-30-with-vitamin-c-rosehip-oil-pa"}},"a9549743-da24-4dad-8fd4-eff3a364385d":{"type":"product","settings":{"heading":"","description":"","product":"squalane-glow-creme-serum"}},"047a87ff-5c69-452e-8d4e-9223ce9b8e84":{"type":"product","settings":{"heading":"","description":"","product":"25-aha-2-bha-5-pha-peeling-solution"}},"2aa8e849-6796-4f80-9d4f-619f0fe3d299":{"type":"product","settings":{"heading":"","description":"","product":"squalane-bubblegum-lip-serum"}},"7563f1e0-15c2-47eb-a1f6-f6f0511c5fa9":{"type":"product","settings":{"heading":"","description":"","product":"red-vine-face-serum-for-anti-ageing"}},"cdbbb893-bca9-488d-9f5e-d912b29a7e43":{"type":"product","settings":{"heading":"","description":"","product":"3-redensyl-4-anagain-hair-growth-serum-for-women"}},"446289bd-11e8-4669-bcc7-71eb994cb53b":{"type":"product","settings":{"heading":"","description":"","product":"squalane-glow-moisturizer"}},"836c45e8-e21f-40fd-802d-baa447076a4e":{"type":"product","settings":{"heading":"","description":"","product":"red-vine-night-gel-creme-with-retinol-mulberry-vit-c"}}},"block_order":["1661294148d47dd484-0","1661294148d47dd484-1","1661294148d47dd484-2","a9549743-da24-4dad-8fd4-eff3a364385d","047a87ff-5c69-452e-8d4e-9223ce9b8e84","2aa8e849-6796-4f80-9d4f-619f0fe3d299","7563f1e0-15c2-47eb-a1f6-f6f0511c5fa9","cdbbb893-bca9-488d-9f5e-d912b29a7e43","446289bd-11e8-4669-bcc7-71eb994cb53b","836c45e8-e21f-40fd-802d-baa447076a4e"],"settings":{"heading":"Top Products","subheading":"","description":"","header_alignment":"center","container":"container-fluid","background_color":"#ffffff","image_placement":"right","slide_autoplay":false,"show_navigation":true,"show_pagination":true,"autorotate_speed":5,"pcard_layout":"","pcard_alignment":"center","pcard_image_ratio":"3\/4","show_vendor":false,"custom_class":""}},"16517562945ba9e681":{"type":"slider","blocks":{"16517562941c2712d5-2":{"type":"slider_item","settings":{"background":"shopify:\/\/shop_images\/Free-Delivery-Strip-1920px_1.jpg","mb_background":"shopify:\/\/shop_images\/mobileBanner_f935c9d5-01e0-4524-93ff-74a4ea61fc06.png","image_alignment":"center","content_in_container":true,"content_position":"center middle","text_alignment":"center","text_size":"medium","text_color":"black","subheading":"","title":"","description":"","image_link":"","banner_name":"","banner_category":"","banner_offer":"","button_text":"","button_link":"","button_style":"sf__btn-primary","button_size":"","show_footer":false,"footer_alignment":"end","footer_text":"New Collection","footer_button":"Shop Now","footer_link":""}}},"block_order":["16517562941c2712d5-2"],"settings":{"container":"w-full","slideshow_height":"adapt","show_overlay":false,"dots_position":"bottom","dots_color":"dark","show_dots":true,"show_arrows":false,"autorotate":false,"autorotate_speed":5,"use_content_above":false,"custom_class":""}},"1661754135a8a2199d":{"type":"testimonials","disabled":true,"blocks":{"1661754135c6285c24-0":{"type":"testimonial","settings":{"title":"Kimaya","description":"<p>These are the best Korean Beauty Products I have ever tried. Also available at competitive prices. Recommended!<\/p>","footer":"<p>Kimaya Vartak - Fashion Blogger <\/p>","image_text":"","image_link":"","product":""}},"1661754135c6285c24-1":{"type":"testimonial","settings":{"title":"Love it so much","description":"<p>\"Short dress in a printed viscose weave with a round neckline, opening with a button at the back of the Seams with small frill trims at the waist and on the sleeves and skirt. Unlined.\"<\/p>","footer":"<p>Dean D. US<\/p>","image_text":"","image_link":"","product":""}},"1661754135c6285c24-2":{"type":"testimonial","settings":{"title":"Love it so much","description":"<p>\"Short dress in a printed viscose weave with a round neckline, opening with a button at the back of the Seams with small frill trims at the waist and on the sleeves and skirt. Unlined.\"<\/p>","footer":"<p>Dean D. US<\/p>","image_text":"","image_link":"","product":""}},"1661754135c6285c24-3":{"type":"testimonial","settings":{"title":"Love it so much","description":"<p>\"Short dress in a printed viscose weave with a round neckline, opening with a button at the back of the Seams with small frill trims at the waist and on the sleeves and skirt. Unlined.\"<\/p>","footer":"<p>Dean D. US<\/p>","image_text":"","image_link":"","product":""}},"1661754135c6285c24-4":{"type":"testimonial","settings":{"title":"Love it so much","description":"<p>\"Short dress in a printed viscose weave with a round neckline, opening with a button at the back of the Seams with small frill trims at the waist and on the sleeves and skirt. Unlined.\"<\/p>","footer":"<p>Dean D. US<\/p>","image_text":"","image_link":"","product":""}},"1661754135c6285c24-5":{"type":"testimonial","settings":{"title":"Love it so much","description":"<p>\"Short dress in a printed viscose weave with a round neckline, opening with a button at the back of the Seams with small frill trims at the waist and on the sleeves and skirt. Unlined.\"<\/p>","footer":"<p>Dean D. US<\/p>","image_text":"","image_link":"","product":""}}},"block_order":["1661754135c6285c24-0","1661754135c6285c24-1","1661754135c6285c24-2","1661754135c6285c24-3","1661754135c6285c24-4","1661754135c6285c24-5"],"settings":{"heading":"What People Are Saying","subheading":"","description":"","header_alignment":"center","container":"w-full","background_color":"","design":"testimonials-1","show_stars":true,"autorotate":false,"show_navigation":false,"show_pagination":true,"star_color":"#000000","custom_class":""}}},"order":["16485587154c3b17c5","162251092958fcda7c","16485551021516ca95","164846421547354421","16612873094015becf","1661836213761256f4","16611883055f7db511","1651754583fdd00906","166129414884851c44","16517562945ba9e681","1661754135a8a2199d"]}