{"sections":{"main":{"type":"main-not-found","disabled":true,"settings":{}},"cb748aff-b1c2-4c9f-b983-a8e4c674e841":{"type":"rich-text","settings":{"subheading":"","title":"Uh-Oh!","content":"<p>Oops, looks like you have wandered off the beauty path!<br\/><\/p><h1><br\/><strong>#404BeautyBlunder<\/strong><\/h1>","button_text":"START SHOPPING","button_link":"https:\/\/discoverpilgrim.com\/?ref=404page","background_type":"full_width","text_width":"medium","text_position":"center","text_alignment":"center","background":"rgba(0,0,0,0)","text_color":"rgba(0,0,0,0)","button_background":"rgba(0,0,0,0)","button_text_color":"rgba(0,0,0,0)"}}},"order":["main","cb748aff-b1c2-4c9f-b983-a8e4c674e841"]}