{"sections":{"collection-banner":{"type":"collection-banner","settings":{"show_collection_image":true,"show_collection_title":false,"show_collection_description":true,"section_height":"auto","text_width":"medium","image_text_color":"#ffffff","image_overlay_color":"#000000","image_overlay_opacity":0,"quick_links":""}},"main":{"type":"main-collection","settings":{"show_sort_by":true,"products_per_page":24,"mobile_products_per_row":"2","desktop_products_per_row":4,"show_filters":true,"show_filter_group_name":false,"show_color_swatch":true,"open_first_filter_group":true,"filter_position":"always_visible","promotion_position":"top","promotion_height":"small"}},"16856236138cd51c4e":{"type":"apps","blocks":{"c71daa16-8ed1-4955-84cd-8dbf47cf9dca":{"type":"shopify:\/\/apps\/searchanise-search-filter\/blocks\/app-block\/d8f24ada-02b1-458a-bbeb-5bf16d5c921e","disabled":true,"settings":{}}},"block_order":["c71daa16-8ed1-4955-84cd-8dbf47cf9dca"],"settings":{"include_horizontal_margins":true,"include_vertical_margins":true}}},"order":["collection-banner","main","16856236138cd51c4e"]}