{"sections":{"collection-banner":{"type":"collection-banner","disabled":true,"settings":{"show_collection_image":true,"show_collection_title":false,"show_collection_description":true,"section_height":"auto","text_width":"medium","image_text_color":"#ffffff","image_overlay_color":"#000000","image_overlay_opacity":0,"quick_links":""}},"b99ff9c4-efd9-4568-a9d7-feed4e338f6c":{"type":"logo-list","blocks":{"template--16796137259237__b99ff9c4-efd9-4568-a9d7-feed4e338f6c-logo-1":{"type":"logo","settings":{"logo":"shopify:\/\/shop_images\/Yamis-Picks-Banner-1080x1080.jpg","link":""}},"template--16796137259237__b99ff9c4-efd9-4568-a9d7-feed4e338f6c-logo-2":{"type":"logo","settings":{"logo":"shopify:\/\/shop_images\/WhatsApp_Image_2023-01-11_at_6.02.38_PM.jpg","link":""}},"template--16796137259237__b99ff9c4-efd9-4568-a9d7-feed4e338f6c-logo-3":{"type":"logo","settings":{"logo":"shopify:\/\/shop_images\/WhatsApp_Image_2023-01-11_at_6.02.37_PM.jpg","link":""}},"template--16796137259237__b99ff9c4-efd9-4568-a9d7-feed4e338f6c-logo-4":{"type":"logo","settings":{"logo":"shopify:\/\/shop_images\/WhatsApp_Image_2023-01-11_at_5.58.21_PM_1.jpg","link":""}},"template--16796137259237__b99ff9c4-efd9-4568-a9d7-feed4e338f6c-logo-5":{"type":"logo","disabled":true,"settings":{"link":""}},"template--16796137259237__b99ff9c4-efd9-4568-a9d7-feed4e338f6c-logo-6":{"type":"logo","disabled":true,"settings":{"link":""}}},"block_order":["template--16796137259237__b99ff9c4-efd9-4568-a9d7-feed4e338f6c-logo-1","template--16796137259237__b99ff9c4-efd9-4568-a9d7-feed4e338f6c-logo-2","template--16796137259237__b99ff9c4-efd9-4568-a9d7-feed4e338f6c-logo-3","template--16796137259237__b99ff9c4-efd9-4568-a9d7-feed4e338f6c-logo-4","template--16796137259237__b99ff9c4-efd9-4568-a9d7-feed4e338f6c-logo-5","template--16796137259237__b99ff9c4-efd9-4568-a9d7-feed4e338f6c-logo-6"],"disabled":true,"settings":{"reveal_on_scroll":true,"subheading":"","title":"Play and Win","button_text":"","button_link":"","stack_logos":true,"background":"rgba(0,0,0,0)","text_color":"rgba(0,0,0,0)","button_background":"rgba(0,0,0,0)","button_text_color":"rgba(0,0,0,0)","logo_background":"rgba(0,0,0,0)"}},"main":{"type":"main-collection","settings":{"show_sort_by":true,"products_per_page":24,"mobile_products_per_row":"2","desktop_products_per_row":4,"show_filters":true,"show_filter_group_name":false,"show_color_swatch":true,"open_first_filter_group":true,"filter_position":"always_visible","promotion_position":"top","promotion_height":"small"}}},"order":["collection-banner","b99ff9c4-efd9-4568-a9d7-feed4e338f6c","main"]}