{"sections":{"main":{"type":"main-page","settings":{"show_title":true,"page_width":"medium"}},"7e274d31-5cfe-4e1b-b5ce-43ac645cc980":{"type":"image-with-text","blocks":{"template--16776545403109__7e274d31-5cfe-4e1b-b5ce-43ac645cc980-16872693292f23052c-0":{"type":"item","settings":{"tab_label":"Item","subheading":"Subheading","title":"Image with text","content":"<p>Use image with text to give your customers insight into your brand. Select imagery and text that relates to your style and story.<\/p>","button_text":"","button_link":""}}},"block_order":["template--16776545403109__7e274d31-5cfe-4e1b-b5ce-43ac645cc980-16872693292f23052c-0"],"disabled":true,"settings":{"reveal_on_scroll":true,"background_type":"full_width","background_overlap":"image","image_position":"left","text_alignment":"center","cycle_speed":8,"accent_background":"rgba(0,0,0,0)","text_color":"rgba(0,0,0,0)","button_background":"rgba(0,0,0,0)","button_text_color":"rgba(0,0,0,0)"}},"7e8db022-39f3-4cbc-9300-4e78c2fcf41f":{"type":"logo-list","blocks":{"template--16794720829669__7e8db022-39f3-4cbc-9300-4e78c2fcf41f-logo-1":{"type":"logo","settings":{"logo":"shopify:\/\/shop_images\/Pilgrim-Core-Value-1_1.jpg","link":""}},"template--16794720829669__7e8db022-39f3-4cbc-9300-4e78c2fcf41f-logo-2":{"type":"logo","settings":{"logo":"shopify:\/\/shop_images\/Pilgrim-Core-Value-2_1.jpg","link":""}},"template--16794720829669__7e8db022-39f3-4cbc-9300-4e78c2fcf41f-logo-3":{"type":"logo","settings":{"logo":"shopify:\/\/shop_images\/Pilgrim-Core-Value-3_1.jpg","link":""}},"template--16794720829669__7e8db022-39f3-4cbc-9300-4e78c2fcf41f-logo-4":{"type":"logo","settings":{"logo":"shopify:\/\/shop_images\/Pilgrim-Core-Value-4_1.jpg","link":""}}},"block_order":["template--16794720829669__7e8db022-39f3-4cbc-9300-4e78c2fcf41f-logo-1","template--16794720829669__7e8db022-39f3-4cbc-9300-4e78c2fcf41f-logo-2","template--16794720829669__7e8db022-39f3-4cbc-9300-4e78c2fcf41f-logo-3","template--16794720829669__7e8db022-39f3-4cbc-9300-4e78c2fcf41f-logo-4"],"settings":{"reveal_on_scroll":true,"subheading":"","title":"Our Values","button_text":"","button_link":"","stack_logos":true,"background":"rgba(0,0,0,0)","text_color":"rgba(0,0,0,0)","button_background":"rgba(0,0,0,0)","button_text_color":"rgba(0,0,0,0)","logo_background":"rgba(0,0,0,0)"}}},"order":["main","7e274d31-5cfe-4e1b-b5ce-43ac645cc980","7e8db022-39f3-4cbc-9300-4e78c2fcf41f"]}