{"sections":{"main":{"type":"main-page","disabled":true,"settings":{"show_title":true,"page_width":"medium"}},"7e274d31-5cfe-4e1b-b5ce-43ac645cc980":{"type":"image-with-text","blocks":{"template--16776545403109__7e274d31-5cfe-4e1b-b5ce-43ac645cc980-16872693292f23052c-0":{"type":"item","settings":{"tab_label":"Item","subheading":"Subheading","title":"Image with text","content":"<p>Use image with text to give your customers insight into your brand. Select imagery and text that relates to your style and story.<\/p>","button_text":"","button_link":""}}},"block_order":["template--16776545403109__7e274d31-5cfe-4e1b-b5ce-43ac645cc980-16872693292f23052c-0"],"disabled":true,"settings":{"reveal_on_scroll":true,"background_type":"full_width","background_overlap":"image","image_position":"left","text_alignment":"center","cycle_speed":8,"accent_background":"rgba(0,0,0,0)","text_color":"rgba(0,0,0,0)","button_background":"rgba(0,0,0,0)","button_text_color":"rgba(0,0,0,0)"}},"0db9f9a3-6c0a-47e5-afcc-cb7c984e6774":{"type":"slideshow","blocks":{"template--16825137725669__0db9f9a3-6c0a-47e5-afcc-cb7c984e6774-image-1":{"type":"image","settings":{"image":"shopify:\/\/shop_images\/4th-Birthday-Sale-Ending-Today-Homepage-Banner-1920x520.jpg","mobile_image":"shopify:\/\/shop_images\/4th-Birthday-Sale-Ending-Today-Homepage-Banner-800x1000.jpg","text_position":"middle_center","subheading":"","title":"","button_1_text":"","button_1_link":"","button_2_text":"","button_2_link":"","text_color":"#ffffff","button_background":"#ffffff","button_text_color":"#000000","overlay_color":"#000000","overlay_opacity":0}},"template--16825137725669__0db9f9a3-6c0a-47e5-afcc-cb7c984e6774-image-2":{"type":"image","disabled":true,"settings":{"text_position":"middle_center","subheading":"Tell your story","title":"Slide 2","button_1_text":"","button_1_link":"","button_2_text":"","button_2_link":"","text_color":"#ffffff","button_background":"#ffffff","button_text_color":"#000000","overlay_color":"#000000","overlay_opacity":30}}},"block_order":["template--16825137725669__0db9f9a3-6c0a-47e5-afcc-cb7c984e6774-image-1","template--16825137725669__0db9f9a3-6c0a-47e5-afcc-cb7c984e6774-image-2"],"settings":{"section_height":"auto","transition_type":"sweep","autoplay":true,"cycle_speed":5,"background":"rgba(0,0,0,0)"}},"db4f69d5-17a3-4771-89f9-5a809045c9e3":{"type":"multi-column","blocks":{"template--16825137725669__db4f69d5-17a3-4771-89f9-5a809045c9e3-item-1":{"type":"item","settings":{"image":"shopify:\/\/shop_images\/Face-Care-1_b0490013-1dee-41f0-af5c-d6ab372f6896.png","image_width":100,"image_border":"rgba(0,0,0,0)","title":"","content":"","link_text":"","link_url":"","link_style":"link","text_alignment":"center","vertical_alignment":"start"}},"b605088e-ff1b-4efe-8d34-fa11de0a92ee":{"type":"item","settings":{"image":"shopify:\/\/shop_images\/Face-Care-1_b0490013-1dee-41f0-af5c-d6ab372f6896.png","image_width":100,"image_border":"rgba(0,0,0,0)","title":"","content":"","link_text":"","link_url":"","link_style":"link","text_alignment":"center","vertical_alignment":"start"}},"94aac99a-c932-4bbb-bdf9-bbe922f6bf6b":{"type":"item","settings":{"image":"shopify:\/\/shop_images\/Face-Care-1_b0490013-1dee-41f0-af5c-d6ab372f6896.png","image_width":100,"image_border":"rgba(0,0,0,0)","title":"","content":"","link_text":"","link_url":"","link_style":"link","text_alignment":"center","vertical_alignment":"start"}},"ff7bdfad-4ca5-421f-b12f-a1a3deced2ee":{"type":"item","settings":{"image":"shopify:\/\/shop_images\/Face-Care-1_b0490013-1dee-41f0-af5c-d6ab372f6896.png","image_width":100,"image_border":"rgba(0,0,0,0)","title":"","content":"","link_text":"","link_url":"","link_style":"link","text_alignment":"center","vertical_alignment":"start"}},"b7b236c2-b7c7-4c9f-ab80-4eaa02442330":{"type":"item","settings":{"image":"shopify:\/\/shop_images\/Hair-Care-3_cacab0e7-d227-4ea7-92d1-77b99f99dc1e.png","image_width":100,"image_border":"rgba(0,0,0,0)","title":"","content":"","link_text":"","link_url":"","link_style":"link","text_alignment":"center","vertical_alignment":"start"}},"dfb88fa5-a576-432f-944d-b190222a68cb":{"type":"item","settings":{"image":"shopify:\/\/shop_images\/Hair-Care-3_cacab0e7-d227-4ea7-92d1-77b99f99dc1e.png","image_width":100,"image_border":"rgba(0,0,0,0)","title":"","content":"","link_text":"","link_url":"","link_style":"link","text_alignment":"center","vertical_alignment":"start"}}},"block_order":["template--16825137725669__db4f69d5-17a3-4771-89f9-5a809045c9e3-item-1","b605088e-ff1b-4efe-8d34-fa11de0a92ee","94aac99a-c932-4bbb-bdf9-bbe922f6bf6b","ff7bdfad-4ca5-421f-b12f-a1a3deced2ee","b7b236c2-b7c7-4c9f-ab80-4eaa02442330","dfb88fa5-a576-432f-944d-b190222a68cb"],"settings":{"reveal_on_scroll":true,"stack_items":true,"subheading":"","title":"","content":"","column_alignment":"center","mobile_item_size":"small","desktop_item_size":"small","spacing":"tight","background":"rgba(0,0,0,0)","text_color":"rgba(0,0,0,0)"}}},"order":["main","7e274d31-5cfe-4e1b-b5ce-43ac645cc980","0db9f9a3-6c0a-47e5-afcc-cb7c984e6774","db4f69d5-17a3-4771-89f9-5a809045c9e3"]}