{"sections":{"main":{"type":"main-product","blocks":{"variant_picker":{"type":"variant_picker","settings":{"hide_sold_out_variants":false,"selector_mode":"block","color_mode":"color","size_chart_page":""}},"quantity_selector":{"type":"quantity_selector","settings":{}},"buy_buttons":{"type":"buy_buttons","settings":{"show_payment_button":false,"show_gift_card_recipient":false,"atc_button_background":"rgba(0,0,0,0)","atc_button_text_color":"rgba(0,0,0,0)","buy_now_button_background":"rgba(0,0,0,0)","buy_now_button_text_color":"rgba(0,0,0,0)"}},"63a91f5b-8de0-4a57-982d-0fdb489e370c":{"type":"inventory","disabled":true,"settings":{"low_inventory_threshold":0}},"7678a192-2ff4-47ab-a4db-8c6534e6a3ff":{"type":"description","disabled":true,"settings":{}},"46a92578-1af0-4e0c-8a52-33e4eabfa9de":{"type":"text","disabled":true,"settings":{"text":""}},"9057f9c6-1cb5-4b5b-889d-d95fc85e0986":{"type":"text","disabled":true,"settings":{"text":""}}},"block_order":["variant_picker","quantity_selector","buy_buttons","63a91f5b-8de0-4a57-982d-0fdb489e370c","7678a192-2ff4-47ab-a4db-8c6534e6a3ff","46a92578-1af0-4e0c-8a52-33e4eabfa9de","9057f9c6-1cb5-4b5b-889d-d95fc85e0986"],"settings":{"show_vendor":false,"show_sku":false,"show_taxes_included":false,"show_product_rating":true,"show_sticky_add_to_cart":true,"show_share_buttons":false,"help_page":"","enable_video_autoplay":true,"enable_video_looping":false,"enable_image_zoom":true,"show_thumbnails_on_mobile":false,"desktop_thumbnails_position":"left","transition_effect":"slide"}},"1685624426e50daef2":{"type":"apps","blocks":{"358b9c85-7d8f-42f4-a6a7-ded97edc5072":{"type":"shopify:\/\/apps\/judge-me-reviews\/blocks\/review_widget\/61ccd3b1-a9f2-4160-9fe9-4fec8413e5d8","settings":{}}},"block_order":["358b9c85-7d8f-42f4-a6a7-ded97edc5072"],"settings":{"include_horizontal_margins":true,"include_vertical_margins":false}},"product-recommendations":{"type":"product-recommendations","disabled":true,"settings":{"subheading":"","title":"You may also like","recommendations_count":4,"background":"rgba(0,0,0,0)","text_color":"rgba(0,0,0,0)"}},"product-content":{"type":"product-content","blocks":{"5022d14b-5ff3-4e2d-8da5-549ef2fad8d7":{"type":"liquid","disabled":true,"settings":{"title":"What Makes it special","liquid":"{{product.metafields.custom.what_makes_it_special}}"}},"description":{"type":"description","disabled":true,"settings":{}},"3d8cf186-8ce4-4bdc-a7f3-aaf378087b9e":{"type":"content","disabled":true,"settings":{"title":"Additional Information","content":"<p>{{ product.metafields.my_fields.additional_information | metafield_tag }}<\/p>","page":""}},"daaf3139-9f44-435f-8de0-7d45e16c95f3":{"type":"content","disabled":true,"settings":{"title":"How to use?","content":"<p>{{ product.metafields.my_fields.how_to_use | metafield_tag }}<\/p>","page":""}},"ab8173f6-b2e0-435e-9716-092c26816cc4":{"type":"liquid","disabled":true,"settings":{"title":"Targets concerns such as","liquid":"{{product.metafields.custom.target_skin_concerns}}"}},"57c01ae2-1931-4941-afb6-ff7dcf20c11e":{"type":"content","disabled":true,"settings":{"title":"Safety","content":"<p>{{ product.metafields.custom.product_safety_instructions | metafield_tag }}<\/p>","page":""}},"1de4eff5-e298-4024-8161-0199f79b3a00":{"type":"trust","disabled":true,"settings":{"icon_1":"picto-customer-support","title_1":"Shipping & Returns","content_1":"<p>Add text about your shipping policy<\/p>","icon_2":"picto-warranty","title_2":"Warranty","content_2":"<p>Add text about your product warranty<\/p>","icon_3":"picto-secure-payment","title_3":"Secure Payment","content_3":"<p>Add text about your payment<\/p>"}},"1862bcfc-1afc-48c2-bb8f-ec20b51be304":{"type":"content","disabled":true,"settings":{"title":"","content":"<p>{{ product.metafields.custom.target_skin_concerns | metafield_tag }}<\/p>","page":""}},"9d527bc5-56ef-45ea-8146-e7b2cf6d1842":{"type":"complementary_products","settings":{"title":"Buy It With"}}},"block_order":["5022d14b-5ff3-4e2d-8da5-549ef2fad8d7","description","3d8cf186-8ce4-4bdc-a7f3-aaf378087b9e","daaf3139-9f44-435f-8de0-7d45e16c95f3","ab8173f6-b2e0-435e-9716-092c26816cc4","57c01ae2-1931-4941-afb6-ff7dcf20c11e","1de4eff5-e298-4024-8161-0199f79b3a00","1862bcfc-1afc-48c2-bb8f-ec20b51be304","9d527bc5-56ef-45ea-8146-e7b2cf6d1842"],"disabled":true,"settings":{}}},"order":["main","1685624426e50daef2","product-recommendations","product-content"]}