{"sections":{"main":{"type":"main-product","blocks":{"variant_picker":{"type":"variant_picker","settings":{"hide_sold_out_variants":false,"selector_mode":"block","color_mode":"color","size_chart_page":""}},"quantity_selector":{"type":"quantity_selector","settings":{}},"7de10bf8-6b7f-45d0-a570-b4d481be4d35":{"type":"shopify:\/\/apps\/estimated-delivery-date-cp\/blocks\/clickpost-edd\/052d4955-0ec2-4e86-8e1f-f971acb44560","settings":{"heading":"Delivery Details","color":"#263238","submit":"Check","edd_text":"Delivery between","cod_text":"Cash on delivery","cod":true,"date_range":false,"month":false,"placeholder":"Enter your pincode","date_format":"1","enable_countdown":false,"invalid_text":"Please enter a valid pincode","extra_text":"","helping_text":"","padding_top":0,"padding_bottom":0}},"buy_buttons":{"type":"buy_buttons","settings":{"show_payment_button":false,"show_gift_card_recipient":false,"atc_button_background":"rgba(0,0,0,0)","atc_button_text_color":"rgba(0,0,0,0)","buy_now_button_background":"rgba(0,0,0,0)","buy_now_button_text_color":"rgba(0,0,0,0)"}},"63a91f5b-8de0-4a57-982d-0fdb489e370c":{"type":"inventory","disabled":true,"settings":{"low_inventory_threshold":0}},"7678a192-2ff4-47ab-a4db-8c6534e6a3ff":{"type":"description","disabled":true,"settings":{}},"46a92578-1af0-4e0c-8a52-33e4eabfa9de":{"type":"text","disabled":true,"settings":{"text":""}},"9057f9c6-1cb5-4b5b-889d-d95fc85e0986":{"type":"text","disabled":true,"settings":{"text":""}}},"block_order":["variant_picker","quantity_selector","7de10bf8-6b7f-45d0-a570-b4d481be4d35","buy_buttons","63a91f5b-8de0-4a57-982d-0fdb489e370c","7678a192-2ff4-47ab-a4db-8c6534e6a3ff","46a92578-1af0-4e0c-8a52-33e4eabfa9de","9057f9c6-1cb5-4b5b-889d-d95fc85e0986"],"settings":{"show_vendor":false,"show_sku":false,"show_taxes_included":false,"show_product_rating":true,"show_sticky_add_to_cart":true,"show_share_buttons":false,"help_page":"","enable_video_autoplay":true,"enable_video_looping":false,"enable_image_zoom":true,"show_thumbnails_on_mobile":false,"desktop_thumbnails_position":"left","transition_effect":"slide"}},"5da3b2a0-4297-43c5-9831-cff335312998":{"type":"gallery","blocks":{"template--16781155795173__5da3b2a0-4297-43c5-9831-cff335312998-image-1":{"type":"image","settings":{"caption":""}},"template--16781155795173__5da3b2a0-4297-43c5-9831-cff335312998-image-2":{"type":"image","settings":{"caption":""}},"template--16781155795173__5da3b2a0-4297-43c5-9831-cff335312998-image-3":{"type":"image","settings":{"caption":""}}},"block_order":["template--16781155795173__5da3b2a0-4297-43c5-9831-cff335312998-image-1","template--16781155795173__5da3b2a0-4297-43c5-9831-cff335312998-image-2","template--16781155795173__5da3b2a0-4297-43c5-9831-cff335312998-image-3"],"settings":{"subheading":"","title":"{{ product.metafields.custom.after_atc_benefit_heading.value }}","show_arrows":false,"background":"rgba(0,0,0,0)","text_color":"rgba(0,0,0,0)"}},"a215ff1a-38a8-4b1b-8bd3-b69cdb2cef7a":{"type":"gallery","blocks":{"6115188f-9920-494d-8196-d60f31136782":{"type":"image","settings":{"caption":""}},"2c0bb11a-64d2-48f0-b874-1c283b236943":{"type":"image","settings":{"caption":""}},"6640c4db-4552-4e45-9db0-5f92fe31bc87":{"type":"image","settings":{"caption":""}}},"block_order":["6115188f-9920-494d-8196-d60f31136782","2c0bb11a-64d2-48f0-b874-1c283b236943","6640c4db-4552-4e45-9db0-5f92fe31bc87"],"settings":{"subheading":"","title":"{{ product.metafields.custom.ingredients_heading.value }}","show_arrows":false,"background":"rgba(0,0,0,0)","text_color":"rgba(0,0,0,0)"}},"623f8350-d409-484b-b471-535f2af3ef35":{"type":"multi-column","blocks":{"template--16770957410533__623f8350-d409-484b-b471-535f2af3ef35-1685624962584c3a91-0":{"type":"item","settings":{"image_width":100,"image_border":"rgba(0,0,0,0)","title":"","content":"","link_text":"","link_url":"","link_style":"link","text_alignment":"center","vertical_alignment":"start"}},"template--16770957410533__623f8350-d409-484b-b471-535f2af3ef35-1685624962584c3a91-1":{"type":"item","settings":{"image_width":100,"image_border":"rgba(0,0,0,0)","title":"","content":"","link_text":"","link_url":"","link_style":"link","text_alignment":"center","vertical_alignment":"start"}},"template--16770957410533__623f8350-d409-484b-b471-535f2af3ef35-1685624962584c3a91-2":{"type":"item","settings":{"image_width":100,"image_border":"rgba(0,0,0,0)","title":"","content":"","link_text":"","link_url":"","link_style":"link","text_alignment":"center","vertical_alignment":"start"}}},"block_order":["template--16770957410533__623f8350-d409-484b-b471-535f2af3ef35-1685624962584c3a91-0","template--16770957410533__623f8350-d409-484b-b471-535f2af3ef35-1685624962584c3a91-1","template--16770957410533__623f8350-d409-484b-b471-535f2af3ef35-1685624962584c3a91-2"],"disabled":true,"settings":{"reveal_on_scroll":true,"stack_items":false,"subheading":"","title":"{{ product.metafields.custom.ingredients_heading.value }}","content":"","column_alignment":"left","mobile_item_size":"medium","desktop_item_size":"large","spacing":"normal","background":"rgba(0,0,0,0)","text_color":"rgba(0,0,0,0)"}},"97ede6cf-f1c4-4290-9b14-db058467d218":{"type":"logo-list","blocks":{"template--16770957410533__97ede6cf-f1c4-4290-9b14-db058467d218-1685625358ac61ae57-0":{"type":"logo","settings":{"logo":"shopify:\/\/shop_images\/Salicylic-Acid-2_351f2184-003e-48b4-86cf-38d253b79ad0.jpg","link":""}},"template--16770957410533__97ede6cf-f1c4-4290-9b14-db058467d218-1685625358ac61ae57-1":{"type":"logo","settings":{"logo":"shopify:\/\/shop_images\/Glycolic-Acid-3.jpg","link":""}},"template--16770957410533__97ede6cf-f1c4-4290-9b14-db058467d218-1685625358ac61ae57-2":{"type":"logo","settings":{"logo":"shopify:\/\/shop_images\/Lactic-Acid-2_f67e070a-a1fc-4f6a-a483-e90f7275e3fa.jpg","link":""}},"template--16770957410533__97ede6cf-f1c4-4290-9b14-db058467d218-1685625358ac61ae57-3":{"type":"logo","settings":{"logo":"shopify:\/\/shop_images\/Glycolic-Acid-3.jpg","link":""}},"template--16770957410533__97ede6cf-f1c4-4290-9b14-db058467d218-1685625358ac61ae57-4":{"type":"logo","disabled":true,"settings":{"link":""}},"template--16770957410533__97ede6cf-f1c4-4290-9b14-db058467d218-1685625358ac61ae57-5":{"type":"logo","disabled":true,"settings":{"link":""}}},"block_order":["template--16770957410533__97ede6cf-f1c4-4290-9b14-db058467d218-1685625358ac61ae57-0","template--16770957410533__97ede6cf-f1c4-4290-9b14-db058467d218-1685625358ac61ae57-1","template--16770957410533__97ede6cf-f1c4-4290-9b14-db058467d218-1685625358ac61ae57-2","template--16770957410533__97ede6cf-f1c4-4290-9b14-db058467d218-1685625358ac61ae57-3","template--16770957410533__97ede6cf-f1c4-4290-9b14-db058467d218-1685625358ac61ae57-4","template--16770957410533__97ede6cf-f1c4-4290-9b14-db058467d218-1685625358ac61ae57-5"],"disabled":true,"settings":{"reveal_on_scroll":true,"subheading":"","title":"Key Ingredients","button_text":"","button_link":"","stack_logos":false,"background":"rgba(0,0,0,0)","text_color":"rgba(0,0,0,0)","button_background":"rgba(0,0,0,0)","button_text_color":"rgba(0,0,0,0)","logo_background":"rgba(0,0,0,0)"}},"5c12d3aa-e15a-4f45-84d4-a878ec0f29dd":{"type":"featured-product","blocks":{"template--16776545501413__5c12d3aa-e15a-4f45-84d4-a878ec0f29dd-168662875241938497-0":{"type":"variant_picker","settings":{"hide_sold_out_variants":false,"selector_mode":"block","color_mode":"color","size_chart_page":""}},"template--16776545501413__5c12d3aa-e15a-4f45-84d4-a878ec0f29dd-168662875241938497-1":{"type":"quantity_selector","settings":{}},"template--16776545501413__5c12d3aa-e15a-4f45-84d4-a878ec0f29dd-168662875241938497-2":{"type":"buy_buttons","settings":{"show_payment_button":true,"show_gift_card_recipient":false,"atc_button_background":"rgba(0,0,0,0)","atc_button_text_color":"rgba(0,0,0,0)","buy_now_button_background":"rgba(0,0,0,0)","buy_now_button_text_color":"rgba(0,0,0,0)"}}},"block_order":["template--16776545501413__5c12d3aa-e15a-4f45-84d4-a878ec0f29dd-168662875241938497-0","template--16776545501413__5c12d3aa-e15a-4f45-84d4-a878ec0f29dd-168662875241938497-1","template--16776545501413__5c12d3aa-e15a-4f45-84d4-a878ec0f29dd-168662875241938497-2"],"settings":{"product":"{{ product.metafields.custom.featured_product_concern_based_kit_1_.value }}","subheading":"","title":"For best results, try our kit","show_vendor":false,"show_sku":false,"show_taxes_included":true,"show_product_rating":true,"show_share_buttons":false,"help_page":"","enable_video_autoplay":true,"enable_video_looping":false,"enable_image_zoom":true,"show_thumbnails_on_mobile":false,"desktop_thumbnails_position":"left","transition_effect":"slide","background":"rgba(0,0,0,0)","text_color":"rgba(0,0,0,0)"}},"94136486-a72b-4490-ad16-bb47562110bb":{"type":"faq","blocks":{"template--16770957410533__94136486-a72b-4490-ad16-bb47562110bb-16856248028b819cf3-0":{"type":"category","disabled":true,"settings":{"title":"Additional Information"}},"template--16770957410533__94136486-a72b-4490-ad16-bb47562110bb-16856248028b819cf3-1":{"type":"question","settings":{"title":"How to use?","answer":"<p>{{ product.metafields.my_fields.additional_information | metafield_tag }}<\/p>"}},"template--16770957410533__94136486-a72b-4490-ad16-bb47562110bb-16856248028b819cf3-2":{"type":"question","settings":{"title":"Pilgrim Code","answer":"<p>It depends on where you are. Orders processed here will take 5-7 business days to arrive. Overseas deliveries can take anywhere from 7-16 days. Delivery details will be provided in your confirmation email.<\/p>"}},"template--16770957410533__94136486-a72b-4490-ad16-bb47562110bb-16856248028b819cf3-3":{"type":"category","disabled":true,"settings":{"title":"Other"}},"template--16770957410533__94136486-a72b-4490-ad16-bb47562110bb-16856248028b819cf3-4":{"type":"question","disabled":true,"settings":{"title":"Any question?","answer":"<p>You can contact us through our contact page! We will be happy to assist you.<\/p>"}}},"block_order":["template--16770957410533__94136486-a72b-4490-ad16-bb47562110bb-16856248028b819cf3-0","template--16770957410533__94136486-a72b-4490-ad16-bb47562110bb-16856248028b819cf3-1","template--16770957410533__94136486-a72b-4490-ad16-bb47562110bb-16856248028b819cf3-2","template--16770957410533__94136486-a72b-4490-ad16-bb47562110bb-16856248028b819cf3-3","template--16770957410533__94136486-a72b-4490-ad16-bb47562110bb-16856248028b819cf3-4"],"disabled":true,"settings":{"show_navigation":false,"title":"","content":"","background":"rgba(0,0,0,0)","text_color":"rgba(0,0,0,0)"}},"9be671b2-9559-4b76-8772-beb1498be68e":{"type":"faq","blocks":{"template--16770957410533__9be671b2-9559-4b76-8772-beb1498be68e-16856248028b819cf3-0":{"type":"category","settings":{"title":"Shipping"}},"template--16770957410533__9be671b2-9559-4b76-8772-beb1498be68e-16856248028b819cf3-1":{"type":"question","settings":{"title":"Do you ship overseas?","answer":"<p>Yes, we ship all over the world. Shipping costs will apply, and will be added at checkout. We run discounts and promotions all year, so stay tuned for exclusive deals.<\/p>"}},"template--16770957410533__9be671b2-9559-4b76-8772-beb1498be68e-16856248028b819cf3-2":{"type":"question","settings":{"title":"How long will it take to get my order?","answer":"<p>It depends on where you are. Orders processed here will take 5-7 business days to arrive. Overseas deliveries can take anywhere from 7-16 days. Delivery details will be provided in your confirmation email.<\/p>"}},"template--16770957410533__9be671b2-9559-4b76-8772-beb1498be68e-16856248028b819cf3-3":{"type":"category","settings":{"title":"Other"}},"template--16770957410533__9be671b2-9559-4b76-8772-beb1498be68e-16856248028b819cf3-4":{"type":"question","settings":{"title":"Any question?","answer":"<p>You can contact us through our contact page! We will be happy to assist you.<\/p>"}}},"block_order":["template--16770957410533__9be671b2-9559-4b76-8772-beb1498be68e-16856248028b819cf3-0","template--16770957410533__9be671b2-9559-4b76-8772-beb1498be68e-16856248028b819cf3-1","template--16770957410533__9be671b2-9559-4b76-8772-beb1498be68e-16856248028b819cf3-2","template--16770957410533__9be671b2-9559-4b76-8772-beb1498be68e-16856248028b819cf3-3","template--16770957410533__9be671b2-9559-4b76-8772-beb1498be68e-16856248028b819cf3-4"],"disabled":true,"settings":{"show_navigation":false,"title":"FAQ","content":"","background":"rgba(0,0,0,0)","text_color":"rgba(0,0,0,0)"}},"1685624426e50daef2":{"type":"apps","blocks":{"358b9c85-7d8f-42f4-a6a7-ded97edc5072":{"type":"shopify:\/\/apps\/judge-me-reviews\/blocks\/review_widget\/61ccd3b1-a9f2-4160-9fe9-4fec8413e5d8","settings":{}}},"block_order":["358b9c85-7d8f-42f4-a6a7-ded97edc5072"],"settings":{"include_horizontal_margins":true,"include_vertical_margins":false}},"product-recommendations":{"type":"product-recommendations","settings":{"subheading":"","title":"You may also like","recommendations_count":4,"background":"rgba(0,0,0,0)","text_color":"rgba(0,0,0,0)"}},"82385638-8b2a-4052-a699-b7ac6936770e":{"type":"custom-liquid","disabled":true,"settings":{"subheading":"Your subheading","title":"Your title","liquid":"{{product.metafields.shopify--discovery--product_recommendation.complementary_products}}","add_vertical_spacing":true,"background_type":"full_width","background":"rgba(0,0,0,0)","text_color":"rgba(0,0,0,0)"}},"product-content":{"type":"product-content","blocks":{"5022d14b-5ff3-4e2d-8da5-549ef2fad8d7":{"type":"liquid","disabled":true,"settings":{"title":"What Makes it special","liquid":"{{product.metafields.custom.what_makes_it_special}}"}},"description":{"type":"description","disabled":true,"settings":{}},"3d8cf186-8ce4-4bdc-a7f3-aaf378087b9e":{"type":"content","disabled":true,"settings":{"title":"Additional Information","content":"<p>{{ product.metafields.my_fields.additional_information | metafield_tag }}<\/p>","page":""}},"daaf3139-9f44-435f-8de0-7d45e16c95f3":{"type":"content","disabled":true,"settings":{"title":"How to use?","content":"<p>{{ product.metafields.my_fields.how_to_use | metafield_tag }}<\/p>","page":""}},"ab8173f6-b2e0-435e-9716-092c26816cc4":{"type":"liquid","disabled":true,"settings":{"title":"Targets concerns such as","liquid":"{{product.metafields.custom.target_skin_concerns}}"}},"57c01ae2-1931-4941-afb6-ff7dcf20c11e":{"type":"content","disabled":true,"settings":{"title":"Safety","content":"<p>{{ product.metafields.custom.product_safety_instructions | metafield_tag }}<\/p>","page":""}},"1de4eff5-e298-4024-8161-0199f79b3a00":{"type":"trust","disabled":true,"settings":{"icon_1":"picto-customer-support","title_1":"Shipping & Returns","content_1":"<p>Add text about your shipping policy<\/p>","icon_2":"picto-warranty","title_2":"Warranty","content_2":"<p>Add text about your product warranty<\/p>","icon_3":"picto-secure-payment","title_3":"Secure Payment","content_3":"<p>Add text about your payment<\/p>"}},"1862bcfc-1afc-48c2-bb8f-ec20b51be304":{"type":"content","disabled":true,"settings":{"title":"","content":"<p>{{ product.metafields.custom.target_skin_concerns | metafield_tag }}<\/p>","page":""}},"9d527bc5-56ef-45ea-8146-e7b2cf6d1842":{"type":"complementary_products","settings":{"title":"Buy It With"}}},"block_order":["5022d14b-5ff3-4e2d-8da5-549ef2fad8d7","description","3d8cf186-8ce4-4bdc-a7f3-aaf378087b9e","daaf3139-9f44-435f-8de0-7d45e16c95f3","ab8173f6-b2e0-435e-9716-092c26816cc4","57c01ae2-1931-4941-afb6-ff7dcf20c11e","1de4eff5-e298-4024-8161-0199f79b3a00","1862bcfc-1afc-48c2-bb8f-ec20b51be304","9d527bc5-56ef-45ea-8146-e7b2cf6d1842"],"disabled":true,"settings":{}},"f045ec79-5a63-408b-b856-32156439d1cf":{"type":"multi-column","blocks":{"template--16987731198181__f045ec79-5a63-408b-b856-32156439d1cf-item-1":{"type":"item","repeater":"{{ product.metafields.custom.collection_recommendations_on_pd_page.value }}","settings":{"image":"{{ block.repeater.collection_recommendation_image.value }}","image_width":100,"image_border":"rgba(0,0,0,0)","title":"","content":"","link_text":"","link_url":"{{ block.repeater.collection_recommendation_url.value }}","link_style":"link","text_alignment":"center","vertical_alignment":"start"}}},"block_order":["template--16987731198181__f045ec79-5a63-408b-b856-32156439d1cf-item-1"],"settings":{"reveal_on_scroll":true,"stack_items":false,"subheading":"","title":"Explore other categories","content":"","column_alignment":"left","mobile_item_size":"medium","desktop_item_size":"medium","spacing":"normal","background":"rgba(0,0,0,0)","text_color":"rgba(0,0,0,0)"}}},"order":["main","5da3b2a0-4297-43c5-9831-cff335312998","a215ff1a-38a8-4b1b-8bd3-b69cdb2cef7a","623f8350-d409-484b-b471-535f2af3ef35","97ede6cf-f1c4-4290-9b14-db058467d218","5c12d3aa-e15a-4f45-84d4-a878ec0f29dd","94136486-a72b-4490-ad16-bb47562110bb","9be671b2-9559-4b76-8772-beb1498be68e","1685624426e50daef2","product-recommendations","82385638-8b2a-4052-a699-b7ac6936770e","product-content","f045ec79-5a63-408b-b856-32156439d1cf"]}