{"sections":{"main":{"type":"main-product","blocks":{"variant_picker":{"type":"variant_picker","settings":{"hide_sold_out_variants":false,"selector_mode":"block","color_mode":"color","size_chart_page":""}},"quantity_selector":{"type":"quantity_selector","settings":{}},"buy_buttons":{"type":"buy_buttons","settings":{"show_payment_button":false,"show_gift_card_recipient":false,"atc_button_background":"rgba(0,0,0,0)","atc_button_text_color":"rgba(0,0,0,0)","buy_now_button_background":"rgba(0,0,0,0)","buy_now_button_text_color":"rgba(0,0,0,0)"}},"63a91f5b-8de0-4a57-982d-0fdb489e370c":{"type":"inventory","settings":{"low_inventory_threshold":0}},"7678a192-2ff4-47ab-a4db-8c6534e6a3ff":{"type":"description","settings":{}},"46a92578-1af0-4e0c-8a52-33e4eabfa9de":{"type":"text","settings":{"text":""}},"9057f9c6-1cb5-4b5b-889d-d95fc85e0986":{"type":"text","settings":{"text":""}}},"block_order":["variant_picker","quantity_selector","buy_buttons","63a91f5b-8de0-4a57-982d-0fdb489e370c","7678a192-2ff4-47ab-a4db-8c6534e6a3ff","46a92578-1af0-4e0c-8a52-33e4eabfa9de","9057f9c6-1cb5-4b5b-889d-d95fc85e0986"],"settings":{"show_vendor":false,"show_sku":false,"show_taxes_included":true,"show_product_rating":true,"show_sticky_add_to_cart":true,"show_share_buttons":true,"help_page":"","enable_video_autoplay":true,"enable_video_looping":false,"enable_image_zoom":true,"show_thumbnails_on_mobile":false,"desktop_thumbnails_position":"left","transition_effect":"slide"}},"623f8350-d409-484b-b471-535f2af3ef35":{"type":"multi-column","blocks":{"template--16770957410533__623f8350-d409-484b-b471-535f2af3ef35-1685624962584c3a91-0":{"type":"item","settings":{"image":"shopify:\/\/shop_images\/Product_Key_Benefits_1080x1500-2_df98e5ca-c6ab-4f1f-a133-35d199f2819b.jpg","image_by_url":"","image_width":100,"image_border":"rgba(0,0,0,0)","title":"","content":"","link_text":"","link_url":"","link_style":"link","text_alignment":"center","vertical_alignment":"start"}},"template--16770957410533__623f8350-d409-484b-b471-535f2af3ef35-1685624962584c3a91-1":{"type":"item","settings":{"image":"shopify:\/\/shop_images\/Product_Key_Benefits_1080x1500-1_54a494f7-b02b-4289-8860-449ed829db8c.jpg","image_by_url":"","image_width":100,"image_border":"rgba(0,0,0,0)","title":"","content":"","link_text":"","link_url":"","link_style":"link","text_alignment":"center","vertical_alignment":"start"}},"template--16770957410533__623f8350-d409-484b-b471-535f2af3ef35-1685624962584c3a91-2":{"type":"item","settings":{"image":"shopify:\/\/shop_images\/Product_Key_Benefits_1080x1500-2_58829c69-00be-4b3d-a807-60acc4fcf94f.jpg","image_by_url":"","image_width":100,"image_border":"rgba(0,0,0,0)","title":"","content":"","link_text":"","link_url":"","link_style":"link","text_alignment":"center","vertical_alignment":"start"}},"template--16770957410533__623f8350-d409-484b-b471-535f2af3ef35-1685624962584c3a91-3":{"type":"item","disabled":true,"settings":{"image_by_url":"","image_width":100,"image_border":"rgba(0,0,0,0)","title":"Column 1","content":"<p>Pair text with an image to focus on your chosen product, collection, or blog post. Add details on availability, style, or even provide a review.<\/p>","link_text":"","link_url":"","link_style":"link","text_alignment":"center","vertical_alignment":"start"}},"2fb22019-2ac7-4aed-bad4-657d73ea4387":{"type":"item","settings":{"image_by_url":"","image_width":100,"image_border":"rgba(0,0,0,0)","title":"Your content","content":"<p>Pair text with an image to focus on your chosen product, collection, or blog post. Add details on availability, style, or even provide a review.<\/p>","link_text":"","link_url":"","link_style":"link","text_alignment":"center","vertical_alignment":"start"}}},"block_order":["template--16770957410533__623f8350-d409-484b-b471-535f2af3ef35-1685624962584c3a91-0","template--16770957410533__623f8350-d409-484b-b471-535f2af3ef35-1685624962584c3a91-1","template--16770957410533__623f8350-d409-484b-b471-535f2af3ef35-1685624962584c3a91-2","template--16770957410533__623f8350-d409-484b-b471-535f2af3ef35-1685624962584c3a91-3","2fb22019-2ac7-4aed-bad4-657d73ea4387"],"settings":{"reveal_on_scroll":true,"stack_items":false,"subheading":"","title":"Key Benefits","content":"","column_alignment":"center","mobile_item_size":"medium","desktop_item_size":"medium","spacing":"normal","background":"rgba(0,0,0,0)","text_color":"rgba(0,0,0,0)"}},"a9749799-ed03-4ef7-8bb0-6bd705a661f4":{"type":"multi-column","blocks":{"abf93fff-15d4-4042-b029-ac18d978906a":{"type":"item","settings":{"image":"shopify:\/\/shop_images\/Product_Key_Benefits_1080x1500-2_df98e5ca-c6ab-4f1f-a133-35d199f2819b.jpg","image_by_url":"","image_width":100,"image_border":"rgba(0,0,0,0)","title":"","content":"","link_text":"","link_url":"","link_style":"link","text_alignment":"center","vertical_alignment":"start"}},"571b656a-2380-45ee-807a-7979183c424b":{"type":"item","settings":{"image":"shopify:\/\/shop_images\/Product_Key_Benefits_1080x1500-1_54a494f7-b02b-4289-8860-449ed829db8c.jpg","image_by_url":"","image_width":100,"image_border":"rgba(0,0,0,0)","title":"","content":"","link_text":"","link_url":"","link_style":"link","text_alignment":"center","vertical_alignment":"start"}},"7b1b3d52-2d32-476b-bc4f-0a089839e54d":{"type":"item","settings":{"image":"shopify:\/\/shop_images\/Product_Key_Benefits_1080x1500-2_58829c69-00be-4b3d-a807-60acc4fcf94f.jpg","image_by_url":"","image_width":100,"image_border":"rgba(0,0,0,0)","title":"","content":"","link_text":"","link_url":"","link_style":"link","text_alignment":"center","vertical_alignment":"start"}},"7751f996-9492-440a-8c5a-a9b9445b660c":{"type":"item","disabled":true,"settings":{"image_by_url":"","image_width":100,"image_border":"rgba(0,0,0,0)","title":"Column 1","content":"<p>Pair text with an image to focus on your chosen product, collection, or blog post. Add details on availability, style, or even provide a review.<\/p>","link_text":"","link_url":"","link_style":"link","text_alignment":"center","vertical_alignment":"start"}},"59bae912-cf17-4490-9a25-1a8a97c98bff":{"type":"item","settings":{"image_by_url":"","image_width":100,"image_border":"rgba(0,0,0,0)","title":"Your content","content":"<p>Pair text with an image to focus on your chosen product, collection, or blog post. Add details on availability, style, or even provide a review.<\/p>","link_text":"","link_url":"","link_style":"link","text_alignment":"center","vertical_alignment":"start"}}},"block_order":["abf93fff-15d4-4042-b029-ac18d978906a","571b656a-2380-45ee-807a-7979183c424b","7b1b3d52-2d32-476b-bc4f-0a089839e54d","7751f996-9492-440a-8c5a-a9b9445b660c","59bae912-cf17-4490-9a25-1a8a97c98bff"],"settings":{"reveal_on_scroll":true,"stack_items":false,"subheading":"","title":"Key Benefits","content":"","column_alignment":"center","mobile_item_size":"medium","desktop_item_size":"medium","spacing":"normal","background":"rgba(0,0,0,0)","text_color":"rgba(0,0,0,0)"}},"97ede6cf-f1c4-4290-9b14-db058467d218":{"type":"logo-list","disabled":true,"blocks":{"template--16770957410533__97ede6cf-f1c4-4290-9b14-db058467d218-1685625358ac61ae57-0":{"type":"logo","settings":{"logo":"shopify:\/\/shop_images\/Salicylic-Acid-2_351f2184-003e-48b4-86cf-38d253b79ad0.jpg","link":""}},"template--16770957410533__97ede6cf-f1c4-4290-9b14-db058467d218-1685625358ac61ae57-1":{"type":"logo","settings":{"logo":"shopify:\/\/shop_images\/Glycolic-Acid-3.jpg","link":""}},"template--16770957410533__97ede6cf-f1c4-4290-9b14-db058467d218-1685625358ac61ae57-2":{"type":"logo","settings":{"logo":"shopify:\/\/shop_images\/Lactic-Acid-2_f67e070a-a1fc-4f6a-a483-e90f7275e3fa.jpg","link":""}},"template--16770957410533__97ede6cf-f1c4-4290-9b14-db058467d218-1685625358ac61ae57-3":{"type":"logo","settings":{"logo":"shopify:\/\/shop_images\/Glycolic-Acid-3.jpg","link":""}},"template--16770957410533__97ede6cf-f1c4-4290-9b14-db058467d218-1685625358ac61ae57-4":{"type":"logo","disabled":true,"settings":{"link":""}},"template--16770957410533__97ede6cf-f1c4-4290-9b14-db058467d218-1685625358ac61ae57-5":{"type":"logo","disabled":true,"settings":{"link":""}}},"block_order":["template--16770957410533__97ede6cf-f1c4-4290-9b14-db058467d218-1685625358ac61ae57-0","template--16770957410533__97ede6cf-f1c4-4290-9b14-db058467d218-1685625358ac61ae57-1","template--16770957410533__97ede6cf-f1c4-4290-9b14-db058467d218-1685625358ac61ae57-2","template--16770957410533__97ede6cf-f1c4-4290-9b14-db058467d218-1685625358ac61ae57-3","template--16770957410533__97ede6cf-f1c4-4290-9b14-db058467d218-1685625358ac61ae57-4","template--16770957410533__97ede6cf-f1c4-4290-9b14-db058467d218-1685625358ac61ae57-5"],"settings":{"reveal_on_scroll":true,"subheading":"","title":"Key Ingredients","button_text":"","button_link":"","stack_logos":false,"background":"rgba(0,0,0,0)","text_color":"rgba(0,0,0,0)","button_background":"rgba(0,0,0,0)","button_text_color":"rgba(0,0,0,0)","logo_background":"rgba(0,0,0,0)"}},"394c1171-28b2-407b-9744-e01a1c056c79":{"type":"multi-column","blocks":{"template--16776545501413__394c1171-28b2-407b-9744-e01a1c056c79-16871941512e0797fb-0":{"type":"item","settings":{"image_by_url":"{{ product.metafields.my_fields.ingredients1_url.value }}","image_width":100,"image_border":"rgba(0,0,0,0)","title":"","content":"","link_text":"","link_url":"","link_style":"link","text_alignment":"center","vertical_alignment":"start"}},"template--16776545501413__394c1171-28b2-407b-9744-e01a1c056c79-16871941512e0797fb-1":{"type":"item","settings":{"image_by_url":"{{ product.metafields.my_fields.ingredients2_url.value }}","image_width":100,"image_border":"rgba(0,0,0,0)","title":"","content":"","link_text":"","link_url":"","link_style":"link","text_alignment":"center","vertical_alignment":"start"}},"template--16776545501413__394c1171-28b2-407b-9744-e01a1c056c79-16871941512e0797fb-2":{"type":"item","settings":{"image_by_url":"{{ product.metafields.my_fields.ingredients3_url.value }}","image_width":100,"image_border":"rgba(0,0,0,0)","title":"","content":"","link_text":"","link_url":"","link_style":"link","text_alignment":"center","vertical_alignment":"start"}},"template--16776545501413__394c1171-28b2-407b-9744-e01a1c056c79-16871941512e0797fb-3":{"type":"item","disabled":true,"settings":{"image_by_url":"","image_width":100,"image_border":"rgba(0,0,0,0)","title":"Column 1","content":"<p>Pair text with an image to focus on your chosen product, collection, or blog post. Add details on availability, style, or even provide a review.<\/p>","link_text":"","link_url":"","link_style":"link","text_alignment":"center","vertical_alignment":"start"}}},"block_order":["template--16776545501413__394c1171-28b2-407b-9744-e01a1c056c79-16871941512e0797fb-0","template--16776545501413__394c1171-28b2-407b-9744-e01a1c056c79-16871941512e0797fb-1","template--16776545501413__394c1171-28b2-407b-9744-e01a1c056c79-16871941512e0797fb-2","template--16776545501413__394c1171-28b2-407b-9744-e01a1c056c79-16871941512e0797fb-3"],"settings":{"reveal_on_scroll":true,"stack_items":false,"subheading":"","title":"Key Ingredients","content":"","column_alignment":"left","mobile_item_size":"medium","desktop_item_size":"large","spacing":"normal","background":"rgba(0,0,0,0)","text_color":"rgba(0,0,0,0)"}},"94136486-a72b-4490-ad16-bb47562110bb":{"type":"faq","blocks":{"template--16770957410533__94136486-a72b-4490-ad16-bb47562110bb-16856248028b819cf3-0":{"type":"category","disabled":true,"settings":{"title":"Additional Information"}},"template--16770957410533__94136486-a72b-4490-ad16-bb47562110bb-16856248028b819cf3-1":{"type":"question","settings":{"title":"How to use?","answer":"<p>{{ product.metafields.my_fields.additional_information | metafield_tag }}<\/p>"}},"template--16770957410533__94136486-a72b-4490-ad16-bb47562110bb-16856248028b819cf3-2":{"type":"question","settings":{"title":"Pilgrim Code","answer":"<p>It depends on where you are. Orders processed here will take 5-7 business days to arrive. Overseas deliveries can take anywhere from 7-16 days. Delivery details will be provided in your confirmation email.<\/p>"}},"template--16770957410533__94136486-a72b-4490-ad16-bb47562110bb-16856248028b819cf3-3":{"type":"category","disabled":true,"settings":{"title":"Other"}},"template--16770957410533__94136486-a72b-4490-ad16-bb47562110bb-16856248028b819cf3-4":{"type":"question","disabled":true,"settings":{"title":"Any question?","answer":"<p>You can contact us through our contact page! We will be happy to assist you.<\/p>"}}},"block_order":["template--16770957410533__94136486-a72b-4490-ad16-bb47562110bb-16856248028b819cf3-0","template--16770957410533__94136486-a72b-4490-ad16-bb47562110bb-16856248028b819cf3-1","template--16770957410533__94136486-a72b-4490-ad16-bb47562110bb-16856248028b819cf3-2","template--16770957410533__94136486-a72b-4490-ad16-bb47562110bb-16856248028b819cf3-3","template--16770957410533__94136486-a72b-4490-ad16-bb47562110bb-16856248028b819cf3-4"],"settings":{"show_navigation":false,"title":"","content":"","background":"rgba(0,0,0,0)","text_color":"rgba(0,0,0,0)"}},"product-content":{"type":"product-content","blocks":{"5022d14b-5ff3-4e2d-8da5-549ef2fad8d7":{"type":"liquid","settings":{"title":"What Makes it special","liquid":"{{product.metafields.custom.what_makes_it_special}}"}},"description":{"type":"description","disabled":true,"settings":{}},"3d8cf186-8ce4-4bdc-a7f3-aaf378087b9e":{"type":"content","settings":{"title":"Additional Information","content":"<p>{{ product.metafields.my_fields.additional_information | metafield_tag }}<\/p>","page":""}},"daaf3139-9f44-435f-8de0-7d45e16c95f3":{"type":"content","settings":{"title":"How to use?","content":"<p>{{ product.metafields.my_fields.how_to_use | metafield_tag }}<\/p>","page":""}},"ab8173f6-b2e0-435e-9716-092c26816cc4":{"type":"liquid","settings":{"title":"Targets concerns such as","liquid":"{{product.metafields.custom.target_skin_concerns}}"}},"57c01ae2-1931-4941-afb6-ff7dcf20c11e":{"type":"content","settings":{"title":"Safety","content":"<p>{{ product.metafields.custom.product_safety_instructions | metafield_tag }}<\/p>","page":""}},"1de4eff5-e298-4024-8161-0199f79b3a00":{"type":"trust","settings":{"icon_1":"picto-customer-support","title_1":"Shipping & Returns","content_1":"<p>Add text about your shipping policy<\/p>","icon_2":"picto-warranty","title_2":"Warranty","content_2":"<p>Add text about your product warranty<\/p>","icon_3":"picto-secure-payment","title_3":"Secure Payment","content_3":"<p>Add text about your payment<\/p>"}},"1862bcfc-1afc-48c2-bb8f-ec20b51be304":{"type":"content","settings":{"title":"","content":"<p>{{ product.metafields.custom.target_skin_concerns | metafield_tag }}<\/p>","page":""}}},"block_order":["5022d14b-5ff3-4e2d-8da5-549ef2fad8d7","description","3d8cf186-8ce4-4bdc-a7f3-aaf378087b9e","daaf3139-9f44-435f-8de0-7d45e16c95f3","ab8173f6-b2e0-435e-9716-092c26816cc4","57c01ae2-1931-4941-afb6-ff7dcf20c11e","1de4eff5-e298-4024-8161-0199f79b3a00","1862bcfc-1afc-48c2-bb8f-ec20b51be304"],"settings":{}},"5c12d3aa-e15a-4f45-84d4-a878ec0f29dd":{"type":"featured-product","blocks":{"template--16776545501413__5c12d3aa-e15a-4f45-84d4-a878ec0f29dd-168662875241938497-0":{"type":"variant_picker","settings":{"hide_sold_out_variants":false,"selector_mode":"block","color_mode":"color","size_chart_page":""}},"template--16776545501413__5c12d3aa-e15a-4f45-84d4-a878ec0f29dd-168662875241938497-1":{"type":"quantity_selector","settings":{}},"template--16776545501413__5c12d3aa-e15a-4f45-84d4-a878ec0f29dd-168662875241938497-2":{"type":"buy_buttons","settings":{"show_payment_button":true,"show_gift_card_recipient":false,"atc_button_background":"rgba(0,0,0,0)","atc_button_text_color":"rgba(0,0,0,0)","buy_now_button_background":"rgba(0,0,0,0)","buy_now_button_text_color":"rgba(0,0,0,0)"}}},"block_order":["template--16776545501413__5c12d3aa-e15a-4f45-84d4-a878ec0f29dd-168662875241938497-0","template--16776545501413__5c12d3aa-e15a-4f45-84d4-a878ec0f29dd-168662875241938497-1","template--16776545501413__5c12d3aa-e15a-4f45-84d4-a878ec0f29dd-168662875241938497-2"],"settings":{"product":"","subheading":"","title":"For best results, try our kit","show_vendor":false,"show_sku":false,"show_taxes_included":true,"show_product_rating":true,"show_share_buttons":true,"help_page":"","enable_video_autoplay":true,"enable_video_looping":false,"enable_image_zoom":true,"show_thumbnails_on_mobile":false,"desktop_thumbnails_position":"left","transition_effect":"slide","background":"rgba(0,0,0,0)","text_color":"rgba(0,0,0,0)"}},"9be671b2-9559-4b76-8772-beb1498be68e":{"type":"faq","blocks":{"template--16770957410533__9be671b2-9559-4b76-8772-beb1498be68e-16856248028b819cf3-0":{"type":"category","settings":{"title":"Shipping"}},"template--16770957410533__9be671b2-9559-4b76-8772-beb1498be68e-16856248028b819cf3-1":{"type":"question","settings":{"title":"Do you ship overseas?","answer":"<p>Yes, we ship all over the world. Shipping costs will apply, and will be added at checkout. We run discounts and promotions all year, so stay tuned for exclusive deals.<\/p>"}},"template--16770957410533__9be671b2-9559-4b76-8772-beb1498be68e-16856248028b819cf3-2":{"type":"question","settings":{"title":"How long will it take to get my order?","answer":"<p>It depends on where you are. Orders processed here will take 5-7 business days to arrive. Overseas deliveries can take anywhere from 7-16 days. Delivery details will be provided in your confirmation email.<\/p>"}},"template--16770957410533__9be671b2-9559-4b76-8772-beb1498be68e-16856248028b819cf3-3":{"type":"category","settings":{"title":"Other"}},"template--16770957410533__9be671b2-9559-4b76-8772-beb1498be68e-16856248028b819cf3-4":{"type":"question","settings":{"title":"Any question?","answer":"<p>You can contact us through our contact page! We will be happy to assist you.<\/p>"}}},"block_order":["template--16770957410533__9be671b2-9559-4b76-8772-beb1498be68e-16856248028b819cf3-0","template--16770957410533__9be671b2-9559-4b76-8772-beb1498be68e-16856248028b819cf3-1","template--16770957410533__9be671b2-9559-4b76-8772-beb1498be68e-16856248028b819cf3-2","template--16770957410533__9be671b2-9559-4b76-8772-beb1498be68e-16856248028b819cf3-3","template--16770957410533__9be671b2-9559-4b76-8772-beb1498be68e-16856248028b819cf3-4"],"settings":{"show_navigation":false,"title":"FAQ","content":"","background":"rgba(0,0,0,0)","text_color":"rgba(0,0,0,0)"}},"1685624426e50daef2":{"type":"apps","blocks":{"358b9c85-7d8f-42f4-a6a7-ded97edc5072":{"type":"shopify:\/\/apps\/judge-me-product-reviews\/blocks\/review_widget\/61ccd3b1-a9f2-4160-9fe9-4fec8413e5d8","settings":{}}},"block_order":["358b9c85-7d8f-42f4-a6a7-ded97edc5072"],"settings":{"include_horizontal_margins":true,"include_vertical_margins":true}},"product-recommendations":{"type":"product-recommendations","settings":{"subheading":"","title":"You may also like","recommendations_count":4,"background":"rgba(0,0,0,0)","text_color":"rgba(0,0,0,0)"}},"970fe911-5fe6-4ba0-b2c0-b51dd21b202d":{"type":"custom-liquid","settings":{"subheading":"Your subheading","title":"Your title","liquid":"{{product.description}}","add_vertical_spacing":true,"background_type":"full_width","background":"rgba(0,0,0,0)","text_color":"rgba(0,0,0,0)"}}},"order":["main","623f8350-d409-484b-b471-535f2af3ef35","a9749799-ed03-4ef7-8bb0-6bd705a661f4","97ede6cf-f1c4-4290-9b14-db058467d218","394c1171-28b2-407b-9744-e01a1c056c79","94136486-a72b-4490-ad16-bb47562110bb","product-content","5c12d3aa-e15a-4f45-84d4-a878ec0f29dd","9be671b2-9559-4b76-8772-beb1498be68e","1685624426e50daef2","product-recommendations","970fe911-5fe6-4ba0-b2c0-b51dd21b202d"]}