[{"name":"theme_info","theme_name":"Focal","theme_author":"Maestrooo","theme_version":"10.1.2","theme_documentation_url":"https:\/\/support.maestrooo.com\/","theme_support_url":"https:\/\/support.maestrooo.com\/article\/203-contact-us"},{"name":"Marmeto - Pincode Checker","settings":[{"type":"header","content":"Pincode Checker"},{"type":"checkbox","id":"enable_pincode_check","default":true,"label":"Enable Pincode Check"},{"type":"text","id":"unserviceable_error","label":"Unserviceable Error"},{"type":"text","id":"cod_error","label":"COD Error"}]},{"name":"Marmeto - OTP Verification","settings":[{"type":"header","content":"OTP Verification"},{"type":"checkbox","id":"enable_otp","default":true,"label":"Enable OTP Verification"}]},{"name":"Marmeto - Discount Script","settings":[{"type":"header","content":"Prepaid Discount Script"},{"type":"checkbox","id":"enable_prepaid_discount","label":"Enable Offer","default":true},{"type":"header","content":"Main Banner"},{"type":"textarea","id":"main_banner_text","label":"Banner Text","info":"Leave the text field blank to hide the banner from checkout"},{"type":"color","id":"main_banner_text_color","label":"Color","default":"#ffffff"},{"type":"color","id":"main_banner_text_bg","label":"Background","default":"#000000"},{"type":"range","id":"banner_text_font_large","min":10,"max":50,"step":1,"unit":"px","label":"Font size (Desktop)","default":22},{"type":"range","id":"banner_text_font_small","min":10,"max":50,"step":1,"unit":"px","label":"Font size (Mobile)","default":16},{"type":"header","content":"Discount Text"},{"type":"textarea","id":"before_discount_text","info":"This will be visible above the payment gateways before discount being applied.","label":"Before Discount Text"},{"type":"color","id":"before_discount_color","label":"Color","default":"#ffffff"},{"type":"color","id":"before_discount_bg","label":"Background","default":"#000000"},{"type":"textarea","id":"after_discount_text","info":"This will be visible above the payment gateways after discount being applied.","label":"After Discount Text"},{"type":"color","id":"after_discount_color","label":"Color","default":"#ffffff"},{"type":"color","id":"after_discount_bg","label":"Background","default":"#000000"},{"type":"range","id":"discount_text_font_large","min":10,"max":35,"step":1,"unit":"px","label":"Font size (Desktop)","default":16},{"type":"range","id":"discount_text_font_small","min":10,"max":35,"step":1,"unit":"px","label":"Font size (Mobile)","default":16}]},{"name":"Marmeto - Discount Codes","settings":[{"type":"checkbox","id":"enable_discount_codes","label":"Enable Discount Codes","default":true},{"type":"color","id":"discount_cta_color","label":"CTA Color","default":"#1878b9"},{"type":"text","id":"discount_code1","label":"Discount code 1"},{"type":"text","id":"discount_label1","label":"Discount label 1","info":"Eg: 10% off on all products"},{"type":"text","id":"discount_details_title1","label":"Discount details title 1","default":"Terms & Conditions"},{"type":"html","id":"discount_details1","label":"Discount details 1"},{"type":"text","id":"discount_code2","label":"Discount code 2"},{"type":"text","id":"discount_label2","label":"Discount label 2","info":"Eg: 10% off on all products"},{"type":"text","id":"discount_details_title2","label":"Discount details title 2","default":"Terms & Conditions"},{"type":"html","id":"discount_details2","label":"Discount details 2"},{"type":"text","id":"discount_code3","label":"Discount code 3"},{"type":"text","id":"discount_label3","label":"Discount label 3","info":"Eg: 10% off on all products"},{"type":"text","id":"discount_details_title3","label":"Discount details title 3","default":"Terms & Conditions"},{"type":"html","id":"discount_details3","label":"Discount details 3"}]},{"name":"Appearance","settings":[{"type":"paragraph","content":"Adapt the theme to your brand style by changing rounded elements, spacing and icons style."},{"type":"range","id":"icon_stroke_width","min":1,"max":2,"step":0.1,"unit":"px","label":"Icon thickness","default":2},{"type":"range","id":"button_border_radius","min":0,"max":30,"step":2,"unit":"px","label":"Button\/input border radius","default":0},{"type":"select","id":"block_border_radius","label":"Block border radius","options":[{"value":"none","label":"None"},{"value":"small","label":"Small"},{"value":"medium","label":"Medium"},{"value":"large","label":"Large"}],"default":"none"},{"type":"select","id":"vertical_spacing","label":"Vertical spacing","info":"Impact the vertical spacing separating each section.","options":[{"value":"small","label":"Small"},{"value":"medium","label":"Medium"},{"value":"large","label":"Large"}],"default":"large"}]},{"name":"Colors","settings":[{"type":"header","content":"General"},{"type":"color","id":"heading_color","label":"Heading","default":"#1c1b1b"},{"type":"color","id":"text_color","label":"Body text","default":"#677279"},{"type":"color","id":"background","label":"Background","default":"#ffffff"},{"type":"color","id":"secondary_background","label":"Secondary background","info":"Use a color close to the main background.","default":"#f7f8fd"},{"type":"color","id":"success_color","label":"Success","default":"#168342"},{"type":"color","id":"error_color","label":"Error","default":"#e00000"},{"type":"header","content":"Header"},{"type":"color","id":"header_background","label":"Background","default":"#1e316a"},{"type":"color","id":"header_text_color","label":"Text","default":"#ffffff"},{"type":"header","content":"Footer"},{"type":"color","id":"footer_background","label":"Background","default":"#f3f5f6"},{"type":"color","id":"footer_text_color","label":"Text","default":"#677279"},{"type":"header","content":"Primary button"},{"type":"color","id":"primary_button_background","label":"Background","default":"#00badb"},{"type":"color","id":"primary_button_text_color","label":"Text","default":"#ffffff"},{"type":"header","content":"Secondary button"},{"type":"color","id":"secondary_button_background","label":"Background","default":"#1e2d7d"},{"type":"color","id":"secondary_button_text_color","label":"Text","default":"#ffffff"},{"type":"header","content":"Product"},{"type":"color","id":"product_rating_color","label":"Star rating","default":"#f6a429"},{"type":"color","id":"product_on_sale_accent","label":"On sale accent","default":"#e00000"},{"type":"color","id":"product_sold_out_accent","label":"Sold out accent","default":"#6f719b"},{"type":"color","id":"product_custom_label_background","label":"Custom label","info":"[Learn more](https:\/\/support.maestrooo.com\/article\/75-collection-displaying-custom-label)","default":"#1e316a"},{"type":"color","id":"product_custom_label_2_background","label":"Custom label 2","info":"[Learn more](https:\/\/support.maestrooo.com\/article\/75-collection-displaying-custom-label)","default":"#1e316a"},{"type":"color","id":"product_in_stock_text_color","label":"In stock accent","default":"#168342"},{"type":"color","id":"product_low_stock_text_color","label":"Low stock accent","default":"#e00000"}]},{"name":"Typography","settings":[{"type":"header","content":"Headings"},{"type":"font_picker","id":"heading_font","label":"Font","info":"Selecting different fonts can affect the speed of your online store. Learn more about [system fonts.](https:\/\/help.shopify.com\/en\/manual\/online-store\/os\/store-speed\/improving-speed#fonts)","default":"helvetica_n4"},{"type":"select","id":"heading_font_size","label":"Heading size","options":[{"value":"small","label":"Small"},{"value":"medium","label":"Medium"},{"value":"large","label":"Large"}],"default":"medium"},{"type":"select","id":"heading_text_transform","label":"Heading style","options":[{"value":"normal","label":"Normal"},{"value":"lowercase","label":"Lowercase"},{"value":"uppercase","label":"Uppercase"}],"default":"uppercase"},{"type":"header","content":"Body text"},{"type":"font_picker","id":"text_font","label":"Font","info":"Selecting different fonts can affect the speed of your online store. Learn more about [system fonts.](https:\/\/help.shopify.com\/en\/manual\/online-store\/os\/store-speed\/improving-speed#fonts)","default":"helvetica_n4"},{"type":"range","id":"text_font_size","label":"Base size","min":12,"max":20,"unit":"px","default":15}]},{"name":"Currency format","settings":[{"type":"header","content":"Currency codes"},{"type":"paragraph","content":"Cart and checkout prices always show currency codes. Example: $1.00 USD."},{"type":"checkbox","id":"currency_code_enabled","label":"Show currency codes","default":false}]},{"name":"Animation","settings":[{"type":"paragraph","content":"Users who configured their preferences to minimize non-essential motion will automatically experience reduced animations."},{"type":"checkbox","id":"show_image_zoom","label":"Show image zoom","info":"Affect various images that are slowly zoomed on hover","default":true},{"type":"checkbox","id":"stagger_products_apparition","label":"Reveal products one by one","info":"Affect any product grid listing","default":true},{"type":"checkbox","id":"stagger_blog_posts_apparition","label":"Reveal blog posts one by one","info":"Affect any blog post listing","default":true},{"type":"checkbox","id":"reveal_product_media","label":"Reveal product media","info":"Affect product pages and featured product section","default":true}]},{"name":"Color swatch","settings":[{"type":"checkbox","id":"round_color_swatches","label":"Round color swatches","default":false},{"type":"textarea","id":"color_swatch_config","label":"Configuration","placeholder":"Red:#ff0000\nGreen:#00ff00\nBlue:#0000ff","info":"Each rule must be in its own line. [Learn more](https:\/\/support.maestrooo.com\/article\/80-product-uploading-custom-color-for-color-swatch) about the exact naming convention."}]},{"name":"Products grid","settings":[{"type":"checkbox","id":"show_vendor","label":"Show vendor","default":false},{"type":"checkbox","id":"show_secondary_image","label":"Show secondary image on hover","default":false},{"type":"checkbox","id":"product_add_to_cart","label":"Enable quick add to cart","default":true},{"type":"checkbox","id":"show_product_rating","label":"Show product rating","info":"To display a rating, add a product rating app. [Learn more](https:\/\/help.shopify.com\/en\/manual\/products\/product-reviews\/installation)","default":false},{"type":"checkbox","id":"show_discount","label":"Show discount label","default":true},{"type":"select","id":"discount_mode","label":"Show discount as...","options":[{"value":"percentage","label":"Percentage"},{"value":"saving","label":"Saving"}],"default":"saving"},{"type":"select","id":"product_color_display","label":"Color display mode","options":[{"value":"hide","label":"Hide"},{"value":"count","label":"Count"},{"value":"swatch","label":"Swatch"}],"default":"count"},{"type":"select","id":"product_image_size","label":"Product image size","options":[{"value":"natural","label":"Natural"},{"value":"short","label":"Short (4:3)"},{"value":"square","label":"Square (1:1)"},{"value":"tall","label":"Tall (2:3)"}],"default":"natural"},{"type":"header","content":"Layout"},{"type":"select","id":"pcard_layout","label":"Card style","default":"1","options":[{"value":"1","label":"Style 1"},{"value":"2","label":"Style 2"}]},{"type":"select","id":"pcard_alignment","label":"Content alignment","default":"left","options":[{"value":"left","label":"Left"},{"value":"center","label":"Center"},{"value":"right","label":"Right"}]},{"type":"checkbox","id":"show_cta","label":"Show add to cart below info","info":"If enabled, we recommend using 4 products per row at maximum.","default":false}]},{"name":"Cart","settings":[{"type":"select","id":"cart_type","label":"Cart type","options":[{"value":"drawer","label":"Drawer"},{"value":"message","label":"Message"},{"value":"page","label":"Page"}],"default":"message"},{"type":"select","id":"cart_icon","label":"Cart icon","options":[{"value":"shopping_bag","label":"Shopping bag"},{"value":"shopping_cart","label":"Shopping cart"},{"value":"tote_bag","label":"Tote bag"}],"default":"shopping_bag"},{"type":"checkbox","id":"cart_show_free_shipping_threshold","label":"Show free shipping minimum amount","info":"Make sure that you have properly configured your [shipping rates](\/admin\/settings\/shipping).","default":false},{"type":"text","id":"cart_free_shipping_threshold","label":"Free shipping minimum amount","info":"Enter amount using number only. If using multiple currencies, separate each currency code with its amount (eg.: USD:50,EUR:60,JPY:9000)","default":"50"},{"type":"header","content":"Remove product from cart"},{"type":"checkbox","id":"enable_remove_product","label":"Enable remove product","info":"Make sure to check the button to remove the products that contain a specific tag or variant Ids on first session of the user","default":false},{"type":"text","id":"remove_product_tag","label":"Product Tag","info":"Eg: allTags"},{"type":"text","id":"remove_variant_ids","label":"Variant Ids","info":"Eg: 441322385413,4132238557514"}]},{"name":"Social media","settings":[{"type":"header","content":"Accounts"},{"type":"text","id":"social_facebook","label":"Facebook"},{"type":"text","id":"social_twitter","label":"Twitter"},{"type":"text","id":"social_pinterest","label":"Pinterest"},{"type":"text","id":"social_instagram","label":"Instagram"},{"type":"text","id":"social_vimeo","label":"Vimeo"},{"type":"text","id":"social_tumblr","label":"Tumblr"},{"type":"text","id":"social_youtube","label":"YouTube"},{"type":"text","id":"social_tiktok","label":"TikTok"},{"type":"text","id":"social_linkedin","label":"LinkedIn"},{"type":"text","id":"social_snapchat","label":"Snapchat"},{"type":"text","id":"social_fancy","label":"Fancy"},{"type":"text","id":"social_wechat","label":"WeChat"},{"type":"text","id":"social_reddit","label":"Reddit"},{"type":"text","id":"social_line","label":"LINE"},{"type":"text","id":"social_spotify","label":"Spotify"}]},{"name":"Favicon","settings":[{"type":"image_picker","id":"favicon","label":"Image","info":"96 x 96px .png recommended"}]},{"name":"Gokwik","settings":[{"type":"text","id":"mid","label":"Merchant Id"},{"type":"header","content":"Select environment"},{"type":"select","id":"envType","options":[{"value":"qa","label":"QA"},{"value":"sandbox","label":"Sandbox"},{"value":"production","label":"Production"}]},{"type":"checkbox","id":"hideFlow","label":"Button hide without disable","info":"To hide only button without disable Gokwik flow","default":false},{"type":"header","content":"Merchant Checkout Button"},{"type":"checkbox","id":"btnTxt","label":"Merchant button title enable","info":"Merchant button text will be replaced by Gokwik text","default":true},{"type":"text","id":"gk-merchant-btnText","label":"Merchant button title"},{"type":"text","id":"fbpixel","label":"FB Pixel "},{"type":"header","content":"Color theme"},{"type":"color","id":"priClr","label":"Primary Color"},{"type":"color","id":"secClr","label":"Secondary Color"},{"type":"header","content":"Checkout Button"},{"type":"checkbox","id":"goEnable","label":"Enable Checkout Button","info":"To insert button use {% include 'gokwik-checkout'%}"},{"type":"text","id":"main-titile","label":"Button Text","default":"Pay via UPI\/COD"},{"type":"text","id":"sub-titile","label":"Button Sub Text"},{"type":"header","content":"Buy Now Button"},{"type":"checkbox","id":"goBuynowEnable","label":"Enable Buynow Button","info":"To insert button use {% include 'gokwik-buy-now'%}"},{"type":"text","id":"buynow-titile","label":"Button Text","default":"Gokwik Buy Now"},{"type":"color","id":"btnBClr","label":"Background Color","default":"#45e8d8"},{"type":"color","id":"btnTextClr","label":"Text Color","default":"#ffffff"}]}]