{"sections":{"16485587154c3b17c5":{"type":"slider","blocks":{"6d01287b-cda0-4301-bfb4-2344db856598":{"type":"slider_item","settings":{"background":"shopify:\/\/shop_images\/HomepageDesktop.png","mb_background":"shopify:\/\/shop_images\/new_launch_800x1000_767f15de-428c-4ab9-8ebb-2f0014fdf1f2.png","image_alignment":"center","content_in_container":false,"content_position":"center middle","text_alignment":"center","text_size":"medium","text_color":"black","subheading":"","title":"","description":"","image_link":"shopify:\/\/collections\/lip-care","banner_name":"","banner_category":"","banner_offer":"","button_text":"","button_link":"","button_style":"sf__btn-primary","button_size":"","show_footer":false,"footer_alignment":"end","footer_text":"","footer_button":"","footer_link":""}},"1648558715502cf48f-0":{"type":"slider_item","settings":{"background":"shopify:\/\/shop_images\/Ultra-Matte-Sunscreen-Homepage-Banner-1920x520.jpg","mb_background":"shopify:\/\/shop_images\/Ultra-Matte-Sunscreen-Homepage-Banner-800x1000.jpg","image_alignment":"center","content_in_container":false,"content_position":"center middle","text_alignment":"center","text_size":"medium","text_color":"black","subheading":"","title":"","description":"","image_link":"shopify:\/\/products\/squalane-ultra-matte-sunscreen-spf-50-pa","banner_name":"Banner Name 1","banner_category":"Banner Category 1","banner_offer":"Banner Offer 1","button_text":"","button_link":"","button_style":"sf__btn-primary","button_size":"","show_footer":false,"footer_alignment":"end","footer_text":"New Collection","footer_button":"Shop Now","footer_link":""}},"c1a7b43c-f208-4c1f-b346-63c6c902a911":{"type":"slider_item","disabled":true,"settings":{"background":"shopify:\/\/shop_images\/Super-Serums-Homepage-Banner-1920x520.jpg","mb_background":"shopify:\/\/shop_images\/Super-Serums-Homepage-Banner-800x1000.jpg","image_alignment":"center","content_in_container":false,"content_position":"center middle","text_alignment":"center","text_size":"medium","text_color":"black","subheading":"","title":"","description":"","image_link":"shopify:\/\/collections\/face-serums","banner_name":"","banner_category":"","banner_offer":"","button_text":"","button_link":"","button_style":"sf__btn-primary","button_size":"","show_footer":false,"footer_alignment":"end","footer_text":"New Collection","footer_button":"Shop Now","footer_link":""}},"d1475f15-a396-4142-a7d5-ae3ccdab1bae":{"type":"video_slide","disabled":true,"settings":{"video":"https:\/\/cdn.shopify.com\/s\/files\/1\/0620\/1629\/1045\/files\/10000000_4741556332566860_2433538004069085963_n.mp4?","content_in_container":false,"content_position":"center middle","text_alignment":"center","text_size":"medium","text_color":"black","subheading":"","title":"","description":"","image_link":"","button_text":"","button_link":"","button_style":"sf__btn-primary","button_size":"","show_footer":false,"footer_alignment":"end","footer_text":"New Collection","footer_button":"Shop Now","footer_link":""}},"ddd9f1b6-1770-486c-ae62-2948dbad68d1":{"type":"slider_item","disabled":true,"settings":{"background":"shopify:\/\/shop_images\/Silky-Hair-Essentials-Homepage-Banner-1920x520.jpg","mb_background":"shopify:\/\/shop_images\/Silky-Hair-Essentials-Homepage-Banner-800x1000.jpg","image_alignment":"center","content_in_container":false,"content_position":"center middle","text_alignment":"center","text_size":"medium","text_color":"black","subheading":"","title":"","description":"","image_link":"shopify:\/\/collections\/hair-care","banner_name":"","banner_category":"","banner_offer":"","button_text":"","button_link":"","button_style":"sf__btn-primary","button_size":"","show_footer":false,"footer_alignment":"end","footer_text":"New Collection","footer_button":"Shop Now","footer_link":""}}},"block_order":["6d01287b-cda0-4301-bfb4-2344db856598","1648558715502cf48f-0","c1a7b43c-f208-4c1f-b346-63c6c902a911","d1475f15-a396-4142-a7d5-ae3ccdab1bae","ddd9f1b6-1770-486c-ae62-2948dbad68d1"],"settings":{"container":"w-full","slideshow_height":"adapt","show_overlay":false,"dots_position":"bottom","dots_color":"dark","show_dots":true,"show_arrows":false,"autorotate":false,"autorotate_speed":5,"use_content_above":false,"custom_class":""}},"162251092958fcda7c":{"type":"product-tabs","blocks":{"162251092958fcda7c-1":{"type":"tab","settings":{"title":"new arrivals","collection":"new-launch"}},"162251092958fcda7c-0":{"type":"tab","settings":{"title":"best sellers","collection":"bestsellers"}},"ca2d4551-2c7d-4127-8e24-a66b44e4ece8":{"type":"tab","settings":{"title":"trending now","collection":"trending-now"}}},"block_order":["162251092958fcda7c-1","162251092958fcda7c-0","ca2d4551-2c7d-4127-8e24-a66b44e4ece8"],"settings":{"heading":"You are in","subheading":"","description":"","header_alignment":"center","container":"container","background_color":"rgba(0,0,0,0)","tab_header":"select","limit":5,"show_button":true,"button_type":"load","button_label":"Load More","button_style":"sf__btn-link","button_size":"","pcard_layout":"2","pcard_image_ratio":"","show_vendor":false,"items_per_row":5,"item_gap":30,"enable_slider":true,"show_navigation":false,"show_pagination":false,"use_scroll_mobile":true,"item_gap_mobile":16,"custom_class":""}},"16485551021516ca95":{"type":"featured-product","disabled":true,"settings":{"container":"container","featured_product":"squalane-roll-on-under-eye-serum","column_gap":100,"column_gap_mobile":30,"image_placement":"left","show_thumbnails":false,"show_quantity_selector":true,"enable_payment_button":true,"show_share_buttons":false,"custom_class":""}},"165832589104fef82d":{"type":"slider","blocks":{"1658325891cf1f048d-2":{"type":"slider_item","disabled":true,"settings":{"background":"shopify:\/\/shop_images\/Ultra-Matte-Sunscreen-Homepage-Banner-2-1920.jpg","mb_background":"shopify:\/\/shop_images\/Ultra-Matte-Sunscreen-Homepage-Banner-2-1920x600.jpg","image_alignment":"center","content_in_container":false,"content_position":"center middle","text_alignment":"center","text_size":"medium","text_color":"black","subheading":"","title":"","description":"","image_link":"shopify:\/\/products\/squalane-ultra-matte-sunscreen-spf-50-pa","banner_name":"","banner_category":"","banner_offer":"","button_text":"","button_link":"","button_style":"sf__btn-primary","button_size":"","show_footer":false,"footer_alignment":"end","footer_text":"New Collection","footer_button":"Shop Now","footer_link":""}}},"block_order":["1658325891cf1f048d-2"],"settings":{"container":"w-full","slideshow_height":"adapt","show_overlay":false,"dots_position":"bottom","dots_color":"dark","show_dots":true,"show_arrows":false,"autorotate":false,"autorotate_speed":5,"use_content_above":false,"custom_class":""}},"1658484878e068e44c":{"type":"slider","disabled":true,"blocks":{"1658484877e5650de9-0":{"type":"slider_item","settings":{"background":"shopify:\/\/shop_images\/Pilgrim-Super-Saver-Sale-Flash-Sale-Rs-99-Homepage-Banner-2-1920x300.gif","mb_background":"shopify:\/\/shop_images\/Pilgrim-Super-Saver-Sale-Flash-Sale-Rs-99-Homepage-Banner-2-1920x600.gif","image_alignment":"center","content_in_container":false,"content_position":"center middle","text_alignment":"center","text_size":"medium","text_color":"black","subheading":"","title":"","description":"","image_link":"shopify:\/\/collections\/99-store","banner_name":"","banner_category":"","banner_offer":"","button_text":"","button_link":"","button_style":"sf__btn-primary","button_size":"","show_footer":false,"footer_alignment":"end","footer_text":"","footer_button":"","footer_link":""}}},"block_order":["1658484877e5650de9-0"],"settings":{"container":"w-full","slideshow_height":"adapt","show_overlay":false,"dots_position":"bottom","dots_color":"dark","show_dots":true,"show_arrows":false,"autorotate":false,"autorotate_speed":5,"use_content_above":false,"custom_class":""}},"16582425367aa6da83":{"type":"custom-content","disabled":true,"settings":{"heading":"Super Saver Deals","subheading":"","description":"","header_alignment":"center","container":"container","background_color":"","gap":0,"use_scroll_mobile":false,"gap_mobile":0,"custom_class":"supersaver"}},"1658241940d39e9a93":{"type":"slider","disabled":true,"blocks":{"165824194015ace4ad-0":{"type":"slider_item","settings":{"background":"shopify:\/\/shop_images\/Facial-Oils-Homepage-Banner-2-1920x300.jpg","mb_background":"shopify:\/\/shop_images\/Facial-Oils-Homepage-Banner-2-1920x600.jpg","image_alignment":"center","content_in_container":false,"content_position":"center middle","text_alignment":"center","text_size":"medium","text_color":"black","subheading":"","title":"","description":"","image_link":"shopify:\/\/collections\/65-off-on-facial-oils","banner_name":"","banner_category":"","banner_offer":"","button_text":"","button_link":"","button_style":"sf__btn-primary","button_size":"","show_footer":false,"footer_alignment":"end","footer_text":"New Collection","footer_button":"Shop Now","footer_link":""}}},"block_order":["165824194015ace4ad-0"],"settings":{"container":"w-full","slideshow_height":"adapt","show_overlay":false,"dots_position":"bottom","dots_color":"dark","show_dots":true,"show_arrows":false,"autorotate":false,"autorotate_speed":5,"use_content_above":false,"custom_class":""}},"1658241955f38fe56b":{"type":"slider","disabled":true,"blocks":{"1658241955ad69d1b3-0":{"type":"slider_item","settings":{"background":"shopify:\/\/shop_images\/Hot-Picks-Homepage-Banner-2-1920x400.jpg","mb_background":"shopify:\/\/shop_images\/Hot-Picks-Homepage-Banner-2-1920x600.jpg","image_alignment":"center","content_in_container":false,"content_position":"center middle","text_alignment":"center","text_size":"medium","text_color":"black","subheading":"","title":"","description":"","image_link":"shopify:\/\/collections\/products-under-699","banner_name":"","banner_category":"","banner_offer":"","button_text":"","button_link":"","button_style":"sf__btn-primary","button_size":"","show_footer":false,"footer_alignment":"end","footer_text":"New Collection","footer_button":"Shop Now","footer_link":""}}},"block_order":["1658241955ad69d1b3-0"],"settings":{"container":"w-full","slideshow_height":"adapt","show_overlay":false,"dots_position":"bottom","dots_color":"dark","show_dots":true,"show_arrows":false,"autorotate":false,"autorotate_speed":5,"use_content_above":false,"custom_class":""}},"1658241963f112957a":{"type":"slider","disabled":true,"blocks":{"1658241963aeac394c-0":{"type":"slider_item","settings":{"background":"shopify:\/\/shop_images\/Rituals-Homepage-Banner-2-1920x400.jpg","mb_background":"shopify:\/\/shop_images\/Rituals-Homepage-Banner-2-1920x600.jpg","image_alignment":"center","content_in_container":false,"content_position":"center middle","text_alignment":"center","text_size":"medium","text_color":"black","subheading":"","title":"","description":"","image_link":"shopify:\/\/collections\/rituals-under-1249","banner_name":"","banner_category":"","banner_offer":"","button_text":"","button_link":"","button_style":"sf__btn-primary","button_size":"","show_footer":false,"footer_alignment":"end","footer_text":"","footer_button":"Shop Now","footer_link":""}}},"block_order":["1658241963aeac394c-0"],"settings":{"container":"w-full","slideshow_height":"adapt","show_overlay":false,"dots_position":"bottom","dots_color":"dark","show_dots":true,"show_arrows":false,"autorotate":false,"autorotate_speed":5,"use_content_above":false,"custom_class":""}},"1658243223c277a355":{"type":"custom-content","settings":{"heading":"Shop by Range","subheading":"","description":"","header_alignment":"center","container":"container-fluid","background_color":"","gap":30,"use_scroll_mobile":false,"gap_mobile":16,"custom_class":"supersaver"}},"16503613214a2204cc":{"type":"slider","disabled":true,"blocks":{"1650361321b57c0dae-0":{"type":"slider_item","settings":{"background":"shopify:\/\/shop_images\/Minis.png","mb_background":"shopify:\/\/shop_images\/MINIS-MOB.png","image_alignment":"center","content_in_container":false,"content_position":"center middle","text_alignment":"center","text_size":"medium","text_color":"black","subheading":"","title":"","description":"","image_link":"shopify:\/\/pages\/about-us","banner_name":"","banner_category":"","banner_offer":"","button_text":"","button_link":"shopify:\/\/collections\/frontpage","button_style":"sf__btn-primary","button_size":"","show_footer":false,"footer_alignment":"end","footer_text":"New Collection","footer_button":"Shop Now","footer_link":""}}},"block_order":["1650361321b57c0dae-0"],"settings":{"container":"w-full","slideshow_height":"adapt","show_overlay":false,"dots_position":"bottom","dots_color":"dark","show_dots":true,"show_arrows":false,"autorotate":false,"autorotate_speed":5,"use_content_above":false,"custom_class":""}},"16504456371ab20561":{"type":"slider","disabled":true,"blocks":{"16504456378561b618-0":{"type":"slider_item","settings":{"background":"shopify:\/\/shop_images\/Screenshot_2022-05-11_at_11.50.32_AM.png","mb_background":"shopify:\/\/shop_images\/Squalane_Website_Homepage_Banner_800x1200_Gif_6b13e3ba0b.gif","image_alignment":"center","content_in_container":false,"content_position":"center middle","text_alignment":"center","text_size":"medium","text_color":"black","subheading":"","title":"","description":"","image_link":"","banner_name":"","banner_category":"","banner_offer":"","button_text":"","button_link":"","button_style":"sf__btn-primary","button_size":"","show_footer":false,"footer_alignment":"end","footer_text":"New Collection","footer_button":"Shop Now","footer_link":""}}},"block_order":["16504456378561b618-0"],"settings":{"container":"w-full","slideshow_height":"adapt","show_overlay":false,"dots_position":"bottom","dots_color":"dark","show_dots":true,"show_arrows":false,"autorotate":false,"autorotate_speed":5,"use_content_above":false,"custom_class":""}},"165764332225465853":{"type":"slider","blocks":{"1657643322b933ad54-0":{"type":"slider_item","settings":{"background":"shopify:\/\/shop_images\/Jeju-1920x300_1.jpg","mb_background":"shopify:\/\/shop_images\/Jeju-1920x600_1.jpg","image_alignment":"center","content_in_container":false,"content_position":"center middle","text_alignment":"center","text_size":"medium","text_color":"black","subheading":"","title":"","description":"","image_link":"\/collections\/secrets-of-jeju-island","banner_name":"","banner_category":"","banner_offer":"","button_text":"","button_link":"","button_style":"sf__btn-primary","button_size":"","show_footer":false,"footer_alignment":"end","footer_text":"New Collection","footer_button":"Shop Now","footer_link":""}}},"block_order":["1657643322b933ad54-0"],"settings":{"container":"w-full","slideshow_height":"adapt","show_overlay":false,"dots_position":"bottom","dots_color":"dark","show_dots":true,"show_arrows":false,"autorotate":false,"autorotate_speed":5,"use_content_above":false,"custom_class":""}},"16576435285bfd2578":{"type":"slider","blocks":{"165764352806e8880f-0":{"type":"slider_item","settings":{"background":"shopify:\/\/shop_images\/Vino-1920x300_1.jpg","mb_background":"shopify:\/\/shop_images\/Vino-1920x600_1.jpg","image_alignment":"center","content_in_container":false,"content_position":"center middle","text_alignment":"center","text_size":"medium","text_color":"black","subheading":"","title":"","description":"","image_link":"shopify:\/\/collections\/secrets-of-vinotherapie","banner_name":"","banner_category":"","banner_offer":"","button_text":"","button_link":"","button_style":"sf__btn-primary","button_size":"","show_footer":false,"footer_alignment":"end","footer_text":"New Collection","footer_button":"Shop Now","footer_link":""}}},"block_order":["165764352806e8880f-0"],"settings":{"container":"w-full","slideshow_height":"adapt","show_overlay":false,"dots_position":"bottom","dots_color":"dark","show_dots":true,"show_arrows":false,"autorotate":false,"autorotate_speed":5,"use_content_above":false,"custom_class":""}},"1657643549b9c06f15":{"type":"slider","blocks":{"1657643549b4d8cf64-0":{"type":"slider_item","settings":{"background":"shopify:\/\/shop_images\/Squalane-1920x300_1.jpg","mb_background":"shopify:\/\/shop_images\/Squalane-1920x600_1.jpg","image_alignment":"center","content_in_container":false,"content_position":"center middle","text_alignment":"center","text_size":"medium","text_color":"black","subheading":"","title":"","description":"","image_link":"shopify:\/\/collections\/secrets-of-seville","banner_name":"","banner_category":"","banner_offer":"","button_text":"","button_link":"","button_style":"sf__btn-primary","button_size":"","show_footer":false,"footer_alignment":"end","footer_text":"New Collection","footer_button":"Shop Now","footer_link":""}}},"block_order":["1657643549b4d8cf64-0"],"settings":{"container":"w-full","slideshow_height":"adapt","show_overlay":false,"dots_position":"bottom","dots_color":"dark","show_dots":true,"show_arrows":false,"autorotate":false,"autorotate_speed":5,"use_content_above":false,"custom_class":""}},"1651754583fdd00906":{"type":"product-tabs","blocks":{"fd2811a8-3ac9-424d-80f9-c336a6c44418":{"type":"tab","settings":{"title":"Face Care Products","collection":"face-care"}},"16517545830994d5a0-0":{"type":"tab","settings":{"title":"Body Care Products","collection":"bath-body"}},"4b48c8fe-d420-4017-9ff1-4b5870e725e6":{"type":"tab","settings":{"title":"Hair Care Products","collection":"hair-care"}}},"block_order":["fd2811a8-3ac9-424d-80f9-c336a6c44418","16517545830994d5a0-0","4b48c8fe-d420-4017-9ff1-4b5870e725e6"],"settings":{"heading":"Shop from our","subheading":"","description":"These products topped the Pilgrim charts this month and are clear customer favorites!","header_alignment":"center","container":"container","background_color":"rgba(0,0,0,0)","tab_header":"select","limit":4,"show_button":true,"button_type":"load","button_label":"View all","button_style":"sf__btn-link","button_size":"","pcard_layout":"4","pcard_image_ratio":"","show_vendor":false,"items_per_row":4,"item_gap":30,"enable_slider":false,"show_navigation":true,"show_pagination":false,"use_scroll_mobile":true,"item_gap_mobile":16,"custom_class":""}},"1648457095be05cac1":{"type":"custom-content","blocks":{"1648457095db8c48ea-0":{"type":"text","settings":{"title":"The Pilgrim Code","subheading":"","text":"<p>Pilgrim is \"Clean Compatible\". Not just free of harmful and toxic chemicals but uses only those ingredients that either enhance the health of our hair & skin or support the effectiveness of formulations. <\/p>","width":"50%","alignment":"center","align_text":"center","text_size":"medium","text_color":"black","button_label":"","button_link":"","button_style":"sf__btn-primary","button_size":"","block_custom_class":""}},"1648457095db8c48ea-1":{"type":"image","settings":{"image":"shopify:\/\/shop_images\/Pilgrim-Code-1080px.png","link":"","width":"50%","alignment":"center","block_custom_class":""}}},"block_order":["1648457095db8c48ea-0","1648457095db8c48ea-1"],"settings":{"heading":"","subheading":"","description":"","header_alignment":"center","container":"container","background_color":"#fff7e5","gap":30,"use_scroll_mobile":false,"gap_mobile":16,"custom_class":""}},"1657645934a1bfa5cd":{"type":"slider","blocks":{"1657645934e72c6d99-0":{"type":"slider_item","settings":{"background":"shopify:\/\/shop_images\/Skincare-Ingredient-1920x400_1.jpg","mb_background":"shopify:\/\/shop_images\/Skincare-Ingredient_2_1.jpg","image_alignment":"center","content_in_container":false,"content_position":"center middle","text_alignment":"center","text_size":"medium","text_color":"black","subheading":"","title":"","description":"","image_link":"shopify:\/\/pages\/shop-by-ingredients","banner_name":"","banner_category":"","banner_offer":"","button_text":"","button_link":"","button_style":"sf__btn-primary","button_size":"","show_footer":false,"footer_alignment":"end","footer_text":"New Collection","footer_button":"Shop Now","footer_link":""}}},"block_order":["1657645934e72c6d99-0"],"settings":{"container":"w-full","slideshow_height":"adapt","show_overlay":false,"dots_position":"bottom","dots_color":"dark","show_dots":true,"show_arrows":false,"autorotate":false,"autorotate_speed":5,"use_content_above":false,"custom_class":""}},"164846421547354421":{"type":"brands-list","blocks":{"164846421594669467-0":{"type":"image","settings":{"image":"shopify:\/\/shop_images\/swirlster.png","image_by_url":"","image_link":"","max_width":"150px"}},"164846421594669467-1":{"type":"image","settings":{"image":"shopify:\/\/shop_images\/Femina.png","image_by_url":"","image_link":"","max_width":"150px"}},"164846421594669467-2":{"type":"image","settings":{"image":"shopify:\/\/shop_images\/grazia.png","image_by_url":"","image_link":"","max_width":"150px"}},"0494a7af-00ac-4367-a015-ab660499d67d":{"type":"image","settings":{"image":"shopify:\/\/shop_images\/femia-power.png","image_by_url":"","image_link":"","max_width":"150px"}},"164846421594669467-3":{"type":"image","settings":{"image":"shopify:\/\/shop_images\/cosmopolitan.png","image_by_url":"","image_link":"","max_width":"150px"}},"6070f70f-3e44-4af4-b8fd-ef1e14193745":{"type":"image","settings":{"image":"shopify:\/\/shop_images\/i-diva.png","image_by_url":"","image_link":"","max_width":"150px"}},"2a677aa7-fe8a-4917-98f9-0af4d84b240d":{"type":"image","settings":{"image":"shopify:\/\/shop_images\/the-times-of-india.png","image_by_url":"","image_link":"","max_width":"150px"}}},"block_order":["164846421594669467-0","164846421594669467-1","164846421594669467-2","0494a7af-00ac-4367-a015-ab660499d67d","164846421594669467-3","6070f70f-3e44-4af4-b8fd-ef1e14193745","2a677aa7-fe8a-4917-98f9-0af4d84b240d"],"settings":{"heading":"As mentioned on","subheading":"","header_alignment":"center","container":"container","background_color":"rgba(0,0,0,0)","item_per_row":7,"enable_slider":true,"autorotate":true,"autorotate_speed":2,"custom_class":"asmentionedon"}},"16485531548d73f50c":{"type":"testimonials","blocks":{"164855315466722f21-0":{"type":"testimonial","settings":{"title":"Kimaya","description":"<p>These are the best Korean Beauty Products I have ever tried. Also available at competitive prices. Recommended!<\/p>","footer":"<p>Kimaya Vartak - Fashion Blogger <\/p>","image":"shopify:\/\/shop_images\/kimaya1.jpg","image_text":"","image_link":"","product":""}},"164855315466722f21-1":{"type":"testimonial","settings":{"title":"Pranjal","description":"<p>I have always been fond of K Beauty, but found it expensive. Happy that Pilgrim has introduced K beauty at affordable prices.<\/p>","footer":"<p>Pranjal Dave - HR - Pune<\/p>","image":"shopify:\/\/shop_images\/pranjal2.jpg","image_text":"","image_link":"","product":""}},"953b3726-5793-4632-9637-d28065fd4ed0":{"type":"testimonial","settings":{"title":"Neha","description":"<p>The body ritual consisting of volcanic lava ash and shea-cocoa butter are amazing. Love the fragrance and fresh feeling. <\/p>","footer":"<p>Neha - Jaipur<\/p>","image":"shopify:\/\/shop_images\/neha5.jpg","image_text":"","image_link":"","product":""}},"9d6beced-1928-48e8-a6ee-a55b83bc55a5":{"type":"testimonial","settings":{"title":"Vidya","description":"<p>Sulphate free shampoo & hair mask have been a saviour. My friends are asking me the secret of my shiny & smooth hair.<\/p>","footer":"<p>Vidya - Pune<\/p>","image":"shopify:\/\/shop_images\/vidya7.jpg","image_text":"","image_link":"","product":""}},"9d2158f1-3d18-4240-b85e-033603354541":{"type":"testimonial","settings":{"title":"Tuhina","description":"<p>Have been using the Vitamin C Serum for a few weeks now. I can clearly see that the skin is glowing & pigmentation has reduced. <\/p>","footer":"<p>Tuhina - Bangalore<\/p>","image":"shopify:\/\/shop_images\/tuhina6.jpg","image_text":"","image_link":"","product":""}},"abbafc1d-3d1a-4a3f-9720-35427fb26268":{"type":"testimonial","settings":{"title":"Sakshi","description":"<p>The rituals are very thoughtfully designed, I am using the Jeju Face Ritual (Premium) and Jeju Body Ritual. Extremely happy.<\/p>","footer":"<p>Sakshi Singh - Delhi<\/p>","image":"shopify:\/\/shop_images\/sakshi_singh4.jpg","image_text":"","image_link":"","product":""}}},"block_order":["164855315466722f21-0","164855315466722f21-1","953b3726-5793-4632-9637-d28065fd4ed0","9d6beced-1928-48e8-a6ee-a55b83bc55a5","9d2158f1-3d18-4240-b85e-033603354541","abbafc1d-3d1a-4a3f-9720-35427fb26268"],"settings":{"heading":"Why consumers love us?","subheading":"","description":"","header_alignment":"center","container":"w-full","background_color":"#f5f5f5","design":"testimonials-2","show_stars":true,"autorotate":true,"show_navigation":false,"show_pagination":true,"star_color":"#eb6e00","custom_class":""}},"16485555480472ded5":{"type":"newsletter","disabled":true,"settings":{"container":"container","background_color":"#fff7e5","form_layout":"vertical","form_design":"1","heading":"We also make emails.","description":"<p>Receive email updates on stuff you’ll probably want to know about, including products, launches, and events. Unsubscribe anytime.<\/p>","email_placeholder":"Enter your email","submit_button":"Subscribe","text_color":"black","show_icon":true,"icon_img":"shopify:\/\/shop_images\/Mail-Icon-250x250px.png","icon_img_width":"70","show_agreement":false}},"1648557193a3e5d677":{"type":"recent-viewed-products","settings":{"container":"container","heading":"Recently Viewed Products","limit":8,"columns":4,"column_gap":30,"enable_slider":true}},"1648464223148270d6":{"type":"custom-content","disabled":true,"blocks":{"1648464222fa1cba89-1":{"type":"image","disabled":true,"settings":{"image":"shopify:\/\/shop_images\/Screenshot_20.png","link":"","width":"100%","alignment":"center","block_custom_class":""}}},"block_order":["1648464222fa1cba89-1"],"settings":{"heading":"","subheading":"","description":"","header_alignment":"center","container":"w-full","background_color":"","gap":30,"use_scroll_mobile":false,"gap_mobile":16,"custom_class":""}},"1658236852ce4fec03":{"type":"apps","blocks":{"6198bccb-0009-4f8e-b075-7b2788ee0f05":{"type":"shopify:\/\/apps\/instafeed-instagram-feed-story\/blocks\/app-block-feeds\/4169bff3-1d6b-44ad-9377-2ebc3d31f01c","settings":{}}},"block_order":["6198bccb-0009-4f8e-b075-7b2788ee0f05"],"settings":{"heading":"","subheading":"","header_alignment":"center","container":"container","background_color":"","custom_class":""}},"16517562945ba9e681":{"type":"slider","blocks":{"16517562941c2712d5-2":{"type":"slider_item","settings":{"background":"shopify:\/\/shop_images\/Free-Delivery-Strip-1920px_1.jpg","mb_background":"shopify:\/\/shop_images\/mobileBanner_f935c9d5-01e0-4524-93ff-74a4ea61fc06.png","image_alignment":"center","content_in_container":true,"content_position":"center middle","text_alignment":"center","text_size":"medium","text_color":"black","subheading":"","title":"","description":"","image_link":"","banner_name":"","banner_category":"","banner_offer":"","button_text":"","button_link":"","button_style":"sf__btn-primary","button_size":"","show_footer":false,"footer_alignment":"end","footer_text":"New Collection","footer_button":"Shop Now","footer_link":""}}},"block_order":["16517562941c2712d5-2"],"settings":{"container":"w-full","slideshow_height":"adapt","show_overlay":false,"dots_position":"bottom","dots_color":"dark","show_dots":true,"show_arrows":false,"autorotate":false,"autorotate_speed":5,"use_content_above":false,"custom_class":""}}},"order":["16485587154c3b17c5","162251092958fcda7c","16485551021516ca95","165832589104fef82d","1658484878e068e44c","16582425367aa6da83","1658241940d39e9a93","1658241955f38fe56b","1658241963f112957a","1658243223c277a355","16503613214a2204cc","16504456371ab20561","165764332225465853","16576435285bfd2578","1657643549b9c06f15","1651754583fdd00906","1648457095be05cac1","1657645934a1bfa5cd","164846421547354421","16485531548d73f50c","16485555480472ded5","1648557193a3e5d677","1648464223148270d6","1658236852ce4fec03","16517562945ba9e681"]}