{"sections":{"breadcrumb":{"type":"breadcrumb","disabled":true,"settings":{"container":"container-fluid","text_alignment":"center","hide_current":false,"hide_on_mb":true}},"main":{"type":"main-product","blocks":{"6fdcc8bc-3d20-4ef3-975e-f5b408078378":{"type":"badge","settings":{}},"title":{"type":"title","settings":{}},"fc817cd4-5da6-4582-9ea9-f38d291462e4":{"type":"text","settings":{"text":"","text_style":"subtitle"}},"fb695ddd-0c19-4770-a133-8956559f8188":{"type":"short_description","settings":{}},"price":{"type":"price","settings":{"show_saving":true}},"b90547e3-4ff9-4c96-8e29-ba62028f3c33":{"type":"text","settings":{"text":"Inclusive of all taxes.","text_style":"subtitle"}},"variant_picker":{"type":"variant_picker","settings":{"size_title":"Size"}},"69c66ebd-3bef-4c30-8100-5a4d3ec72fe7":{"type":"custom_text","settings":{"content":"<p><strong>Skin Type: <\/strong>{{ product.metafields.my_fields.rich_text_skin_type_batc.value }}<\/p><p><\/p>"}},"72692ee8-3aee-4218-82bb-10d1a44571a6":{"type":"meta","disabled":true,"settings":{"show_collections":false,"show_vendor":false,"show_type":false,"show_availability":true,"show_sku":false}},"72450240-aaf2-4f56-a5de-77f831ec962e":{"type":"image","disabled":true,"settings":{"image":"shopify:\/\/shop_images\/Pilgrim-Code-Banner2.png","image_link":"","image_width":100,"image_alignment":"start"}},"5280f643-27c2-4cdd-b133-393ce6a5c91c":{"type":"shipping","settings":{"show_delivery_times":true,"deliver_text":"Get it by:","deliver_days":"7","show_shipping_text":false,"shipping_text":"<p><strong>Free Shipping & Returns: <\/strong>On all orders over $75<\/p>"}},"addons":{"type":"addons","disabled":true,"settings":{"show_atcp":false,"show_ask_a_question":false,"show_social":false}},"3c252586-d180-470f-bc03-521a714f69e4":{"type":"image","disabled":true,"settings":{"image":"shopify:\/\/shop_images\/mobileBanner.png","image_link":"","image_width":100,"image_alignment":"center"}},"59a28a0b-8f3a-4f74-8dbc-253db809c3bc":{"type":"custom_text","settings":{"content":"<p><strong>Limited Period Offer:<\/strong><\/p><p><strong>Buy 2 Get 2 Free<\/strong> | Add 4 to Cart to get 2 of them free. <\/p><p>Shop skincare worth ₹2999 to get a <strong>FREE Pilgrim Vanity Bag<\/strong>. <\/p>"}},"fa9988f4-1a0a-4eb0-abe4-3a50cc1f23b2":{"type":"image","disabled":true,"settings":{"image":"shopify:\/\/shop_images\/Offers.png","image_link":"","image_width":100,"image_alignment":"start"}},"9254da6c-36a5-481b-967a-e8316a844800":{"type":"text","settings":{"text":"{{ product.metafields.my_fields.after_atc_single_line_text.value }}","text_style":"uppercase"}},"ed6a5f5a-6faa-419f-a05d-b41cb8c3f7f8":{"type":"text","settings":{"text":"{{ product.metafields.my_fields.after_atc_long_text | metafield_text }}","text_style":"body"}},"2a3fe451-4b2e-4cff-85e5-3bc0a34ac193":{"type":"custom_liquid","settings":{"custom_liquid":"<script>\nasync function fetchAsync () {\npin=document.getElementById(\"pincode\").value;\nurl='https:\/\/www.discoverpilgrim.com\/rest\/V1\/growisto-pincode\/pincodelist?pincode='+pin;\n  let response = await fetch(url);\n  let data = await response.json();\nconsole.log(data);\ntxt='';\ntxt=txt+'Delivery to '+data[0].city+',India<\/br>';\ntxt=txt+'Delivery By '+data[0].duration+'<\/br>';\ntxt=txt+'Cash On Delivery '+data[0].cod+'<\/br>';\ndocument.getElementById(\"pinlist\").innerHTML=txt;\n}\n<\/script>\n<input type=\"text\" id=\"pincode\" class=\"form-control\" placeholder=\"Enter Pincode\"><button onclick=\"fetchAsync();\" name=\"add\" class=\"delivery-check-button\">\n <span class=\"not-change atc-text\">Check Delivery<br><\/span>\n<\/button>\n<p style=\"font-size:16px;color:#888888;\" id=\"pinlist\"><\/p>"}},"95c90e06-4947-4bd1-a52e-0a0d6f1cb3dc":{"type":"image","settings":{"image":"shopify:\/\/shop_images\/Pilgrim-Code-Banner2_1.png","image_link":"","image_width":100,"image_alignment":"start"}},"d35a65db-29b2-4f88-9303-213016244070":{"type":"foxkit_stock_countdown","settings":{}},"buy_buttons":{"type":"buy_buttons","settings":{"show_quantity_selector":false,"show_atc_button":true,"show_dynamic_checkout":false}},"c6ae0a00-eae3-4e31-bdfa-9e749744ae5f":{"type":"visitors","disabled":true,"settings":{"live_views_text":"{count_number} people are viewing this right now","live_views_range":"20-30","live_view_duration":"10","live_view_icon_blinks":true}},"1f68e718-1b12-470a-86ff-7946bdb22519":{"type":"image","disabled":true,"settings":{"image":"shopify:\/\/shop_images\/Screenshot_21.png","image_link":"","image_width":100,"image_alignment":"start"}},"42131949-5af5-4adf-bdb7-8e12d71756b0":{"type":"image","disabled":true,"settings":{"image":"shopify:\/\/shop_images\/Screenshot_14.png","image_link":"","image_width":100,"image_alignment":"center"}},"2dd857ae-f0fc-46c7-9fa7-cd9338c43b64":{"type":"image","disabled":true,"settings":{"image":"shopify:\/\/shop_images\/Screenshot_16.png","image_link":"","image_width":100,"image_alignment":"start"}},"38e7d337-e4ba-495f-9b6a-d96e01e39337":{"type":"custom_liquid","settings":{"custom_liquid":"<div id='cssmenu'>\n   <ul>\n   <li><a href='#'><span>Why should you buy it?<\/span><\/a><\/li>\n   <li><a href='\/#ingredients'><span>Ingredients<\/span><\/a><\/li>\n   <li><a href='#'><span>How to use it?<\/span><\/a><\/li>\n   <li><a href='#'><span>FAQs<\/span><\/a><\/li>     \n   <li><a href=\"#\"><span>Reviews<\/span><\/a><\/li>\n   <\/ul>\n   <\/div>"}}},"block_order":["6fdcc8bc-3d20-4ef3-975e-f5b408078378","title","fc817cd4-5da6-4582-9ea9-f38d291462e4","fb695ddd-0c19-4770-a133-8956559f8188","price","b90547e3-4ff9-4c96-8e29-ba62028f3c33","variant_picker","69c66ebd-3bef-4c30-8100-5a4d3ec72fe7","72692ee8-3aee-4218-82bb-10d1a44571a6","72450240-aaf2-4f56-a5de-77f831ec962e","5280f643-27c2-4cdd-b133-393ce6a5c91c","addons","3c252586-d180-470f-bc03-521a714f69e4","59a28a0b-8f3a-4f74-8dbc-253db809c3bc","fa9988f4-1a0a-4eb0-abe4-3a50cc1f23b2","9254da6c-36a5-481b-967a-e8316a844800","ed6a5f5a-6faa-419f-a05d-b41cb8c3f7f8","2a3fe451-4b2e-4cff-85e5-3bc0a34ac193","95c90e06-4947-4bd1-a52e-0a0d6f1cb3dc","d35a65db-29b2-4f88-9303-213016244070","buy_buttons","c6ae0a00-eae3-4e31-bdfa-9e749744ae5f","1f68e718-1b12-470a-86ff-7946bdb22519","42131949-5af5-4adf-bdb7-8e12d71756b0","2dd857ae-f0fc-46c7-9fa7-cd9338c43b64","38e7d337-e4ba-495f-9b6a-d96e01e39337"],"settings":{"container":"container-fluid","layout":"layout-6","show_atwl":false,"enable_history_state":true,"show_zoom_button":true,"enable_video_autoplay":false,"show_nav_media_mobile":true,"show_pagination_mobile":true,"use_sticky_atc":true,"use_sticky_atc_on_mobile":true,"enable_dynamic_checkout":false,"sticky_atc_wishtlist":false,"sticky_atc_compare":false}},"16506209382af735e6":{"type":"custom-content","disabled":true,"blocks":{"16506209388131c918-0":{"type":"text","disabled":true,"settings":{"title":"Talk about your brand","subheading":"","text":"<p>Use this text to share information about your brand with your customers. Describe a product, share announcements, or welcome customers to your store.<\/p>","width":"50%","alignment":"center","align_text":"left","text_size":"medium","text_color":"black","button_label":"","button_link":"","button_style":"sf__btn-primary","button_size":"","block_custom_class":""}},"16506209388131c918-1":{"type":"image","disabled":true,"settings":{"link":"","width":"50%","alignment":"center","block_custom_class":""}},"e9772d47-2821-453b-bbc8-5d1939107a48":{"type":"html","disabled":true,"settings":{"code":"<script>\nasync function fetchAsync () {\npin=document.getElementById(\"pincode\").value;\nurl='https:\/\/www.discoverpilgrim.com\/rest\/V1\/growisto-pincode\/pincodelist?pincode='+pin;\n  let response = await fetch(url);\n  let data = await response.json();\nconsole.log(data);\ntxt='';\ntxt=txt+'Delivery to '+data[0].city+',India<\/br>';\ntxt=txt+'Delivery By '+data[0].duration+'<\/br>';\ntxt=txt+'Cash On Delivery '+data[0].cod+'<\/br>';\ndocument.getElementById(\"pinlist\").innerHTML=txt;\n}\n<\/script>\n<input type=\"text\" id=\"pincode\" class=\"form-control\" placeholder=\"Enter Pincode\"><button onclick=\"fetchAsync();\" name=\"add\" class=\"delivery-check-button\">\n <span class=\"not-change atc-text\">Check Delivery<br><\/span>\n<\/button>\n<p style=\"font-size:16px;color:#888888;\" id=\"pinlist\"><\/p>","width":"50%","block_custom_class":""}},"86826b95-e485-4982-bc9d-4ce93d32b675":{"type":"html","disabled":true,"settings":{"code":"","width":"50%","block_custom_class":""}}},"block_order":["16506209388131c918-0","16506209388131c918-1","e9772d47-2821-453b-bbc8-5d1939107a48","86826b95-e485-4982-bc9d-4ce93d32b675"],"settings":{"heading":"","subheading":"","description":"","header_alignment":"center","container":"container-fluid","background_color":"","gap":30,"use_scroll_mobile":false,"gap_mobile":16,"custom_class":""}},"1646993463adb23965":{"type":"brands-list","disabled":true,"blocks":{"1646993463717ee5b8-0":{"type":"image","settings":{"image_by_url":"https:\/\/www.discoverpilgrim.com\/blog\/wp-content\/uploads\/2022\/03\/Brightens-Skin-1.jpg","image_link":"","max_width":""}},"1646993463717ee5b8-1":{"type":"image","settings":{"image_by_url":"https:\/\/www.discoverpilgrim.com\/blog\/wp-content\/uploads\/2022\/03\/Acne-Scars-_-Pigmentation-2.jpg","image_link":"","max_width":""}},"1646993463717ee5b8-2":{"type":"image","settings":{"image_by_url":"https:\/\/www.discoverpilgrim.com\/blog\/wp-content\/uploads\/2022\/03\/Hydrates-_-Nourishes-3.jpg","image_link":"","max_width":""}}},"block_order":["1646993463717ee5b8-0","1646993463717ee5b8-1","1646993463717ee5b8-2"],"settings":{"heading":"Serum For Brighter, Even-Looking Skin","subheading":"","header_alignment":"center","container":"w-full","background_color":"#ffffff","item_per_row":3,"enable_slider":true,"autorotate":false,"autorotate_speed":3,"custom_class":""}},"1649421832ffd2c403":{"type":"custom-content","disabled":true,"blocks":{"1649421832b43191dd-1":{"type":"image","disabled":true,"settings":{"image":"shopify:\/\/shop_images\/Screenshot_16.png","link":"","width":"100%","alignment":"center","block_custom_class":""}},"1649421832b43191dd-0":{"type":"text","settings":{"title":"","subheading":"","text":"","width":"50%","alignment":"center","align_text":"left","text_size":"medium","text_color":"black","button_label":"","button_link":"","button_style":"sf__btn-primary","button_size":"","block_custom_class":""}},"dc4fd512-a5a1-4c48-943c-749fd2608f3c":{"type":"html","settings":{"code":"<script src=\"https:\/\/cdnjs.cloudflare.com\/ajax\/libs\/jquery\/3.3.1\/jquery.min.js\" charset=\"utf-8\"><\/script>\n  <script src=\"https:\/\/cdnjs.cloudflare.com\/ajax\/libs\/easy-pie-chart\/2.1.6\/jquery.easypiechart.min.js\" charset=\"utf-8\"><\/script>\n\n<div class=\"container\">\n  <div class=\"box\">\n    <div class=\"chart\" data-percent=\"93\">93%<\/div>\n    <p>agreed complexion was brighter<\/p>\n<p style=\"font-size: 10px;\">based on consumer feedback after 6 weeks of recommended usage.<\/p>\n  <\/div>\n<!--\n  <div class=\"box\">\n    <div class=\"chart\" data-percent=\"72\">72%<\/div>\n    <h2>CSS<\/h2>\n  <\/div>\n  <div class=\"box\">\n    <div class=\"chart\" data-percent=\"81\">81%<\/div>\n    <h2>JAVASCRIPT<\/h2>\n  <\/div>-->\n \n<\/div>\n\n<script type=\"text\/javascript\">\n  $(function() {\n  $('.chart').easyPieChart({\n    size: 160,\n    barColor: \"#2E4D2C\",\n    scaleLength: 0,\n    lineWidth: 15,\n    trackColor: \"#cdcdcd\",\n    lineCap: \"circle\",\n    animate: 4000,\n  });\n});\n<\/script>","width":"100%","block_custom_class":"progressbar"}}},"block_order":["1649421832b43191dd-1","1649421832b43191dd-0","dc4fd512-a5a1-4c48-943c-749fd2608f3c"],"settings":{"heading":"","subheading":"","description":"","header_alignment":"center","container":"container-fluid","background_color":"","gap":30,"use_scroll_mobile":false,"gap_mobile":16,"custom_class":""}},"1651139854f44d7ef9":{"type":"custom-liquid","settings":{"custom_liquid":"{{ product.metafields.my_fields.product_percentage_wheel.value }}","custom_class":"progressbar"}},"164915271427f815ac":{"type":"brands-list","blocks":{"16491527141a61a323-0":{"type":"image","settings":{"image_by_url":"{{ product.metafields.my_fields.test_benefit_url.value }}","image_link":"","max_width":""}},"16491527141a61a323-1":{"type":"image","settings":{"image_by_url":"{{ product.metafields.my_fields.after_atc_benefit2_url.value }}","image_link":"","max_width":""}},"16491527141a61a323-2":{"type":"image","settings":{"image_by_url":"{{ product.metafields.my_fields.after_atc_benefit3_url.value }}","image_link":"","max_width":""}}},"block_order":["16491527141a61a323-0","16491527141a61a323-1","16491527141a61a323-2"],"settings":{"heading":"Why should you buy it?","subheading":"","header_alignment":"center","container":"w-full","background_color":"rgba(0,0,0,0)","item_per_row":3,"enable_slider":true,"autorotate":false,"autorotate_speed":3,"custom_class":""}},"16469937253d88821b":{"type":"brands-list","disabled":true,"blocks":{"16469937251640f735-0":{"type":"image","settings":{"image":"shopify:\/\/shop_images\/Olives.png","image_by_url":"","image_link":"","max_width":"320"}},"16469937251640f735-1":{"type":"image","settings":{"image":"shopify:\/\/shop_images\/TA.png","image_by_url":"","image_link":"","max_width":""}},"16469937251640f735-2":{"type":"image","settings":{"image":"shopify:\/\/shop_images\/alpha-arb.png","image_by_url":"","image_link":"","max_width":""}}},"block_order":["16469937251640f735-0","16469937251640f735-1","16469937251640f735-2"],"settings":{"heading":"Powerful Ingredients Backed By Science!","subheading":"","header_alignment":"center","container":"w-full","background_color":"rgba(0,0,0,0)","item_per_row":3,"enable_slider":true,"autorotate":false,"autorotate_speed":3,"custom_class":""}},"1649423747e36b7aa6":{"type":"custom-content","blocks":{"1649423746e093507a-1":{"type":"image","settings":{"image":"{{ product.metafields.my_fields.after_atc_ingredient_image1.value }}","link":"","width":"33%","alignment":"center","block_custom_class":""}},"871f1eb8-75c9-4903-a5e3-198216cf3b57":{"type":"image","settings":{"image":"{{ product.metafields.my_fields.after_atc_ingredient_image2.value }}","link":"","width":"33%","alignment":"center","block_custom_class":""}},"52df1164-6690-458e-9c4e-1db838514a2e":{"type":"image","settings":{"image":"{{ product.metafields.my_fields.after_atc_ingredient_image3.value }}","link":"","width":"33%","alignment":"center","block_custom_class":""}}},"block_order":["1649423746e093507a-1","871f1eb8-75c9-4903-a5e3-198216cf3b57","52df1164-6690-458e-9c4e-1db838514a2e"],"settings":{"heading":"Powerful Ingredients","subheading":"","description":"","header_alignment":"center","container":"container","background_color":"","gap":25,"use_scroll_mobile":true,"gap_mobile":10,"custom_class":"powerful-ingredients"}},"16494867301842afff":{"type":"collapsible-tabs","blocks":{"16494867307dbee142-0":{"type":"item","settings":{"header":"See All Ingredients","content":"<p>{{ product.metafields.my_fields.after_atc_test_ingrdients.value }}<\/p>","content_page":"","open":false}}},"block_order":["16494867307dbee142-0"],"settings":{"container":"container-narrow"}},"1648124814f79336e0":{"type":"collection-list","blocks":{"16481248138709d903-0":{"type":"collection_block","settings":{"collection":"","title":"Step 1","item_image":"shopify:\/\/shop_images\/LANEIGE_WSM_HowToUse_242x242-1alt_240x240_crop_center_ada43e4e-2300-4787-a9e1-78ef28bedea0.gif"}},"16481248138709d903-1":{"type":"collection_block","settings":{"collection":"","title":"Step 2","item_image":"shopify:\/\/shop_images\/LANEIGE_WSM_HowToUse_242x242-2_240x240_crop_center_1d71a59e-dc60-4938-976d-91148b105b35.gif"}},"16481248138709d903-2":{"type":"collection_block","settings":{"collection":"","title":"Step 3","item_image":"shopify:\/\/shop_images\/LANEIGE_WSM_HowToUse_242x242-3_240x240_crop_center_d27e728c-84f6-4a19-9fd6-be09be96766d.gif"}}},"block_order":["16481248138709d903-0","16481248138709d903-1","16481248138709d903-2"],"settings":{"heading":"How to use?","subheading":"","description":"","header_alignment":"center","container":"container-fluid","background_color":"","layout":"grid","card_style":"standard","text_alignment":"left","hover_effect":"scaling-down","show_product_count":true,"count_inline_title":true,"image_rounded":false,"items_per_row":3,"item_gap":30,"enable_slider":true,"show_pagination":false,"show_navigation":false,"autorotate":false,"autorotate_speed":5,"use_scroll_mobile":true,"mobile_gap":26,"hidden_slide_control_mobile":false,"custom_class":""}},"1648619146160301d6":{"type":"slider","blocks":{"164861914596188589-0":{"type":"slider_item","settings":{"background":"shopify:\/\/shop_images\/Squalane-Range-Banner-1920x500px_2.jpg","mb_background":"shopify:\/\/shop_images\/Range-Banner.png","image_alignment":"left center","content_in_container":false,"content_position":"center middle","text_alignment":"center","text_size":"medium","text_color":"black","subheading":"","title":"","description":"","image_link":"","button_text":"","button_link":"","button_style":"sf__btn-primary","button_size":"","show_footer":false,"footer_alignment":"end","footer_text":"","footer_button":"","footer_link":""}},"ab3973a3-053d-4018-93a3-73ec98f03be9":{"type":"slider_item","disabled":true,"settings":{"mb_background":"shopify:\/\/shop_images\/Screenshot_17.png","image_alignment":"left center","content_in_container":true,"content_position":"center middle","text_alignment":"center","text_size":"medium","text_color":"black","subheading":"","title":"","description":"","image_link":"","button_text":"","button_link":"","button_style":"sf__btn-primary","button_size":"","show_footer":false,"footer_alignment":"end","footer_text":"New Collection","footer_button":"Shop Now","footer_link":""}}},"block_order":["164861914596188589-0","ab3973a3-053d-4018-93a3-73ec98f03be9"],"settings":{"container":"w-full","slideshow_height":"adapt","show_overlay":false,"dots_position":"bottom","dots_color":"dark","show_dots":false,"show_arrows":false,"autorotate":false,"autorotate_speed":5,"use_content_above":false,"custom_class":"ingredients"}},"product-recommendations":{"type":"product-recommendations","settings":{"container":"w-full","heading":"You May Also Like","limit":10,"columns":4,"column_gap":30,"enable_slider":true}},"1650100479e3b0d30f":{"type":"apps","blocks":{"ab29edfc-7cf1-483e-9317-54020e9f736c":{"type":"shopify:\/\/apps\/judge-me-product-reviews\/blocks\/review_widget\/61ccd3b1-a9f2-4160-9fe9-4fec8413e5d8","settings":{}}},"block_order":["ab29edfc-7cf1-483e-9317-54020e9f736c"],"settings":{"heading":"","subheading":"","header_alignment":"center","container":"container","background_color":"","custom_class":""}},"product-details-tabs":{"type":"product-details-tabs","disabled":true,"blocks":{"e3684d89-7992-4811-98a0-4e38529b4fbb":{"type":"reviews","settings":{"header":"Customer Reviews","container":"container-fluid","custom_liquid":""}},"tab":{"type":"tab","disabled":true,"settings":{"header":"Shipping & Return","content":"","content_page":"shipping-returns"}},"description":{"type":"description","disabled":true,"settings":{"header":"Know more about {{ product.title }}"}}},"block_order":["e3684d89-7992-4811-98a0-4e38529b4fbb","tab","description"],"settings":{"container":"container","bg_color":"","default_open":false}},"recent-viewed-products":{"type":"recent-viewed-products","settings":{"container":"w-full","heading":"Recently Viewed","limit":10,"columns":4,"column_gap":50,"enable_slider":true}},"1648812650086f3132":{"type":"custom-content","disabled":true,"blocks":{"eb1e8a4b-07e2-47f9-be13-dd6ce954274c":{"type":"html","settings":{"code":"","width":"50%","block_custom_class":""}},"2d80e6cb-bf06-4c88-bc8d-3e9ecb23e782":{"type":"text","disabled":true,"settings":{"title":"Talk about your brand","subheading":"","text":"<p>&lt;htmk&gt;<\/p>","width":"50%","alignment":"center","align_text":"left","text_size":"medium","text_color":"black","button_label":"","button_link":"","button_style":"sf__btn-primary","button_size":"","block_custom_class":""}}},"block_order":["eb1e8a4b-07e2-47f9-be13-dd6ce954274c","2d80e6cb-bf06-4c88-bc8d-3e9ecb23e782"],"settings":{"heading":"Testing ingredients","subheading":"","description":"& Save More","header_alignment":"center","container":"w-full","background_color":"#ffffff","gap":0,"use_scroll_mobile":false,"gap_mobile":0,"custom_class":""}},"1646984587378af498":{"type":"new-featured-product","disabled":true,"blocks":{"164698458700ac6740-0":{"type":"title","settings":{}},"4d6a3dba-f697-4a15-8faa-b15bbf472026":{"type":"custom_text","settings":{"content":"<p>Red Vine Face Wash<br\/>Red Vine Face Mist & Toner<br\/>Red Vine Night Gel Crème<\/p>"}},"164698458700ac6740-1":{"type":"price","settings":{}},"164698458700ac6740-3":{"type":"buy_buttons","settings":{"show_quantity_selector":false,"show_atc_button":true,"show_dynamic_checkout":false}}},"block_order":["164698458700ac6740-0","4d6a3dba-f697-4a15-8faa-b15bbf472026","164698458700ac6740-1","164698458700ac6740-3"],"settings":{"container":"container-fluid","background_color":"#ffffff","featured_product":"{{ product }}","column_gap":10,"column_gap_mobile":0,"image_placement":"left","custom_class":""}},"1646984937921f1372":{"type":"video","disabled":true,"settings":{"container":"container-fluid","background_color":"","video_link":"https:\/\/www.youtube.com\/watch?v=RLOiRzV1fqI","ratio":"16:9","video_title":"","text_size":"medium","text_color":"white","play_style":"outline","play_size":"medium","width":"1920px","autoplay":false,"loop":false,"custom_class":""}},"16469851017cbb3786":{"type":"icon-box","disabled":true,"blocks":{"1646985101a25ec49f-2":{"type":"iconbox","settings":{"image":"shopify:\/\/shop_images\/bike_0f357369-7d30-4798-b920-fdb059e90c98.png","image_by_url":"","title":"Free Shipping","description":"<p>On Orders Above ₹299<\/p>","link":"","button_label":"","button_link":"","button_style":"sf__btn-link","button_size":""}},"1646985101a25ec49f-0":{"type":"iconbox","settings":{"image":"shopify:\/\/shop_images\/cod-resized.png","image_by_url":"","title":"23000+","description":"<p>Pincodes covered<\/p>","link":"","button_label":"","button_link":"","button_style":"sf__btn-link","button_size":""}},"1646985101a25ec49f-1":{"type":"iconbox","settings":{"image":"shopify:\/\/shop_images\/pay_8b0f8d62-6f38-4219-b540-f1f567c6e34d.png","image_by_url":"","title":"Easy Payment","description":"<p>UPI \/ Cards \/ NetBanking<\/p>","link":"","button_label":"","button_link":"","button_style":"sf__btn-link","button_size":""}}},"block_order":["1646985101a25ec49f-2","1646985101a25ec49f-0","1646985101a25ec49f-1"],"settings":{"heading":"Fast & Safe Transactions","subheading":"","description":"","header_alignment":"center","container":"container-fluid","background_color":"rgba(0,0,0,0)","item_per_row":3,"item_gap":30,"item_gap_mobile":10,"card_style":"vertical","image_max_width":"30px","content_alignment":"center","hover_effect":"none","enable_slider":false,"show_pagination":false,"show_navigation":false,"use_scroll_mobile":false,"use_grid_column_mb":true,"custom_class":""}},"16481146751dcb33ff":{"type":"collection-list","disabled":true,"blocks":{"16481146755aa4cea4-0":{"type":"collection_block","settings":{"collection":"","title":"","item_image":"shopify:\/\/shop_images\/squalane_range.jpg"}},"16481146755aa4cea4-1":{"type":"collection_block","settings":{"collection":"","title":"","item_image":"shopify:\/\/shop_images\/secrets_categ.png"}},"16481146755aa4cea4-2":{"type":"collection_block","settings":{"collection":"","title":"","item_image":"shopify:\/\/shop_images\/vino_categ.png"}}},"block_order":["16481146755aa4cea4-0","16481146755aa4cea4-1","16481146755aa4cea4-2"],"settings":{"heading":"Shop by collections","subheading":"","description":"","header_alignment":"center","container":"container-fluid","background_color":"","layout":"grid","card_style":"standard","text_alignment":"left","hover_effect":"scaling-down","show_product_count":true,"count_inline_title":true,"image_rounded":false,"items_per_row":3,"item_gap":30,"enable_slider":false,"show_pagination":false,"show_navigation":false,"autorotate":false,"autorotate_speed":5,"use_scroll_mobile":true,"mobile_gap":10,"hidden_slide_control_mobile":false,"custom_class":""}},"164983421537164d69":{"type":"apps","disabled":true,"blocks":{"bd17aa98-e685-4ffc-8616-bdc313773058":{"type":"shopify:\/\/apps\/judge-me-product-reviews\/blocks\/review_widget\/61ccd3b1-a9f2-4160-9fe9-4fec8413e5d8","settings":{}}},"block_order":["bd17aa98-e685-4ffc-8616-bdc313773058"],"settings":{"heading":"","subheading":"","header_alignment":"center","container":"container","background_color":"","custom_class":""}},"1651139911816969ab":{"type":"slider","blocks":{"1651139911756caf77-0":{"type":"slider_item","settings":{"mb_background":"shopify:\/\/shop_images\/mobileBanner_f935c9d5-01e0-4524-93ff-74a4ea61fc06.png","image_alignment":"center","content_in_container":false,"content_position":"center middle","text_alignment":"center","text_size":"medium","text_color":"black","subheading":"","title":"","description":"","image_link":"","button_text":"","button_link":"","button_style":"sf__btn-primary","button_size":"","show_footer":false,"footer_alignment":"end","footer_text":"New Collection","footer_button":"Shop Now","footer_link":""}}},"block_order":["1651139911756caf77-0"],"settings":{"container":"w-full","slideshow_height":"adapt","show_overlay":false,"dots_position":"bottom","dots_color":"dark","show_dots":true,"show_arrows":false,"autorotate":false,"autorotate_speed":5,"use_content_above":false,"custom_class":""}}},"order":["breadcrumb","main","16506209382af735e6","1646993463adb23965","1649421832ffd2c403","1651139854f44d7ef9","164915271427f815ac","16469937253d88821b","1649423747e36b7aa6","16494867301842afff","1648124814f79336e0","1648619146160301d6","product-recommendations","1650100479e3b0d30f","product-details-tabs","recent-viewed-products","1648812650086f3132","1646984587378af498","1646984937921f1372","16469851017cbb3786","16481146751dcb33ff","164983421537164d69","1651139911816969ab"]}