{"sections":{"main":{"type":"main-cart","blocks":{"totals":{"type":"totals","settings":{}},"order_note":{"type":"order_note","settings":{"open_by_default":false}},"5647646b-53ff-41fa-b350-8e74720a516c":{"type":"shopify:\/\/apps\/order-limits-minmaxify\/blocks\/cart-errors-display\/3acfba32-89f3-4377-ae20-cbb9abc48475","settings":{"font_weight":"normal","color":"#202223","bg_color":"linear-gradient(90deg, #fff4f4 0%, #fff4f4 50%, #fffafa 100%)","border_color":"#e0b3b2","margin":5,"padding":15}}},"block_order":["totals","order_note","5647646b-53ff-41fa-b350-8e74720a516c"],"settings":{"show_payment_methods":true,"show_shipping_estimator":true,"shipping_estimator_default_country":"India","empty_button_link":"shopify:\/\/collections\/all"}},"cart-recommendations":{"type":"cart-recommendations","settings":{"title":"You may also like"}}},"order":["main","cart-recommendations"]}