{"sections":{"slideshow":{"type":"slideshow","blocks":{"slide-1":{"type":"image","settings":{"image":"shopify:\/\/shop_images\/Buy-2-Get-2-Free-sale-Homepage-Banner-1920x520_83222b1f-32a5-42b0-ba65-23fbccb3ee34.jpg","mobile_image":"shopify:\/\/shop_images\/Buy-2-At-699-Website-Homepage-Banner-800x1000_7a5a70af-9cca-4734-af58-55b92b86267f.jpg","text_position":"middle_center","subheading":"","title":"","button_1_text":"","button_1_link":"","button_2_text":"","button_2_link":"","text_color":"#ffffff","button_background":"#ffffff","button_text_color":"#000000","overlay_color":"#000000","overlay_opacity":0}},"slide-2":{"type":"image","settings":{"image":"shopify:\/\/shop_images\/Minimum-50_-OFF-Additional-Offer-Strip-Desktop-Banner-1920x720-2.jpg","mobile_image":"shopify:\/\/shop_images\/Buy-4-1249-Homepage-Banner-800px.jpg","text_position":"middle_center","subheading":"","title":"","button_1_text":"","button_1_link":"","button_2_text":"","button_2_link":"","text_color":"#ffffff","button_background":"#ffffff","button_text_color":"#000000","overlay_color":"#000000","overlay_opacity":0}}},"block_order":["slide-1","slide-2"],"settings":{"section_height":"auto","transition_type":"sweep","autoplay":true,"cycle_speed":5,"background":"rgba(0,0,0,0)"}},"featured-collections":{"type":"featured-collections","blocks":{"collection-1":{"type":"collection","settings":{"collection":"bestsellers","label":"All Bestsellers","button_text":"View All","button_url":"shopify:\/\/collections\/bestsellers"}},"90f52ce2-0846-49b1-926c-c9592fe7f753":{"type":"collection","settings":{"collection":"face-care","label":"","button_text":"View All","button_url":"shopify:\/\/collections\/face-care"}},"e4a63e7b-823b-4d28-b2ba-e1f003e01111":{"type":"collection","settings":{"collection":"hair-care","label":"","button_text":"View All","button_url":"shopify:\/\/collections\/hair-care"}}},"block_order":["collection-1","90f52ce2-0846-49b1-926c-c9592fe7f753","e4a63e7b-823b-4d28-b2ba-e1f003e01111"],"settings":{"subheading":"Loved by all","title":"Best of Pilgrim","content":"","products_count":8,"products_per_row":4,"stack_products":false,"show_cta":true,"background":"rgba(0,0,0,0)","text_color":"rgba(0,0,0,0)","button_background":"rgba(0,0,0,0)","button_text_color":"rgba(0,0,0,0)"}},"fa729c4f-5105-4db0-a6d0-16414ac05f7d":{"type":"rich-text","settings":{"subheading":"they obsess over these","title":"Curated by Influencers","content":"","button_text":"","button_link":"","background_type":"full_width","text_width":"medium","text_position":"center","text_alignment":"center","background":"rgba(0,0,0,0)","text_color":"rgba(0,0,0,0)","button_background":"rgba(0,0,0,0)","button_text_color":"rgba(0,0,0,0)"}},"shop-the-look":{"type":"shop-the-look","blocks":{"look-1":{"type":"look","settings":{"dot_type":"inverted","product_1":"","product_1_horizontal_position":41,"product_1_vertical_position":41,"product_1_horizontal_position_mobile":30,"product_1_vertical_position_mobile":30,"product_2":"","product_2_horizontal_position":46,"product_2_vertical_position":64,"product_2_horizontal_position_mobile":50,"product_2_vertical_position_mobile":50,"product_3":"","product_3_horizontal_position":62,"product_3_vertical_position":50,"product_3_horizontal_position_mobile":70,"product_3_vertical_position_mobile":70}},"1e00495e-4930-46a1-8a9d-85b144a57024":{"type":"look","settings":{"dot_type":"inverted","product_1":"","product_1_horizontal_position":30,"product_1_vertical_position":30,"product_1_horizontal_position_mobile":30,"product_1_vertical_position_mobile":30,"product_2":"","product_2_horizontal_position":50,"product_2_vertical_position":50,"product_2_horizontal_position_mobile":50,"product_2_vertical_position_mobile":50,"product_3":"","product_3_horizontal_position":70,"product_3_vertical_position":70,"product_3_horizontal_position_mobile":70,"product_3_vertical_position_mobile":70}}},"block_order":["look-1","1e00495e-4930-46a1-8a9d-85b144a57024"],"settings":{"reveal_on_scroll":true,"label":"Shop the looks"}},"collection-list":{"type":"collection-list","disabled":true,"blocks":{"collection-1":{"type":"collection","disabled":true,"settings":{"collection":"face-care","subheading":"","title":"","link_text":"","link_url":"","text_color":"rgba(0,0,0,0)","overlay_color":"#000000","overlay_opacity":0}},"collection-2":{"type":"collection","settings":{"collection":"bestsellers","image":"shopify:\/\/shop_images\/Tall-Banners-_Hauls-Up_-Our-Bestsellers-1000x666.gif","subheading":"","title":"","link_text":"","link_url":"","text_color":"rgba(0,0,0,0)","overlay_color":"#000000","overlay_opacity":30}},"collection-3":{"type":"collection","settings":{"collection":"","image":"shopify:\/\/shop_images\/Tall-Banners-_Hauls-Up_-Our-Bestsellers-1000x666.gif","subheading":"","title":"","link_text":"","link_url":"","text_color":"rgba(0,0,0,0)","overlay_color":"#000000","overlay_opacity":30}}},"block_order":["collection-1","collection-2","collection-3"],"settings":{"reveal_on_scroll":true,"layout":"carousel","subheading":"","title":"Pilgrim Picks","background":"rgba(0,0,0,0)","text_color":"rgba(0,0,0,0)"}},"cd261a55-209e-4d4f-8fa9-b50a823bded7":{"type":"multi-column","blocks":{"template--16770957181157__cd261a55-209e-4d4f-8fa9-b50a823bded7-16856224205e98be32-3":{"type":"item","settings":{"image":"shopify:\/\/shop_images\/Face_Care_500x500_new.png","image_width":60,"image_border":"rgba(0,0,0,0)","title":"","content":"","link_text":"","link_url":"","link_style":"link","text_alignment":"center","vertical_alignment":"start"}},"template--16770957181157__cd261a55-209e-4d4f-8fa9-b50a823bded7-16856224205e98be32-2":{"type":"item","settings":{"image":"shopify:\/\/shop_images\/Body_Care_500x500_new.png","image_width":60,"image_border":"rgba(0,0,0,0)","title":"","content":"","link_text":"","link_url":"","link_style":"link","text_alignment":"center","vertical_alignment":"start"}},"template--16770957181157__cd261a55-209e-4d4f-8fa9-b50a823bded7-16856224205e98be32-0":{"type":"item","settings":{"image":"shopify:\/\/shop_images\/Hair_Care_500x500_new.png","image_width":60,"image_border":"rgba(0,0,0,0)","title":"","content":"","link_text":"","link_url":"","link_style":"link","text_alignment":"center","vertical_alignment":"start"}},"template--16770957181157__cd261a55-209e-4d4f-8fa9-b50a823bded7-16856224205e98be32-1":{"type":"item","settings":{"image":"shopify:\/\/shop_images\/Lip_Care_500x500_new.png","image_width":60,"image_border":"rgba(0,0,0,0)","title":"","content":"","link_text":"","link_url":"","link_style":"link","text_alignment":"center","vertical_alignment":"start"}}},"block_order":["template--16770957181157__cd261a55-209e-4d4f-8fa9-b50a823bded7-16856224205e98be32-3","template--16770957181157__cd261a55-209e-4d4f-8fa9-b50a823bded7-16856224205e98be32-2","template--16770957181157__cd261a55-209e-4d4f-8fa9-b50a823bded7-16856224205e98be32-0","template--16770957181157__cd261a55-209e-4d4f-8fa9-b50a823bded7-16856224205e98be32-1"],"settings":{"reveal_on_scroll":true,"stack_items":false,"subheading":"Your beauty, your needs","title":"Shop by category","content":"","column_alignment":"center","mobile_item_size":"medium","desktop_item_size":"medium","spacing":"tight","background":"rgba(0,0,0,0)","text_color":"rgba(0,0,0,0)"}},"78123898-d119-4058-9fcc-f2cf4b5c0fc2":{"type":"multi-column","blocks":{"2ab239da-a5e7-4d4c-b098-513aa8d54051":{"type":"item","settings":{"image":"shopify:\/\/shop_images\/Face_Care_500x500_new.png","image_width":60,"image_border":"rgba(0,0,0,0)","title":"","content":"","link_text":"","link_url":"","link_style":"link","text_alignment":"center","vertical_alignment":"start"}},"9aeaa95e-2f71-4352-8773-7c7602348dc8":{"type":"item","settings":{"image":"shopify:\/\/shop_images\/Body_Care_500x500_new.png","image_width":60,"image_border":"rgba(0,0,0,0)","title":"","content":"","link_text":"","link_url":"","link_style":"link","text_alignment":"center","vertical_alignment":"start"}},"790aa723-28f2-41b2-ac04-39e9607c8f1f":{"type":"item","settings":{"image":"shopify:\/\/shop_images\/Hair_Care_500x500_new.png","image_width":60,"image_border":"rgba(0,0,0,0)","title":"","content":"","link_text":"","link_url":"","link_style":"link","text_alignment":"center","vertical_alignment":"start"}},"517cf2f3-c01f-459e-9c1c-7951a8d83d6a":{"type":"item","settings":{"image":"shopify:\/\/shop_images\/Lip_Care_500x500_new.png","image_width":60,"image_border":"rgba(0,0,0,0)","title":"","content":"","link_text":"","link_url":"","link_style":"link","text_alignment":"center","vertical_alignment":"start"}}},"block_order":["2ab239da-a5e7-4d4c-b098-513aa8d54051","9aeaa95e-2f71-4352-8773-7c7602348dc8","790aa723-28f2-41b2-ac04-39e9607c8f1f","517cf2f3-c01f-459e-9c1c-7951a8d83d6a"],"settings":{"reveal_on_scroll":true,"stack_items":false,"subheading":"","title":"","content":"","column_alignment":"center","mobile_item_size":"medium","desktop_item_size":"medium","spacing":"tight","background":"rgba(0,0,0,0)","text_color":"rgba(0,0,0,0)"}},"e4a73a14-001f-4653-a116-6b9d056813d4":{"type":"featured-collections","blocks":{"76d96baf-be11-42a0-be04-b3313fc38ff7":{"type":"collection","settings":{"collection":"acne-acne-scar","label":"All Bestsellers","button_text":"View All","button_url":"shopify:\/\/collections\/acne-acne-scar"}}},"block_order":["76d96baf-be11-42a0-be04-b3313fc38ff7"],"settings":{"subheading":"wanna shine like a diamond?","title":"Best for Instant Glow","content":"","products_count":8,"products_per_row":4,"stack_products":false,"show_cta":true,"background":"rgba(0,0,0,0)","text_color":"rgba(0,0,0,0)","button_background":"rgba(0,0,0,0)","button_text_color":"rgba(0,0,0,0)"}},"ef431711-a645-46da-a806-8ff32b7f3cdc":{"type":"multi-column","blocks":{"57edaa76-8fd1-4dc7-8ce3-525e035019f9":{"type":"item","settings":{"image":"shopify:\/\/shop_images\/Face_Care_500x500_new.png","image_width":60,"image_border":"rgba(0,0,0,0)","title":"","content":"","link_text":"","link_url":"shopify:\/\/collections\/acne-acne-scar","link_style":"link","text_alignment":"center","vertical_alignment":"start"}},"b31048fd-31ab-4c5b-bf15-90e1317f7628":{"type":"item","settings":{"image":"shopify:\/\/shop_images\/Body_Care_500x500_new.png","image_width":60,"image_border":"rgba(0,0,0,0)","title":"","content":"","link_text":"","link_url":"","link_style":"link","text_alignment":"center","vertical_alignment":"start"}},"fc85352a-fc29-4ef8-ae89-2633b6887471":{"type":"item","settings":{"image":"shopify:\/\/shop_images\/Hair_Care_500x500_new.png","image_width":60,"image_border":"rgba(0,0,0,0)","title":"","content":"","link_text":"","link_url":"","link_style":"link","text_alignment":"center","vertical_alignment":"start"}},"087ea885-dc2a-445d-b4dd-fc23dcc438e1":{"type":"item","settings":{"image":"shopify:\/\/shop_images\/Lip_Care_500x500_new.png","image_width":60,"image_border":"rgba(0,0,0,0)","title":"","content":"","link_text":"","link_url":"","link_style":"link","text_alignment":"center","vertical_alignment":"start"}}},"block_order":["57edaa76-8fd1-4dc7-8ce3-525e035019f9","b31048fd-31ab-4c5b-bf15-90e1317f7628","fc85352a-fc29-4ef8-ae89-2633b6887471","087ea885-dc2a-445d-b4dd-fc23dcc438e1"],"settings":{"reveal_on_scroll":true,"stack_items":false,"subheading":"Other Concerns? We gotchu","title":"Shop by Concern","content":"","column_alignment":"center","mobile_item_size":"medium","desktop_item_size":"medium","spacing":"tight","background":"rgba(0,0,0,0)","text_color":"rgba(0,0,0,0)"}},"a0f8f061-8c1b-4d37-a0f9-1f07449099f9":{"type":"collection-list","blocks":{"template--16770957181157__a0f8f061-8c1b-4d37-a0f9-1f07449099f9-16863976975f9bb1a6-0":{"type":"collection","settings":{"collection":"","image":"shopify:\/\/shop_images\/Yamis-Picks-Banner-1080x1080.jpg","subheading":"","title":"","link_text":"","link_url":"","text_color":"rgba(0,0,0,0)","overlay_color":"#000000","overlay_opacity":30}},"template--16770957181157__a0f8f061-8c1b-4d37-a0f9-1f07449099f9-16863976975f9bb1a6-1":{"type":"collection","settings":{"collection":"","image":"shopify:\/\/shop_images\/WhatsApp_Image_2023-01-11_at_6.02.38_PM.jpg","subheading":"","title":"","link_text":"","link_url":"","text_color":"rgba(0,0,0,0)","overlay_color":"#000000","overlay_opacity":30}},"template--16770957181157__a0f8f061-8c1b-4d37-a0f9-1f07449099f9-16863976975f9bb1a6-2":{"type":"collection","settings":{"collection":"","image":"shopify:\/\/shop_images\/WhatsApp_Image_2023-01-11_at_6.02.37_PM.jpg","subheading":"","title":"","link_text":"","link_url":"","text_color":"rgba(0,0,0,0)","overlay_color":"#000000","overlay_opacity":30}},"template--16770957181157__a0f8f061-8c1b-4d37-a0f9-1f07449099f9-16863976975f9bb1a6-3":{"type":"collection","disabled":true,"settings":{"collection":"","subheading":"","title":"","link_text":"","link_url":"","text_color":"rgba(0,0,0,0)","overlay_color":"#000000","overlay_opacity":30}},"template--16770957181157__a0f8f061-8c1b-4d37-a0f9-1f07449099f9-16863976975f9bb1a6-4":{"type":"collection","disabled":true,"settings":{"collection":"","subheading":"","title":"","link_text":"","link_url":"","text_color":"rgba(0,0,0,0)","overlay_color":"#000000","overlay_opacity":30}},"template--16770957181157__a0f8f061-8c1b-4d37-a0f9-1f07449099f9-16863976975f9bb1a6-5":{"type":"collection","disabled":true,"settings":{"collection":"","subheading":"","title":"","link_text":"","link_url":"","text_color":"rgba(0,0,0,0)","overlay_color":"#000000","overlay_opacity":30}}},"block_order":["template--16770957181157__a0f8f061-8c1b-4d37-a0f9-1f07449099f9-16863976975f9bb1a6-0","template--16770957181157__a0f8f061-8c1b-4d37-a0f9-1f07449099f9-16863976975f9bb1a6-1","template--16770957181157__a0f8f061-8c1b-4d37-a0f9-1f07449099f9-16863976975f9bb1a6-2","template--16770957181157__a0f8f061-8c1b-4d37-a0f9-1f07449099f9-16863976975f9bb1a6-3","template--16770957181157__a0f8f061-8c1b-4d37-a0f9-1f07449099f9-16863976975f9bb1a6-4","template--16770957181157__a0f8f061-8c1b-4d37-a0f9-1f07449099f9-16863976975f9bb1a6-5"],"settings":{"reveal_on_scroll":true,"layout":"carousel","subheading":"Glow like the stars","title":"Celebs Favourite","background":"rgba(0,0,0,0)","text_color":"rgba(0,0,0,0)"}},"107af26b-a0a5-44eb-8f93-2fb4ba2ef733":{"type":"featured-collections","blocks":{"e7915788-76d4-4d83-99ff-0a944514df66":{"type":"collection","settings":{"collection":"","label":"Face Concern kits","button_text":"","button_url":""}},"template--16770957181157__107af26b-a0a5-44eb-8f93-2fb4ba2ef733-168639756559442c83-0":{"type":"collection","settings":{"collection":"","label":"Hair Concern Kits","button_text":"","button_url":""}}},"block_order":["e7915788-76d4-4d83-99ff-0a944514df66","template--16770957181157__107af26b-a0a5-44eb-8f93-2fb4ba2ef733-168639756559442c83-0"],"settings":{"subheading":"For best results, try","title":"Our Curated Kits","content":"","products_count":8,"products_per_row":4,"stack_products":false,"show_cta":true,"background":"rgba(0,0,0,0)","text_color":"rgba(0,0,0,0)","button_background":"rgba(0,0,0,0)","button_text_color":"rgba(0,0,0,0)"}},"timeline":{"type":"timeline","blocks":{"item-1":{"type":"item","settings":{"label":"2000","title":"","content":"","button_text":"","button_link":""}},"item-2":{"type":"item","settings":{"label":"2010","title":"Your heading","content":"<p>Write content about your store<\/p>","button_text":"","button_link":""}},"item-3":{"type":"item","settings":{"label":"2020","title":"Your heading","content":"<p>Write content about your store<\/p>","button_text":"","button_link":""}}},"block_order":["item-1","item-2","item-3"],"settings":{"subheading":"","title":"Our Journey, with you","text_position":"middle","background":"rgba(0,0,0,0)","text_color":"rgba(0,0,0,0)","item_background":"rgba(0,0,0,0)","item_text_color":"rgba(0,0,0,0)"}},"image-with-text":{"type":"image-with-text","blocks":{"item-1":{"type":"item","settings":{"tab_label":"Our mission","subheading":"","title":"Our beautiful mission","content":"<p>To bring worlds beauty for you<\/p>","button_text":"Our Commitments","button_link":""}},"item-2":{"type":"item","settings":{"tab_label":"Our Promise","subheading":"","title":"Our Promise","content":"<p>Use image with text to give your customers insight into your brand. Select imagery and text that relates to your style and story.<\/p>","button_text":"Our Commitments","button_link":""}}},"block_order":["item-1","item-2"],"settings":{"reveal_on_scroll":true,"background_type":"full_width","background_overlap":"image","image_position":"left","text_alignment":"center","cycle_speed":8,"accent_background":"rgba(0,0,0,0)","text_color":"rgba(0,0,0,0)","button_background":"rgba(0,0,0,0)","button_text_color":"rgba(0,0,0,0)"}},"01974e39-80fd-4525-bb31-4d6a5c08d986":{"type":"gallery","blocks":{"template--16770957181157__01974e39-80fd-4525-bb31-4d6a5c08d986-168639748640bc8435-0":{"type":"image","settings":{"caption":""}},"template--16770957181157__01974e39-80fd-4525-bb31-4d6a5c08d986-168639748640bc8435-1":{"type":"image","settings":{"caption":""}},"template--16770957181157__01974e39-80fd-4525-bb31-4d6a5c08d986-168639748640bc8435-2":{"type":"image","settings":{"caption":""}}},"block_order":["template--16770957181157__01974e39-80fd-4525-bb31-4d6a5c08d986-168639748640bc8435-0","template--16770957181157__01974e39-80fd-4525-bb31-4d6a5c08d986-168639748640bc8435-1","template--16770957181157__01974e39-80fd-4525-bb31-4d6a5c08d986-168639748640bc8435-2"],"settings":{"subheading":"Unconditional Love from","title":"#PilgrimTribe","show_arrows":true,"background":"rgba(0,0,0,0)","text_color":"rgba(0,0,0,0)"}},"testimonials":{"type":"testimonials","disabled":true,"blocks":{"testimonial-1":{"type":"testimonial","settings":{"content":"This hair growth serum has been a game- changer for me. I have been using it consistently for the past few months and have noticed a significant difference in the overall thickness and volume of my hair.","author":"Kavita Seth"}},"13c8c5cc-c216-4a6f-acf4-c9196aee3f63":{"type":"testimonial","settings":{"content":"This face serum is fantastic. I've just been using it for about 10 days. I use it after I wash my face with facewash. I wait a minute till it feels entirely absorbed before applying Red Vine Night Gel Creme (my long-time favourite!!)","author":"Sunita Bahl"}}},"block_order":["testimonial-1","13c8c5cc-c216-4a6f-acf4-c9196aee3f63"],"settings":{"reveal_on_scroll":true,"subheading":"Unconditional Love from","title":"#PilgrimTribe","background":"rgba(0,0,0,0)","text_color":"rgba(0,0,0,0)"}},"48e77926-a94a-4ea3-9e18-2bc52d94cd6a":{"type":"logo-list","blocks":{"template--16770957181157__48e77926-a94a-4ea3-9e18-2bc52d94cd6a-16856219890e32d405-0":{"type":"logo","settings":{"logo":"shopify:\/\/shop_images\/cosmopolitan.png","link":""}},"template--16770957181157__48e77926-a94a-4ea3-9e18-2bc52d94cd6a-16856219890e32d405-1":{"type":"logo","settings":{"logo":"shopify:\/\/shop_images\/the-times-of-india.png","link":""}},"template--16770957181157__48e77926-a94a-4ea3-9e18-2bc52d94cd6a-16856219890e32d405-2":{"type":"logo","settings":{"logo":"shopify:\/\/shop_images\/grazia.png","link":""}},"template--16770957181157__48e77926-a94a-4ea3-9e18-2bc52d94cd6a-16856219890e32d405-3":{"type":"logo","settings":{"logo":"shopify:\/\/shop_images\/cosmopolitan.png","link":""}},"template--16770957181157__48e77926-a94a-4ea3-9e18-2bc52d94cd6a-16856219890e32d405-4":{"type":"logo","settings":{"logo":"shopify:\/\/shop_images\/the-times-of-india.png","link":""}},"template--16770957181157__48e77926-a94a-4ea3-9e18-2bc52d94cd6a-16856219890e32d405-5":{"type":"logo","disabled":true,"settings":{"link":""}}},"block_order":["template--16770957181157__48e77926-a94a-4ea3-9e18-2bc52d94cd6a-16856219890e32d405-0","template--16770957181157__48e77926-a94a-4ea3-9e18-2bc52d94cd6a-16856219890e32d405-1","template--16770957181157__48e77926-a94a-4ea3-9e18-2bc52d94cd6a-16856219890e32d405-2","template--16770957181157__48e77926-a94a-4ea3-9e18-2bc52d94cd6a-16856219890e32d405-3","template--16770957181157__48e77926-a94a-4ea3-9e18-2bc52d94cd6a-16856219890e32d405-4","template--16770957181157__48e77926-a94a-4ea3-9e18-2bc52d94cd6a-16856219890e32d405-5"],"settings":{"reveal_on_scroll":true,"subheading":"Yay! We're talk of the town","title":"Featured In","button_text":"","button_link":"","stack_logos":false,"background":"rgba(0,0,0,0)","text_color":"rgba(0,0,0,0)","button_background":"rgba(0,0,0,0)","button_text_color":"rgba(0,0,0,0)","logo_background":"rgba(0,0,0,0)"}},"blog-posts":{"type":"blog-posts","disabled":true,"settings":{"blog":"","subheading":"Stay up-to-date","title":"Blog posts","articles_count":3,"stack_mobile":false,"show_category":true,"show_excerpt":false,"background":"rgba(0,0,0,0)","text_color":"rgba(0,0,0,0)"}},"89436c82-f09e-436a-85f3-b73005807148":{"type":"logo-list","disabled":true,"blocks":{"template--16770957181157__89436c82-f09e-436a-85f3-b73005807148-16863956830048b5bc-0":{"type":"logo","settings":{"logo":"shopify:\/\/shop_images\/Face_Care_500x500_new.png","link":""}},"template--16770957181157__89436c82-f09e-436a-85f3-b73005807148-16863956830048b5bc-1":{"type":"logo","settings":{"logo":"shopify:\/\/shop_images\/Body_Care_500x500_new.png","link":""}},"template--16770957181157__89436c82-f09e-436a-85f3-b73005807148-16863956830048b5bc-2":{"type":"logo","settings":{"logo":"shopify:\/\/shop_images\/Hair_Care_500x500_new.png","link":""}},"template--16770957181157__89436c82-f09e-436a-85f3-b73005807148-16863956830048b5bc-3":{"type":"logo","settings":{"logo":"shopify:\/\/shop_images\/Lip_Care_500x500_new.png","link":""}},"template--16770957181157__89436c82-f09e-436a-85f3-b73005807148-16863956830048b5bc-4":{"type":"logo","settings":{"link":""}},"template--16770957181157__89436c82-f09e-436a-85f3-b73005807148-16863956830048b5bc-5":{"type":"logo","settings":{"link":""}}},"block_order":["template--16770957181157__89436c82-f09e-436a-85f3-b73005807148-16863956830048b5bc-0","template--16770957181157__89436c82-f09e-436a-85f3-b73005807148-16863956830048b5bc-1","template--16770957181157__89436c82-f09e-436a-85f3-b73005807148-16863956830048b5bc-2","template--16770957181157__89436c82-f09e-436a-85f3-b73005807148-16863956830048b5bc-3","template--16770957181157__89436c82-f09e-436a-85f3-b73005807148-16863956830048b5bc-4","template--16770957181157__89436c82-f09e-436a-85f3-b73005807148-16863956830048b5bc-5"],"settings":{"reveal_on_scroll":true,"subheading":"","title":"Shop by Category","button_text":"","button_link":"","stack_logos":false,"background":"rgba(0,0,0,0)","text_color":"rgba(0,0,0,0)","button_background":"rgba(0,0,0,0)","button_text_color":"rgba(0,0,0,0)","logo_background":"rgba(0,0,0,0)"}},"15513122-765f-4503-ac0c-3ca2f1e89747":{"type":"logo-list","disabled":true,"blocks":{"8686ead2-1030-4339-9a3f-ac4d1383fe60":{"type":"logo","settings":{"logo":"shopify:\/\/shop_images\/Face_Care_500x500_new.png","link":""}},"ba07805d-0ff5-44ae-b1c0-639c49ee6a96":{"type":"logo","settings":{"logo":"shopify:\/\/shop_images\/Body_Care_500x500_new.png","link":""}},"3fc0899e-ecf8-4e51-8eca-d64ae619d510":{"type":"logo","settings":{"logo":"shopify:\/\/shop_images\/Hair_Care_500x500_new.png","link":""}},"95a2be97-f0af-487e-bc62-fe2bb8c09ee8":{"type":"logo","settings":{"logo":"shopify:\/\/shop_images\/Lip_Care_500x500_new.png","link":""}},"173a3acc-60e0-48af-939b-a3f28e845a58":{"type":"logo","settings":{"link":""}},"9c2ceff2-c243-4dab-82d2-2c1d592b41cd":{"type":"logo","settings":{"link":""}}},"block_order":["8686ead2-1030-4339-9a3f-ac4d1383fe60","ba07805d-0ff5-44ae-b1c0-639c49ee6a96","3fc0899e-ecf8-4e51-8eca-d64ae619d510","95a2be97-f0af-487e-bc62-fe2bb8c09ee8","173a3acc-60e0-48af-939b-a3f28e845a58","9c2ceff2-c243-4dab-82d2-2c1d592b41cd"],"custom_css":[],"settings":{"reveal_on_scroll":true,"subheading":"","title":"","button_text":"","button_link":"","stack_logos":false,"background":"rgba(0,0,0,0)","text_color":"rgba(0,0,0,0)","button_background":"rgba(0,0,0,0)","button_text_color":"rgba(0,0,0,0)","logo_background":"rgba(0,0,0,0)"}}},"order":["slideshow","featured-collections","fa729c4f-5105-4db0-a6d0-16414ac05f7d","shop-the-look","collection-list","cd261a55-209e-4d4f-8fa9-b50a823bded7","78123898-d119-4058-9fcc-f2cf4b5c0fc2","e4a73a14-001f-4653-a116-6b9d056813d4","ef431711-a645-46da-a806-8ff32b7f3cdc","a0f8f061-8c1b-4d37-a0f9-1f07449099f9","107af26b-a0a5-44eb-8f93-2fb4ba2ef733","timeline","image-with-text","01974e39-80fd-4525-bb31-4d6a5c08d986","testimonials","48e77926-a94a-4ea3-9e18-2bc52d94cd6a","blog-posts","89436c82-f09e-436a-85f3-b73005807148","15513122-765f-4503-ac0c-3ca2f1e89747"]}