{"sections":{"main":{"type":"main-product","blocks":{"variant_picker":{"type":"variant_picker","settings":{"hide_sold_out_variants":false,"selector_mode":"block","color_mode":"color","size_chart_page":""}},"quantity_selector":{"type":"quantity_selector","settings":{}},"buy_buttons":{"type":"buy_buttons","settings":{"show_payment_button":false,"show_gift_card_recipient":false,"atc_button_background":"rgba(0,0,0,0)","atc_button_text_color":"rgba(0,0,0,0)","buy_now_button_background":"rgba(0,0,0,0)","buy_now_button_text_color":"rgba(0,0,0,0)"}},"63a91f5b-8de0-4a57-982d-0fdb489e370c":{"type":"inventory","settings":{"low_inventory_threshold":0}},"7678a192-2ff4-47ab-a4db-8c6534e6a3ff":{"type":"description","settings":{}},"46a92578-1af0-4e0c-8a52-33e4eabfa9de":{"type":"text","settings":{"text":""}},"9057f9c6-1cb5-4b5b-889d-d95fc85e0986":{"type":"text","settings":{"text":""}}},"block_order":["variant_picker","quantity_selector","buy_buttons","63a91f5b-8de0-4a57-982d-0fdb489e370c","7678a192-2ff4-47ab-a4db-8c6534e6a3ff","46a92578-1af0-4e0c-8a52-33e4eabfa9de","9057f9c6-1cb5-4b5b-889d-d95fc85e0986"],"settings":{"show_vendor":false,"show_sku":false,"show_taxes_included":true,"show_product_rating":true,"show_sticky_add_to_cart":true,"show_share_buttons":true,"help_page":"","enable_video_autoplay":true,"enable_video_looping":false,"enable_image_zoom":true,"show_thumbnails_on_mobile":false,"desktop_thumbnails_position":"left","transition_effect":"slide"}},"product-content":{"type":"product-content","blocks":{"1de4eff5-e298-4024-8161-0199f79b3a00":{"type":"trust","settings":{"icon_1":"picto-customer-support","title_1":"Shipping & Returns","content_1":"<p>Add text about your shipping policy<\/p>","icon_2":"picto-warranty","title_2":"Warranty","content_2":"<p>Add text about your product warranty<\/p>","icon_3":"picto-secure-payment","title_3":"Secure Payment","content_3":"<p>Add text about your payment<\/p>"}},"5022d14b-5ff3-4e2d-8da5-549ef2fad8d7":{"type":"liquid","settings":{"title":"What Makes it special","liquid":"{{product.metafields.custom.what_makes_it_special}}"}},"description":{"type":"description","disabled":true,"settings":{}},"3d8cf186-8ce4-4bdc-a7f3-aaf378087b9e":{"type":"content","settings":{"title":"Additional Information","content":"<p>{{ product.metafields.my_fields.additional_information | metafield_tag }}<\/p>","page":""}},"daaf3139-9f44-435f-8de0-7d45e16c95f3":{"type":"content","settings":{"title":"How to use?","content":"<p>{{ product.metafields.my_fields.how_to_use | metafield_tag }}<\/p>","page":""}},"57c01ae2-1931-4941-afb6-ff7dcf20c11e":{"type":"content","settings":{"title":"Safety","content":"<p>{{ product.metafields.custom.product_safety_instructions | metafield_tag }}<\/p>","page":""}},"fafe0146-29d1-4f35-b976-160ecd42d0d6":{"type":"content","settings":{"title":"Targets Concerns Such as","content":"<p>{{ product.metafields.custom.target_skin_concerns | metafield_tag }}<\/p>","page":""}},"5866f3d5-fa9f-44dd-b3ef-97c540fc630a":{"type":"complementary_products","settings":{"title":"Complete the Routine"}}},"block_order":["1de4eff5-e298-4024-8161-0199f79b3a00","5022d14b-5ff3-4e2d-8da5-549ef2fad8d7","description","3d8cf186-8ce4-4bdc-a7f3-aaf378087b9e","daaf3139-9f44-435f-8de0-7d45e16c95f3","57c01ae2-1931-4941-afb6-ff7dcf20c11e","fafe0146-29d1-4f35-b976-160ecd42d0d6","5866f3d5-fa9f-44dd-b3ef-97c540fc630a"],"settings":{}},"ae90f147-a2d3-4058-bfc9-e20729ab277a":{"type":"rich-text","settings":{"subheading":"","title":"Targets Concerns such as:","content":"","button_text":"","button_link":"","background_type":"full_width","text_width":"medium","text_position":"center","text_alignment":"center","background":"rgba(0,0,0,0)","text_color":"rgba(0,0,0,0)","button_background":"rgba(0,0,0,0)","button_text_color":"rgba(0,0,0,0)"}},"623f8350-d409-484b-b471-535f2af3ef35":{"type":"multi-column","blocks":{"template--16770957410533__623f8350-d409-484b-b471-535f2af3ef35-1685624962584c3a91-0":{"type":"item","settings":{"image":"shopify:\/\/shop_images\/Product_Key_Benefits_1080x1500-2_df98e5ca-c6ab-4f1f-a133-35d199f2819b.jpg","image_width":100,"image_border":"rgba(0,0,0,0)","title":"","content":"","link_text":"","link_url":"","link_style":"link","text_alignment":"center","vertical_alignment":"start"}},"template--16770957410533__623f8350-d409-484b-b471-535f2af3ef35-1685624962584c3a91-1":{"type":"item","settings":{"image":"shopify:\/\/shop_images\/Product_Key_Benefits_1080x1500-1_54a494f7-b02b-4289-8860-449ed829db8c.jpg","image_width":100,"image_border":"rgba(0,0,0,0)","title":"","content":"","link_text":"","link_url":"","link_style":"link","text_alignment":"center","vertical_alignment":"start"}},"template--16770957410533__623f8350-d409-484b-b471-535f2af3ef35-1685624962584c3a91-2":{"type":"item","settings":{"image":"shopify:\/\/shop_images\/Product_Key_Benefits_1080x1500-2_58829c69-00be-4b3d-a807-60acc4fcf94f.jpg","image_width":100,"image_border":"rgba(0,0,0,0)","title":"","content":"","link_text":"","link_url":"","link_style":"link","text_alignment":"center","vertical_alignment":"start"}},"template--16770957410533__623f8350-d409-484b-b471-535f2af3ef35-1685624962584c3a91-3":{"type":"item","disabled":true,"settings":{"image_width":100,"image_border":"rgba(0,0,0,0)","title":"Column 1","content":"<p>Pair text with an image to focus on your chosen product, collection, or blog post. Add details on availability, style, or even provide a review.<\/p>","link_text":"","link_url":"","link_style":"link","text_alignment":"center","vertical_alignment":"start"}},"2fb22019-2ac7-4aed-bad4-657d73ea4387":{"type":"item","settings":{"image_width":100,"image_border":"rgba(0,0,0,0)","title":"Your content","content":"<p>Pair text with an image to focus on your chosen product, collection, or blog post. Add details on availability, style, or even provide a review.<\/p>","link_text":"","link_url":"","link_style":"link","text_alignment":"center","vertical_alignment":"start"}}},"block_order":["template--16770957410533__623f8350-d409-484b-b471-535f2af3ef35-1685624962584c3a91-0","template--16770957410533__623f8350-d409-484b-b471-535f2af3ef35-1685624962584c3a91-1","template--16770957410533__623f8350-d409-484b-b471-535f2af3ef35-1685624962584c3a91-2","template--16770957410533__623f8350-d409-484b-b471-535f2af3ef35-1685624962584c3a91-3","2fb22019-2ac7-4aed-bad4-657d73ea4387"],"settings":{"reveal_on_scroll":true,"stack_items":false,"subheading":"","title":"Key Benefits","content":"","column_alignment":"center","mobile_item_size":"medium","desktop_item_size":"medium","spacing":"normal","background":"rgba(0,0,0,0)","text_color":"rgba(0,0,0,0)"}},"97ede6cf-f1c4-4290-9b14-db058467d218":{"type":"logo-list","blocks":{"template--16770957410533__97ede6cf-f1c4-4290-9b14-db058467d218-1685625358ac61ae57-0":{"type":"logo","settings":{"logo":"shopify:\/\/shop_images\/Salicylic-Acid-2_351f2184-003e-48b4-86cf-38d253b79ad0.jpg","link":""}},"template--16770957410533__97ede6cf-f1c4-4290-9b14-db058467d218-1685625358ac61ae57-1":{"type":"logo","settings":{"logo":"shopify:\/\/shop_images\/Glycolic-Acid-3.jpg","link":""}},"template--16770957410533__97ede6cf-f1c4-4290-9b14-db058467d218-1685625358ac61ae57-2":{"type":"logo","settings":{"logo":"shopify:\/\/shop_images\/Lactic-Acid-2_f67e070a-a1fc-4f6a-a483-e90f7275e3fa.jpg","link":""}},"template--16770957410533__97ede6cf-f1c4-4290-9b14-db058467d218-1685625358ac61ae57-3":{"type":"logo","settings":{"logo":"shopify:\/\/shop_images\/Glycolic-Acid-3.jpg","link":""}},"template--16770957410533__97ede6cf-f1c4-4290-9b14-db058467d218-1685625358ac61ae57-4":{"type":"logo","disabled":true,"settings":{"link":""}},"template--16770957410533__97ede6cf-f1c4-4290-9b14-db058467d218-1685625358ac61ae57-5":{"type":"logo","disabled":true,"settings":{"link":""}}},"block_order":["template--16770957410533__97ede6cf-f1c4-4290-9b14-db058467d218-1685625358ac61ae57-0","template--16770957410533__97ede6cf-f1c4-4290-9b14-db058467d218-1685625358ac61ae57-1","template--16770957410533__97ede6cf-f1c4-4290-9b14-db058467d218-1685625358ac61ae57-2","template--16770957410533__97ede6cf-f1c4-4290-9b14-db058467d218-1685625358ac61ae57-3","template--16770957410533__97ede6cf-f1c4-4290-9b14-db058467d218-1685625358ac61ae57-4","template--16770957410533__97ede6cf-f1c4-4290-9b14-db058467d218-1685625358ac61ae57-5"],"settings":{"reveal_on_scroll":true,"subheading":"","title":"Key Ingredients","button_text":"","button_link":"","stack_logos":false,"background":"rgba(0,0,0,0)","text_color":"rgba(0,0,0,0)","button_background":"rgba(0,0,0,0)","button_text_color":"rgba(0,0,0,0)","logo_background":"rgba(0,0,0,0)"}},"9be671b2-9559-4b76-8772-beb1498be68e":{"type":"faq","blocks":{"template--16770957410533__9be671b2-9559-4b76-8772-beb1498be68e-16856248028b819cf3-0":{"type":"category","settings":{"title":"Shipping"}},"template--16770957410533__9be671b2-9559-4b76-8772-beb1498be68e-16856248028b819cf3-1":{"type":"question","settings":{"title":"Do you ship overseas?","answer":"<p>Yes, we ship all over the world. Shipping costs will apply, and will be added at checkout. We run discounts and promotions all year, so stay tuned for exclusive deals.<\/p>"}},"template--16770957410533__9be671b2-9559-4b76-8772-beb1498be68e-16856248028b819cf3-2":{"type":"question","settings":{"title":"How long will it take to get my order?","answer":"<p>It depends on where you are. Orders processed here will take 5-7 business days to arrive. Overseas deliveries can take anywhere from 7-16 days. Delivery details will be provided in your confirmation email.<\/p>"}},"template--16770957410533__9be671b2-9559-4b76-8772-beb1498be68e-16856248028b819cf3-3":{"type":"category","settings":{"title":"Other"}},"template--16770957410533__9be671b2-9559-4b76-8772-beb1498be68e-16856248028b819cf3-4":{"type":"question","settings":{"title":"Any question?","answer":"<p>You can contact us through our contact page! We will be happy to assist you.<\/p>"}}},"block_order":["template--16770957410533__9be671b2-9559-4b76-8772-beb1498be68e-16856248028b819cf3-0","template--16770957410533__9be671b2-9559-4b76-8772-beb1498be68e-16856248028b819cf3-1","template--16770957410533__9be671b2-9559-4b76-8772-beb1498be68e-16856248028b819cf3-2","template--16770957410533__9be671b2-9559-4b76-8772-beb1498be68e-16856248028b819cf3-3","template--16770957410533__9be671b2-9559-4b76-8772-beb1498be68e-16856248028b819cf3-4"],"settings":{"show_navigation":false,"title":"FAQ","content":"","background":"rgba(0,0,0,0)","text_color":"rgba(0,0,0,0)"}},"1685624426e50daef2":{"type":"apps","blocks":{"358b9c85-7d8f-42f4-a6a7-ded97edc5072":{"type":"shopify:\/\/apps\/judge-me-product-reviews\/blocks\/review_widget\/61ccd3b1-a9f2-4160-9fe9-4fec8413e5d8","settings":{}}},"block_order":["358b9c85-7d8f-42f4-a6a7-ded97edc5072"],"settings":{"include_horizontal_margins":true,"include_vertical_margins":true}},"product-recommendations":{"type":"product-recommendations","settings":{"subheading":"","title":"You may also like","recommendations_count":4,"background":"rgba(0,0,0,0)","text_color":"rgba(0,0,0,0)"}},"94136486-a72b-4490-ad16-bb47562110bb":{"type":"faq","disabled":true,"blocks":{"template--16770957410533__94136486-a72b-4490-ad16-bb47562110bb-16856248028b819cf3-0":{"type":"category","disabled":true,"settings":{"title":"Additional Information"}},"template--16770957410533__94136486-a72b-4490-ad16-bb47562110bb-16856248028b819cf3-1":{"type":"question","settings":{"title":"Additional Information","answer":"<p>{{ product.metafields.my_fields.additional_information | metafield_tag }}<\/p>"}},"template--16770957410533__94136486-a72b-4490-ad16-bb47562110bb-16856248028b819cf3-2":{"type":"question","disabled":true,"settings":{"title":"How long will it take to get my order?","answer":"<p>It depends on where you are. Orders processed here will take 5-7 business days to arrive. Overseas deliveries can take anywhere from 7-16 days. Delivery details will be provided in your confirmation email.<\/p>"}},"template--16770957410533__94136486-a72b-4490-ad16-bb47562110bb-16856248028b819cf3-3":{"type":"category","disabled":true,"settings":{"title":"Other"}},"template--16770957410533__94136486-a72b-4490-ad16-bb47562110bb-16856248028b819cf3-4":{"type":"question","disabled":true,"settings":{"title":"Any question?","answer":"<p>You can contact us through our contact page! We will be happy to assist you.<\/p>"}}},"block_order":["template--16770957410533__94136486-a72b-4490-ad16-bb47562110bb-16856248028b819cf3-0","template--16770957410533__94136486-a72b-4490-ad16-bb47562110bb-16856248028b819cf3-1","template--16770957410533__94136486-a72b-4490-ad16-bb47562110bb-16856248028b819cf3-2","template--16770957410533__94136486-a72b-4490-ad16-bb47562110bb-16856248028b819cf3-3","template--16770957410533__94136486-a72b-4490-ad16-bb47562110bb-16856248028b819cf3-4"],"settings":{"show_navigation":false,"title":"","content":"","background":"rgba(0,0,0,0)","text_color":"rgba(0,0,0,0)"}},"bf633b47-b920-4e82-9cad-5fae27ea69b5":{"type":"rich-text","settings":{"subheading":"Subheading","title":"Talk about your brand","content":"<p>Use this text to share information about your brand with your customers. Describe a product, share announcements, or welcome customers to your store.<\/p>","button_text":"","button_link":"","background_type":"full_width","text_width":"medium","text_position":"center","text_alignment":"center","background":"rgba(0,0,0,0)","text_color":"rgba(0,0,0,0)","button_background":"rgba(0,0,0,0)","button_text_color":"rgba(0,0,0,0)"}},"131f07b9-6717-4f51-9925-7213de6cdb6d":{"type":"custom-liquid","settings":{"subheading":"Your subheading","title":"Your title","liquid":"{{product.metafields.custom.what_makes_it_special}}","add_vertical_spacing":true,"background_type":"full_width","background":"rgba(0,0,0,0)","text_color":"rgba(0,0,0,0)"}},"d410c560-8960-4b21-8c43-f3bd7547ff98":{"type":"slideshow","blocks":{"template--16770957410533__d410c560-8960-4b21-8c43-f3bd7547ff98-1685696565676670fe-0":{"type":"image","settings":{"text_position":"middle_center","subheading":"Tell your story","title":"Slide 1","button_1_text":"","button_1_link":"","button_2_text":"","button_2_link":"","text_color":"#ffffff","button_background":"#ffffff","button_text_color":"#000000","overlay_color":"#000000","overlay_opacity":30}},"template--16770957410533__d410c560-8960-4b21-8c43-f3bd7547ff98-1685696565676670fe-1":{"type":"image","settings":{"text_position":"middle_center","subheading":"Tell your story","title":"Slide 2","button_1_text":"","button_1_link":"","button_2_text":"","button_2_link":"","text_color":"#ffffff","button_background":"#ffffff","button_text_color":"#000000","overlay_color":"#000000","overlay_opacity":30}}},"block_order":["template--16770957410533__d410c560-8960-4b21-8c43-f3bd7547ff98-1685696565676670fe-0","template--16770957410533__d410c560-8960-4b21-8c43-f3bd7547ff98-1685696565676670fe-1"],"settings":{"section_height":"auto","transition_type":"sweep","autoplay":true,"cycle_speed":5,"background":"rgba(0,0,0,0)"}},"f49613f7-f014-4f4a-a3ec-afd652a61e5f":{"type":"gallery","blocks":{"template--16770957410533__f49613f7-f014-4f4a-a3ec-afd652a61e5f-168569659239a38a75-0":{"type":"image","settings":{"caption":""}},"template--16770957410533__f49613f7-f014-4f4a-a3ec-afd652a61e5f-168569659239a38a75-1":{"type":"image","settings":{"caption":""}},"template--16770957410533__f49613f7-f014-4f4a-a3ec-afd652a61e5f-168569659239a38a75-2":{"type":"image","settings":{"caption":""}}},"block_order":["template--16770957410533__f49613f7-f014-4f4a-a3ec-afd652a61e5f-168569659239a38a75-0","template--16770957410533__f49613f7-f014-4f4a-a3ec-afd652a61e5f-168569659239a38a75-1","template--16770957410533__f49613f7-f014-4f4a-a3ec-afd652a61e5f-168569659239a38a75-2"],"settings":{"subheading":"Subheading","title":"Gallery","show_arrows":true,"background":"rgba(0,0,0,0)","text_color":"rgba(0,0,0,0)"}}},"order":["main","product-content","ae90f147-a2d3-4058-bfc9-e20729ab277a","623f8350-d409-484b-b471-535f2af3ef35","97ede6cf-f1c4-4290-9b14-db058467d218","9be671b2-9559-4b76-8772-beb1498be68e","1685624426e50daef2","product-recommendations","94136486-a72b-4490-ad16-bb47562110bb","bf633b47-b920-4e82-9cad-5fae27ea69b5","131f07b9-6717-4f51-9925-7213de6cdb6d","d410c560-8960-4b21-8c43-f3bd7547ff98","f49613f7-f014-4f4a-a3ec-afd652a61e5f"]}