{"sections":{"collection-banner":{"type":"collection-banner","disabled":true,"settings":{"show_collection_image":true,"show_collection_title":false,"show_collection_description":true,"section_height":"auto","text_width":"medium","image_text_color":"#ffffff","image_overlay_color":"#000000","image_overlay_opacity":0,"quick_links":""}},"b9022cc5-622d-44b0-9495-d3eab42a58ab":{"type":"slideshow","blocks":{"template--16784180347109__b9022cc5-622d-44b0-9495-d3eab42a58ab-168977101058d8892e-0":{"type":"image","settings":{"image":"{{ collection.metafields.custom.collection_banner_desktop.value }}","mobile_image":"{{ collection.metafields.custom.collection_banner_mobile.value }}","text_position":"middle_center","subheading":"","title":"","button_1_text":"","button_1_link":"","button_2_text":"","button_2_link":"","text_color":"#ffffff","button_background":"#ffffff","button_text_color":"#000000","overlay_color":"#000000","overlay_opacity":0}},"template--16784180347109__b9022cc5-622d-44b0-9495-d3eab42a58ab-168977101058d8892e-1":{"type":"image","disabled":true,"settings":{"text_position":"middle_center","subheading":"Tell your story","title":"Slide 2","button_1_text":"","button_1_link":"","button_2_text":"","button_2_link":"","text_color":"#ffffff","button_background":"#ffffff","button_text_color":"#000000","overlay_color":"#000000","overlay_opacity":30}}},"block_order":["template--16784180347109__b9022cc5-622d-44b0-9495-d3eab42a58ab-168977101058d8892e-0","template--16784180347109__b9022cc5-622d-44b0-9495-d3eab42a58ab-168977101058d8892e-1"],"settings":{"section_height":"auto","transition_type":"sweep","autoplay":true,"cycle_speed":5,"background":"rgba(0,0,0,0)"}},"main":{"type":"main-collection","blocks":{"613ab177-c0f9-4675-ba25-a6af394ae512":{"type":"image","disabled":true,"settings":{"subheading":"","title":"Flash Sale","link_text":"","link_url":"","link_style":"link","text_position":"middle_left","background":"#f7f8fd","text_color":"#1e316a","button_background":"#ffffff","button_text_color":"#1e316a"}}},"block_order":["613ab177-c0f9-4675-ba25-a6af394ae512"],"settings":{"show_sort_by":true,"products_per_page":24,"mobile_products_per_row":"2","desktop_products_per_row":4,"show_cta":true,"show_filters":true,"show_filter_group_name":false,"show_color_swatch":true,"open_first_filter_group":true,"filter_position":"always_visible","promotion_position":"top","promotion_height":"small"}},"16856236138cd51c4e":{"type":"apps","blocks":{"c71daa16-8ed1-4955-84cd-8dbf47cf9dca":{"type":"shopify:\/\/apps\/searchanise-search-discovery\/blocks\/app-block\/d8f24ada-02b1-458a-bbeb-5bf16d5c921e","disabled":true,"settings":{}}},"block_order":["c71daa16-8ed1-4955-84cd-8dbf47cf9dca"],"settings":{"include_horizontal_margins":true,"include_vertical_margins":true}}},"order":["collection-banner","b9022cc5-622d-44b0-9495-d3eab42a58ab","main","16856236138cd51c4e"]}