{"sections":{"collection-banner":{"type":"collection-banner","settings":{"show_collection_image":true,"show_collection_title":false,"show_collection_description":true,"section_height":"large","text_width":"medium","image_text_color":"#ffffff","image_overlay_color":"#000000","image_overlay_opacity":0,"quick_links":""}},"556cfd59-f977-4551-be4f-d05ec45e4ac1":{"type":"slideshow","blocks":{"template--16827611578597__556cfd59-f977-4551-be4f-d05ec45e4ac1-image-1":{"type":"image","settings":{"image":"{{ collection.metafields.custom.collection_banner_desktop.value }}","mobile_image":"{{ collection.image }}","text_position":"middle_center","subheading":"","title":"","button_1_text":"","button_1_link":"","button_2_text":"","button_2_link":"","text_color":"#ffffff","button_background":"#ffffff","button_text_color":"#000000","overlay_color":"#000000","overlay_opacity":0}}},"block_order":["template--16827611578597__556cfd59-f977-4551-be4f-d05ec45e4ac1-image-1"],"disabled":true,"settings":{"subheading":"","title":"","content":"","custom_class":"","scrollid":"","section_height":"auto","transition_type":"sweep","autoplay":true,"cycle_speed":5,"background":"rgba(0,0,0,0)","text_width":"medium","text_position":"center","text_alignment":"center"}},"main":{"type":"main-collection","settings":{"show_sort_by":true,"products_per_page":24,"mobile_products_per_row":"2","desktop_products_per_row":4,"show_cta":true,"show_pagination":false,"show_filters":true,"show_filter_group_name":false,"show_color_swatch":true,"open_first_filter_group":true,"filter_position":"always_visible","promotion_position":"top","promotion_height":"small"}},"16856236138cd51c4e":{"type":"apps","blocks":{"c71daa16-8ed1-4955-84cd-8dbf47cf9dca":{"type":"shopify:\/\/apps\/searchanise-search-filter\/blocks\/app-block\/d8f24ada-02b1-458a-bbeb-5bf16d5c921e","disabled":true,"settings":{}}},"block_order":["c71daa16-8ed1-4955-84cd-8dbf47cf9dca"],"settings":{"include_horizontal_margins":true,"include_vertical_margins":true}}},"order":["collection-banner","556cfd59-f977-4551-be4f-d05ec45e4ac1","main","16856236138cd51c4e"]}