{"sections":{"collection-banner":{"type":"collection-banner","settings":{"show_collection_image":true,"show_collection_title":false,"show_collection_description":true,"section_height":"auto","text_width":"medium","image_text_color":"#ffffff","image_overlay_color":"#000000","image_overlay_opacity":0,"quick_links":""}},"80071cd7-a1ee-42ba-b477-5a9907224006":{"type":"Countdown-Timer","settings":{"subheading":"","hours":10,"minutes":5,"seconds":30}},"main":{"type":"main-collection","blocks":{"9e6300d5-6114-453b-9c2a-96af83809201":{"type":"image","disabled":true,"settings":{"subheading":"","title":"","link_text":"","link_url":"","link_style":"link","text_position":"middle_left","background":"#f7f8fd","text_color":"#1e316a","button_background":"#ffffff","button_text_color":"#1e316a"}}},"block_order":["9e6300d5-6114-453b-9c2a-96af83809201"],"settings":{"show_sort_by":false,"products_per_page":24,"mobile_products_per_row":"2","desktop_products_per_row":4,"show_cta":true,"show_pagination":false,"show_filters":false,"show_filter_group_name":false,"show_color_swatch":true,"open_first_filter_group":true,"filter_position":"always_visible","promotion_position":"top","promotion_height":"small"}},"bac80af5-2235-49c7-9e03-87c76e7c6bbb":{"type":"slideshow","blocks":{"template--16805255839973__bac80af5-2235-49c7-9e03-87c76e7c6bbb-image-1":{"type":"image","settings":{"text_position":"middle_center","subheading":"","title":"","button_1_text":"","button_1_link":"","button_2_text":"","button_2_link":"","text_color":"#ffffff","button_background":"#ffffff","button_text_color":"#000000","overlay_color":"#000000","overlay_opacity":30}}},"block_order":["template--16805255839973__bac80af5-2235-49c7-9e03-87c76e7c6bbb-image-1"],"settings":{"section_height":"auto","transition_type":"sweep","autoplay":true,"cycle_speed":5,"background":"rgba(0,0,0,0)"}},"16856236138cd51c4e":{"type":"apps","blocks":{"c71daa16-8ed1-4955-84cd-8dbf47cf9dca":{"type":"shopify:\/\/apps\/searchanise-search-discovery\/blocks\/app-block\/d8f24ada-02b1-458a-bbeb-5bf16d5c921e","disabled":true,"settings":{}}},"block_order":["c71daa16-8ed1-4955-84cd-8dbf47cf9dca"],"disabled":true,"settings":{"include_horizontal_margins":true,"include_vertical_margins":true}}},"order":["collection-banner","80071cd7-a1ee-42ba-b477-5a9907224006","main","bac80af5-2235-49c7-9e03-87c76e7c6bbb","16856236138cd51c4e"]}