{"sections":{"main":{"type":"main-page","disabled":true,"settings":{"show_title":true,"page_width":"medium"}},"b75aef78-3785-4bad-91f9-5fc22de2e85e":{"type":"rich-text","disabled":true,"settings":{"subheading":"","title":"","content":"<p>Get Early Access ➔<\/p>","button_text":"🕭 Notify Me","button_link":"","button_control":"newsletter-popup","custom_class":"presale_sticky_newsletter","background_type":"full_width","text_width":"medium","text_position":"center","text_alignment":"center","background":"rgba(0,0,0,0)","text_color":"rgba(0,0,0,0)","button_background":"rgba(0,0,0,0)","button_text_color":"rgba(0,0,0,0)"}},"e4a756a6-d4fa-428e-bfff-c0053b40ba8a":{"type":"slideshow","blocks":{"template--16809458958565__e4a756a6-d4fa-428e-bfff-c0053b40ba8a-image-1":{"type":"image","settings":{"image":"shopify:\/\/shop_images\/tinifiednewdeskCorporate_Gifting_1.jpg","mobile_image":"shopify:\/\/shop_images\/newHero_Mobile_1.png","text_position":"middle_center","subheading":"","title":"","button_1_text":"","button_1_link":"","button_2_text":"","button_2_link":"","text_color":"#000000","button_background":"#ffffff","button_text_color":"#ffc105","overlay_color":"#000000","overlay_opacity":0}}},"block_order":["template--16809458958565__e4a756a6-d4fa-428e-bfff-c0053b40ba8a-image-1"],"settings":{"subheading":"","title":"","content":"","custom_class":"presale_banner","scrollid":"","section_height":"auto","transition_type":"sweep","autoplay":true,"cycle_speed":5,"background":"rgba(0,0,0,0)","text_width":"medium","text_position":"center","text_alignment":"center"}},"86d58094-a19a-4e86-a52a-15cfbd4b4bf0":{"type":"gallery","blocks":{"template--16827612168421__86d58094-a19a-4e86-a52a-15cfbd4b4bf0-image-1":{"type":"image","settings":{"image":"shopify:\/\/shop_images\/Bright-Skincare-Gift-Kit.jpg","image_by_url":"","caption":"","link_url":""}},"template--16827612168421__86d58094-a19a-4e86-a52a-15cfbd4b4bf0-image-2":{"type":"image","settings":{"image":"shopify:\/\/shop_images\/Silky-Hair-Essentials-Gift-Kit.jpg","image_by_url":"","caption":"","link_url":""}},"template--16827612168421__86d58094-a19a-4e86-a52a-15cfbd4b4bf0-image-3":{"type":"image","settings":{"image":"shopify:\/\/shop_images\/Detan-_-Soft-Glow-Gift-Kit.jpg","image_by_url":"","caption":"","link_url":""}},"f3e5c263-23a6-4238-970b-417eb6a3124c":{"type":"image","settings":{"image":"shopify:\/\/shop_images\/Destress-Luxury-Night-Skincare-Kit.jpg","image_by_url":"","caption":"","link_url":""}},"4927a770-16e4-42a1-a581-95ebdbd732b0":{"type":"image","settings":{"image":"shopify:\/\/shop_images\/Daily-Glow-Gift-Kit.jpg","image_by_url":"","caption":"","link_url":""}},"05d28963-d183-49ad-913c-1d0d3defd525":{"type":"image","settings":{"image":"shopify:\/\/shop_images\/Men-Special-Gift-Kit.jpg","image_by_url":"","caption":"","link_url":""}},"b9dc537d-db0c-44a6-a5f6-e875c1b27fa3":{"type":"image","settings":{"image":"shopify:\/\/shop_images\/Sculpting-24K-Gold-Facial-Gift-Kit.jpg","image_by_url":"","caption":"","link_url":""}},"278b6ebc-4ee9-425c-ab78-e17e57ca57de":{"type":"image","settings":{"image":"shopify:\/\/shop_images\/tinified-Silky-Smooth-Hair-Essentials-Gift-Kit_1.jpg","image_by_url":"","caption":"","link_url":""}},"da4ddd4b-fba0-4394-92ca-13777e52dd64":{"type":"image","settings":{"image":"shopify:\/\/shop_images\/Detan-_-Glow-Gift-Kit.jpg","image_by_url":"","caption":"","link_url":""}},"a366f36c-a485-48dc-8a86-b429c025bec4":{"type":"image","settings":{"image":"shopify:\/\/shop_images\/Glow-_-Moisturize-Gift-Kit.jpg","image_by_url":"","caption":"","link_url":""}},"938d175b-a1b5-420c-bf07-e216637a904f":{"type":"image","settings":{"image":"shopify:\/\/shop_images\/Glowing-24K-Gold-Facial-Gift-Kit.jpg","image_by_url":"","caption":"","link_url":""}}},"block_order":["template--16827612168421__86d58094-a19a-4e86-a52a-15cfbd4b4bf0-image-1","template--16827612168421__86d58094-a19a-4e86-a52a-15cfbd4b4bf0-image-2","template--16827612168421__86d58094-a19a-4e86-a52a-15cfbd4b4bf0-image-3","f3e5c263-23a6-4238-970b-417eb6a3124c","4927a770-16e4-42a1-a581-95ebdbd732b0","05d28963-d183-49ad-913c-1d0d3defd525","b9dc537d-db0c-44a6-a5f6-e875c1b27fa3","278b6ebc-4ee9-425c-ab78-e17e57ca57de","da4ddd4b-fba0-4394-92ca-13777e52dd64","a366f36c-a485-48dc-8a86-b429c025bec4","938d175b-a1b5-420c-bf07-e216637a904f"],"settings":{"subheading":"","title":"Some of our kits","custom_class":"corporate_gifting_kits","scrollid":"","show_arrows":true,"column_alignment":"center","background":"rgba(0,0,0,0)","text_color":"rgba(0,0,0,0)"}},"15711e42-defb-4adc-b299-385ffa29dab5":{"type":"custom-html","settings":{"subheading":"","title":"Get a call back","html":"<iframe data-tally-src=\"https:\/\/tally.so\/embed\/wveoVA?alignLeft=1&amp;hideTitle=1&amp;transparentBackground=1&amp;dynamicHeight=1\" loading=\"lazy\" width=\"100%\" height=\"48\" frameborder=\"0\" marginheight=\"0\" marginwidth=\"0\" title=\"Get in Touch\"><\/iframe><script>var d=document,w=\"https:\/\/tally.so\/widgets\/embed.js\",v=function(){\"undefined\"!=typeof Tally?Tally.loadEmbeds():d.querySelectorAll(\"iframe[data-tally-src]:not([src])\").forEach((function(e){e.src=e.dataset.tallySrc}))};if(\"undefined\"!=typeof Tally)v();else if(d.querySelector('script[src=\"'+w+'\"]')==null){var s=d.createElement(\"script\");s.src=w,s.onload=v,s.onerror=v,d.body.appendChild(s);}<\/script>","custom_class":"corporate_gifting_callback_form","add_vertical_spacing":true,"background_type":"full_width","background":"rgba(0,0,0,0)","text_color":"rgba(0,0,0,0)"}},"fb6fb919-1af0-45ac-abf1-75fee55f0068":{"type":"rich-text","settings":{"subheading":"","title":"Want to talk to us?","content":"<p>Reach out at <a href=\"mailto:zaid.b@discoverpilgrim.com\" title=\"mailto:zaid.b@discoverpilgrim.com\">sales@discoverpilgrim.com<\/a><strong>Call\/WhatsApp:<\/strong>: +91<a href=\"https:\/\/wa.me\/919067179990?text=Hi\" title=\"https:\/\/wa.me\/919067179990?text=Hi\">9067179990<\/a><\/p>","button_text":"","button_link":"","button_control":"","custom_class":"","background_type":"full_width","text_width":"medium","text_position":"center","text_alignment":"center","background":"rgba(0,0,0,0)","text_color":"rgba(0,0,0,0)","button_background":"rgba(0,0,0,0)","button_text_color":"rgba(0,0,0,0)"}},"920beb05-c6c1-446a-8a03-13fa9d3662f8":{"type":"image-with-text","blocks":{"template--16825129271525__920beb05-c6c1-446a-8a03-13fa9d3662f8-item-1":{"type":"item","settings":{"image":"shopify:\/\/shop_images\/Corporate_Gifting_2_images-1400x1400.jpg","tab_label":"Item","subheading":"","title":"Curated Gifting Collection","content":"<p>At Pilgrim, we specialize in curating the <strong>perfect corporate gifting<\/strong> experiences that go beyond mere gestures of appreciation. Our mission is to help you deepen meaningful connections with your clients and colleagues through <strong>thoughtfully curated <\/strong>beauty gift kits.<\/p><p>Step into a world where every gift tells a story – a story of the world's most cherished beauty secrets. Explore our exquisite range of Skincare, Haircare, and Fragrances, each product designed to not only enhance personal care but also to leave a <strong>profound and lasting impression<\/strong>.<\/p>","button_text":"","button_link":""}}},"block_order":["template--16825129271525__920beb05-c6c1-446a-8a03-13fa9d3662f8-item-1"],"settings":{"reveal_on_scroll":true,"background_type":"full_width","background_overlap":"both","image_position":"left","text_alignment":"center","cycle_speed":8,"accent_background":"#fffaf3","text_color":"rgba(0,0,0,0)","button_background":"rgba(0,0,0,0)","button_text_color":"rgba(0,0,0,0)"}},"c85becd1-48a4-4ef7-8236-685c9741741a":{"type":"multi-column","blocks":{"template--16827612168421__c85becd1-48a4-4ef7-8236-685c9741741a-item-1":{"type":"item","settings":{"image":"shopify:\/\/shop_images\/Corporate_Gifting_THOUGHTFULLY_CURATED.jpg","image_by_url":"","image_width":100,"image_border":"rgba(0,0,0,0)","image_background":"rgba(0,0,0,0)","title":"","content":"<p>Our carefully curated beauty kits collection is designed with the finest natural world ingredients, thoughtfully combined with premium packaging.<\/p>","link_text":"","link_url":"","link_style":"link","text_alignment":"center","vertical_alignment":"start"}},"template--16827612168421__c85becd1-48a4-4ef7-8236-685c9741741a-item-2":{"type":"item","settings":{"image":"shopify:\/\/shop_images\/Corporate_Gifting_PERFECTLY_CUSTOMISED.jpg","image_by_url":"","image_width":100,"image_border":"rgba(0,0,0,0)","image_background":"rgba(0,0,0,0)","title":"","content":"<p>From expressions of gratitude to moments of celebration that are truly unforgettable, Pilgrim is here to customise and manage all aspects of your corporate gifting needs.<\/p>","link_text":"","link_url":"","link_style":"link","text_alignment":"center","vertical_alignment":"start"}},"template--16827612168421__c85becd1-48a4-4ef7-8236-685c9741741a-item-3":{"type":"item","settings":{"image":"shopify:\/\/shop_images\/Corporate_Gifting_Premium_Packaging.jpg","image_by_url":"","image_width":100,"image_border":"rgba(0,0,0,0)","image_background":"rgba(0,0,0,0)","title":"","content":"<p>Elevate your corporate gifting with Pilgrim's luxurious white and gold packaging, sure to delight recipients and add a touch of luxury to your thoughtful gifts.<\/p>","link_text":"","link_url":"","link_style":"link","text_alignment":"center","vertical_alignment":"start"}}},"block_order":["template--16827612168421__c85becd1-48a4-4ef7-8236-685c9741741a-item-1","template--16827612168421__c85becd1-48a4-4ef7-8236-685c9741741a-item-2","template--16827612168421__c85becd1-48a4-4ef7-8236-685c9741741a-item-3"],"settings":{"reveal_on_scroll":true,"stack_items":true,"subheading":"","title":"Gift The World's Best Beauty Secrets","content":"","button_text":"","button_link":"","scrollid":"","custom_class":"","column_alignment":"center","mobile_item_size":"medium","desktop_item_size":"large","spacing":"normal","background":"rgba(0,0,0,0)","text_color":"rgba(0,0,0,0)"}},"2f1bdefc-0d63-4afa-8aab-9bda0ee7afd9":{"type":"play-and-win","blocks":{"template--16809458958565__2f1bdefc-0d63-4afa-8aab-9bda0ee7afd9-logo-1":{"type":"logo","settings":{"logo":"shopify:\/\/shop_images\/gift-bag-with-bow.jpg","link":""}},"template--16809458958565__2f1bdefc-0d63-4afa-8aab-9bda0ee7afd9-logo-2":{"type":"logo","settings":{"logo":"shopify:\/\/shop_images\/blue-yellow-gift-wrap.jpg","link":""}},"template--16809458958565__2f1bdefc-0d63-4afa-8aab-9bda0ee7afd9-logo-3":{"type":"logo","disabled":true,"settings":{"link":""}},"template--16809458958565__2f1bdefc-0d63-4afa-8aab-9bda0ee7afd9-logo-4":{"type":"logo","disabled":true,"settings":{"link":""}}},"block_order":["template--16809458958565__2f1bdefc-0d63-4afa-8aab-9bda0ee7afd9-logo-1","template--16809458958565__2f1bdefc-0d63-4afa-8aab-9bda0ee7afd9-logo-2","template--16809458958565__2f1bdefc-0d63-4afa-8aab-9bda0ee7afd9-logo-3","template--16809458958565__2f1bdefc-0d63-4afa-8aab-9bda0ee7afd9-logo-4"],"disabled":true,"settings":{"reveal_on_scroll":true,"subheading":"","title":"All occasions","content":"<p>All occasions, one gifting destination<\/p>","button_text":"","button_link":"","custom_class":"playnwin","stack_logos":true,"background":"rgba(0,0,0,0)","text_color":"rgba(0,0,0,0)","button_background":"rgba(0,0,0,0)","button_text_color":"rgba(0,0,0,0)","image_background":"rgba(0,0,0,0)"}},"d99e3ccf-5df7-4bde-a3a4-6e9a2cceadbd":{"type":"featured-collections","blocks":{"template--16825129271525__d99e3ccf-5df7-4bde-a3a4-6e9a2cceadbd-collection-1":{"type":"collection","settings":{"collection":"gifting","label":"","button_text":"","button_url":""}}},"block_order":["template--16825129271525__d99e3ccf-5df7-4bde-a3a4-6e9a2cceadbd-collection-1"],"disabled":true,"settings":{"subheading":"","title":"The Corporate Gifting Collection","content":"","scrollid":"","products_count":8,"products_per_row":4,"stack_products":false,"show_cta":true,"background":"rgba(0,0,0,0)","text_color":"rgba(0,0,0,0)","button_background":"rgba(0,0,0,0)","button_text_color":"rgba(0,0,0,0)"}},"1982f096-d3cf-4892-8003-2279f49f6493":{"type":"logo-list","blocks":{"template--16825129271525__1982f096-d3cf-4892-8003-2279f49f6493-logo-1":{"type":"logo","settings":{"logo":"shopify:\/\/shop_images\/the-times-of-india.png","link":""}},"template--16825129271525__1982f096-d3cf-4892-8003-2279f49f6493-logo-2":{"type":"logo","settings":{"logo":"shopify:\/\/shop_images\/grazia.png","link":""}},"template--16825129271525__1982f096-d3cf-4892-8003-2279f49f6493-logo-3":{"type":"logo","settings":{"logo":"shopify:\/\/shop_images\/cosmopolitan.png","link":""}},"template--16825129271525__1982f096-d3cf-4892-8003-2279f49f6493-logo-4":{"type":"logo","settings":{"logo":"shopify:\/\/shop_images\/yourstory_logo.png","link":""}}},"block_order":["template--16825129271525__1982f096-d3cf-4892-8003-2279f49f6493-logo-1","template--16825129271525__1982f096-d3cf-4892-8003-2279f49f6493-logo-2","template--16825129271525__1982f096-d3cf-4892-8003-2279f49f6493-logo-3","template--16825129271525__1982f096-d3cf-4892-8003-2279f49f6493-logo-4"],"disabled":true,"settings":{"reveal_on_scroll":true,"subheading":"","title":"Some of our  Clients","button_text":"","button_link":"","custom_class":"","stack_logos":false,"background":"rgba(0,0,0,0)","text_color":"rgba(0,0,0,0)","button_background":"rgba(0,0,0,0)","button_text_color":"rgba(0,0,0,0)","logo_background":"rgba(0,0,0,0)"}},"50384a37-649e-404f-a91c-351fa7c68e46":{"type":"image-with-text","blocks":{"template--16825129271525__50384a37-649e-404f-a91c-351fa7c68e46-item-1":{"type":"item","settings":{"image":"shopify:\/\/shop_images\/tinified-New-Pilgrim-Code_1.png","tab_label":"Item","subheading":"","title":"Our Promise","content":"<p>Pilgrim is \"Clean Compatible\". Not just <strong>free of harmful and toxic chemicals<\/strong> but uses only those ingredients that either enhance the health of our hair &<br\/>skin or support the<strong> effectiveness of formulations<\/strong>.<\/p>","button_text":"","button_link":""}}},"block_order":["template--16825129271525__50384a37-649e-404f-a91c-351fa7c68e46-item-1"],"settings":{"reveal_on_scroll":true,"background_type":"full_width","background_overlap":"both","image_position":"left","text_alignment":"center","cycle_speed":8,"accent_background":"#fffaf3","text_color":"rgba(0,0,0,0)","button_background":"rgba(0,0,0,0)","button_text_color":"rgba(0,0,0,0)"}},"a97a1877-e4c8-49d4-9eee-32ab8f04ac09":{"type":"slideshow","blocks":{"ef42d69a-7eb1-4ff5-a3c6-0112a6cb8cbe":{"type":"image","settings":{"image":"shopify:\/\/shop_images\/Influencers-Homepage-Banner-1920x520._v2.jpg","mobile_image":"shopify:\/\/shop_images\/Influencers-Homepage-Banner.jpg","text_position":"middle_center","subheading":"","title":"","button_1_text":"","button_1_link":"","button_2_text":"","button_2_link":"","text_color":"#ffffff","button_background":"#ffffff","button_text_color":"#000000","overlay_color":"#000000","overlay_opacity":0}}},"block_order":["ef42d69a-7eb1-4ff5-a3c6-0112a6cb8cbe"],"settings":{"subheading":"","title":"","content":"","custom_class":"","scrollid":"","section_height":"auto","transition_type":"sweep","autoplay":true,"cycle_speed":5,"background":"rgba(0,0,0,0)","text_width":"medium","text_position":"center","text_alignment":"center"}}},"order":["main","b75aef78-3785-4bad-91f9-5fc22de2e85e","e4a756a6-d4fa-428e-bfff-c0053b40ba8a","86d58094-a19a-4e86-a52a-15cfbd4b4bf0","15711e42-defb-4adc-b299-385ffa29dab5","fb6fb919-1af0-45ac-abf1-75fee55f0068","920beb05-c6c1-446a-8a03-13fa9d3662f8","c85becd1-48a4-4ef7-8236-685c9741741a","2f1bdefc-0d63-4afa-8aab-9bda0ee7afd9","d99e3ccf-5df7-4bde-a3a4-6e9a2cceadbd","1982f096-d3cf-4892-8003-2279f49f6493","50384a37-649e-404f-a91c-351fa7c68e46","a97a1877-e4c8-49d4-9eee-32ab8f04ac09"]}