{"sections":{"f4a70583-2a61-4855-9849-20a6d4d5108e":{"type":"custom-content","disabled":true,"settings":{"heading":"World's Beauty For You!","subheading":"","description":"","header_alignment":"left","container":"container-fluid","background_color":"","gap":30,"use_scroll_mobile":false,"gap_mobile":16,"custom_class":""}},"5d6e7b86-ac97-42d1-963a-d9590773bdcd":{"type":"slider","blocks":{"template--16652728959205__5d6e7b86-ac97-42d1-963a-d9590773bdcd-1669634629e82910be-0":{"type":"slider_item","disabled":true,"settings":{"background":"shopify:\/\/shop_images\/Screenshot_2022-11-28_165041.png","mb_background":"shopify:\/\/shop_images\/Screenshot_2022-11-28_165041.png","image_alignment":"center","content_in_container":false,"content_position":"center middle","text_alignment":"center","text_size":"medium","text_color":"black","subheading":"","title":"","description":"","image_link":"","banner_name":"","banner_category":"","banner_offer":"","button_text":"","button_link":"","button_style":"sf__btn-primary","button_size":"","show_footer":false,"footer_alignment":"end","footer_text":"","footer_button":"","footer_link":""}},"template--16652728959205__5d6e7b86-ac97-42d1-963a-d9590773bdcd-1669634629e82910be-1":{"type":"slider_item","disabled":true,"settings":{"image_alignment":"center","content_in_container":false,"content_position":"center middle","text_alignment":"center","text_size":"medium","text_color":"black","subheading":"","title":"New Collection","description":"<p>Tell your campaign through images<\/p>","image_link":"","banner_name":"","banner_category":"","banner_offer":"","button_text":"Shop now","button_link":"","button_style":"sf__btn-primary","button_size":"","show_footer":false,"footer_alignment":"end","footer_text":"New Collection","footer_button":"Shop Now","footer_link":""}},"ee733371-5e88-4aad-a050-45de8ac63d90":{"type":"video_slide","disabled":true,"settings":{"video":"https:\/\/cdn.shopify.com\/videos\/c\/o\/v\/cc3311781795414cb670846d46a41f56.mp4","content_in_container":false,"content_position":"center middle","text_alignment":"center","text_size":"medium","text_color":"black","subheading":"","title":"","description":"","image_link":"https:\/\/discoverpilgrim.com\/collections\/secrets-of-jeju-island","button_text":"","button_link":"","button_style":"sf__btn-primary","button_size":"","show_footer":false,"footer_alignment":"end","footer_text":"","footer_button":"","footer_link":""}},"8c3c3689-b510-4b76-a821-01ae73ee2edb":{"type":"video_slide","disabled":true,"settings":{"video":"https:\/\/cdn.shopify.com\/videos\/c\/o\/v\/a818face34b44cbf9e9f46f34eff4a0b.mp4","content_in_container":false,"content_position":"center middle","text_alignment":"center","text_size":"medium","text_color":"black","subheading":"","title":"","description":"","image_link":"","button_text":"","button_link":"","button_style":"sf__btn-primary","button_size":"","show_footer":false,"footer_alignment":"end","footer_text":"","footer_button":"","footer_link":""}},"7902a079-2614-4c69-8c0d-6b5e88927a1a":{"type":"video_slide","disabled":true,"settings":{"video":"https:\/\/cdn.shopify.com\/videos\/c\/o\/v\/5436b7020cdb4c6ab6ed1fc6745efefb.mp4","content_in_container":false,"content_position":"center middle","text_alignment":"center","text_size":"medium","text_color":"black","subheading":"","title":"","description":"","image_link":"","button_text":"","button_link":"","button_style":"sf__btn-primary","button_size":"","show_footer":false,"footer_alignment":"end","footer_text":"","footer_button":"","footer_link":""}},"7089bf1c-8c6c-4f30-aa16-1b3f8f7ad323":{"type":"video_slide","settings":{"video":"https:\/\/cdn.shopify.com\/videos\/c\/o\/v\/833105dd8da849f0a1ab951c161eea4b.mp4","content_in_container":false,"content_position":"center middle","text_alignment":"center","text_size":"medium","text_color":"black","subheading":"","title":"","description":"","image_link":"","button_text":"","button_link":"","button_style":"sf__btn-primary","button_size":"","show_footer":false,"footer_alignment":"end","footer_text":"","footer_button":"","footer_link":""}}},"block_order":["template--16652728959205__5d6e7b86-ac97-42d1-963a-d9590773bdcd-1669634629e82910be-0","template--16652728959205__5d6e7b86-ac97-42d1-963a-d9590773bdcd-1669634629e82910be-1","ee733371-5e88-4aad-a050-45de8ac63d90","8c3c3689-b510-4b76-a821-01ae73ee2edb","7902a079-2614-4c69-8c0d-6b5e88927a1a","7089bf1c-8c6c-4f30-aa16-1b3f8f7ad323"],"settings":{"container":"w-full","slideshow_height":"adapt","show_overlay":false,"dots_position":"bottom","dots_color":"dark","show_dots":true,"show_arrows":false,"autorotate":true,"autorotate_speed":5,"use_content_above":false,"custom_class":""}},"479b2f73-6751-4561-a86e-177b7e149eb8":{"type":"custom-content","settings":{"heading":"Meet our TRIBE","subheading":"","description":"","header_alignment":"center","container":"container-fluid","background_color":"","gap":30,"use_scroll_mobile":false,"gap_mobile":16,"custom_class":""}},"b896fab9-c80e-4197-85f0-30ceb7d93010":{"type":"slider","blocks":{"template--16652728959205__b896fab9-c80e-4197-85f0-30ceb7d93010-1669634629e82910be-0":{"type":"slider_item","settings":{"background":"shopify:\/\/shop_images\/Screenshot_3.png","mb_background":"shopify:\/\/shop_images\/Screenshot_3.png","image_alignment":"center","content_in_container":false,"content_position":"center middle","text_alignment":"center","text_size":"medium","text_color":"black","subheading":"","title":"","description":"","image_link":"https:\/\/discoverpilgrim.com\/collections\/kalkis-picks","banner_name":"","banner_category":"","banner_offer":"","button_text":"","button_link":"","button_style":"sf__btn-primary","button_size":"","show_footer":false,"footer_alignment":"end","footer_text":"","footer_button":"","footer_link":""}},"template--16652728959205__b896fab9-c80e-4197-85f0-30ceb7d93010-1669634629e82910be-1":{"type":"slider_item","settings":{"background":"shopify:\/\/shop_images\/Screenshot_2.png","mb_background":"shopify:\/\/shop_images\/Screenshot_2.png","image_alignment":"center","content_in_container":false,"content_position":"center middle","text_alignment":"center","text_size":"medium","text_color":"black","subheading":"","title":"","description":"","image_link":"","banner_name":"","banner_category":"","banner_offer":"","button_text":"","button_link":"","button_style":"sf__btn-primary","button_size":"","show_footer":false,"footer_alignment":"end","footer_text":"New Collection","footer_button":"","footer_link":""}},"template--16652728959205__b896fab9-c80e-4197-85f0-30ceb7d93010-1669634629e82910be-2":{"type":"slider_item","settings":{"background":"shopify:\/\/shop_images\/Screenshot_1.png","mb_background":"shopify:\/\/shop_images\/Screenshot_1.png","image_alignment":"center","content_in_container":false,"content_position":"center middle","text_alignment":"center","text_size":"medium","text_color":"black","subheading":"","title":"","description":"","image_link":"","banner_name":"","banner_category":"","banner_offer":"","button_text":"","button_link":"","button_style":"sf__btn-primary","button_size":"","show_footer":false,"footer_alignment":"end","footer_text":"","footer_button":"","footer_link":""}}},"block_order":["template--16652728959205__b896fab9-c80e-4197-85f0-30ceb7d93010-1669634629e82910be-0","template--16652728959205__b896fab9-c80e-4197-85f0-30ceb7d93010-1669634629e82910be-1","template--16652728959205__b896fab9-c80e-4197-85f0-30ceb7d93010-1669634629e82910be-2"],"settings":{"container":"w-full","slideshow_height":"adapt","show_overlay":false,"dots_position":"bottom","dots_color":"dark","show_dots":true,"show_arrows":false,"autorotate":true,"autorotate_speed":4,"use_content_above":false,"custom_class":""}},"collection-header":{"type":"collection-page-header","disabled":true,"settings":{"container":"container","layout":"inside","header_height":"small","text_alignment":"center","vertical_alignment":"center","text_color":"dark","bg_color":"#ffffff","enable_parallax":false,"upper_title":false,"show_desc":false,"collection_all_desc":""}},"main":{"type":"main-collection-product-grid","disabled":true,"blocks":{"26ef6509-772d-4c44-bd90-efc089bd9355":{"type":"filter","settings":{"design_filtergroup":"button","title":"Size","filtergroup":"XS,S,M,L,XL","show_label":false,"use_accordion":false,"open_filtergroup":true}},"e12de6da-eab8-4abe-967c-06d0d959a18a":{"type":"filter","settings":{"design_filtergroup":"color","title":"Colors","filtergroup":"Blue, Red, White ,Black ,Pink ,Silver,Purple,Brown,Yellow,Grey,Green,Tan,Violet,Dark Grey,Beige,Light Blue, Dark Blue, Light Grey, Light Pink, Mint, Rose Gold, Night Blue, Copper, Coral, Rosy Brown","show_label":false,"use_accordion":false,"open_filtergroup":true}},"fa31a837-9c99-4c92-8cfe-0527ffbe7b15":{"type":"filter","settings":{"design_filtergroup":"default","title":"Prices","filtergroup":"$0-$50,$50-$100,$100-$150,$150-$200,$200-$300,$300-$400","show_label":false,"use_accordion":false,"open_filtergroup":true}},"4903963a-90f0-4fe1-be23-ee4f8749e483":{"type":"filter","settings":{"design_filtergroup":"inrow","title":"Brands","filtergroup":"Minimog,Retrolie,Abby,Brook,Learts,Vagabond","show_label":false,"use_accordion":false,"open_filtergroup":true}},"00b3badd-1613-4230-85d8-f87f04306aaa":{"type":"filter","settings":{"design_filtergroup":"inrow","title":"Tags","filtergroup":"Dress,Tops,Shirts,Fashion,Hats,Sandal,Belt,Bags,Snacker,Denim,Minimog,Vagabond,Sunglasses, Beachwear,Vintage","show_label":false,"use_accordion":true,"open_filtergroup":true}}},"block_order":["26ef6509-772d-4c44-bd90-efc089bd9355","e12de6da-eab8-4abe-967c-06d0d959a18a","fa31a837-9c99-4c92-8cfe-0527ffbe7b15","4903963a-90f0-4fe1-be23-ee4f8749e483","00b3badd-1613-4230-85d8-f87f04306aaa"],"settings":{"container":"container-fluid","grid_layout":"grid","grid_columns":"4","show_columns_switcher":true,"show_sorting":true,"show_filter":true,"filters_type":"tags_filter","sidebar":"leftColumn","sidebar_title":"Filters","limit_height_widget":false,"limit_height":300,"change_product_variant_on_fitlering":true,"pagination_limit":12,"paginate_type":"paginate"}},"recent-viewed":{"type":"recent-viewed-products","disabled":true,"settings":{"container":"container","heading":"Recently Viewed Products","limit":8,"columns":4,"column_gap":30,"enable_slider":true}},"5e5fc4ad-a507-4b87-9ee3-7532fd097315":{"type":"featured-collection","settings":{"heading":"TRIBE Favourites","subheading":"","description":"","header_alignment":"center","container":"container-fluid","background_color":"rgba(0,0,0,0)","collection":"bestsellers","enable_flashsale":false,"show_countdown":false,"product_to_show":4,"items_per_row":4,"item_gap":30,"pcard_layout":"","pcard_image_ratio":"","show_vendor":false,"hide_title":false,"enable_slider":false,"show_pagination":false,"show_navigation":false,"button_type":"link","button_text":"","button_style":"sf__btn-primary","button_size":"","infinite_load":false,"max_page_load":3,"use_scroll_mobile":true,"item_gap_mobile":18,"custom_class":""}},"faef00c2-aece-4d88-9067-40c9ee3b8c9f":{"type":"slider","blocks":{"template--16652728959205__faef00c2-aece-4d88-9067-40c9ee3b8c9f-1669634629e82910be-0":{"type":"slider_item","settings":{"background":"shopify:\/\/shop_images\/Screenshot_2022-11-28_165811.png","mb_background":"shopify:\/\/shop_images\/Screenshot_2022-11-28_165811.png","image_alignment":"center","content_in_container":false,"content_position":"center middle","text_alignment":"center","text_size":"medium","text_color":"black","subheading":"","title":"","description":"","image_link":"https:\/\/www.instagram.com\/discover.pilgrim\/","banner_name":"","banner_category":"","banner_offer":"","button_text":"","button_link":"","button_style":"sf__btn-primary","button_size":"","show_footer":false,"footer_alignment":"end","footer_text":"","footer_button":"","footer_link":""}},"template--16652728959205__faef00c2-aece-4d88-9067-40c9ee3b8c9f-1669634629e82910be-1":{"type":"slider_item","disabled":true,"settings":{"image_alignment":"center","content_in_container":false,"content_position":"center middle","text_alignment":"center","text_size":"medium","text_color":"black","subheading":"","title":"New Collection","description":"<p>Tell your campaign through images<\/p>","image_link":"","banner_name":"","banner_category":"","banner_offer":"","button_text":"Shop now","button_link":"","button_style":"sf__btn-primary","button_size":"","show_footer":false,"footer_alignment":"end","footer_text":"New Collection","footer_button":"Shop Now","footer_link":""}},"template--16652728959205__faef00c2-aece-4d88-9067-40c9ee3b8c9f-1669634629e82910be-2":{"type":"slider_item","disabled":true,"settings":{"image_alignment":"center","content_in_container":false,"content_position":"center middle","text_alignment":"center","text_size":"medium","text_color":"black","subheading":"","title":"New Collection","description":"<p>Tell your campaign through images<\/p>","image_link":"","banner_name":"","banner_category":"","banner_offer":"","button_text":"Shop now","button_link":"","button_style":"sf__btn-primary","button_size":"","show_footer":false,"footer_alignment":"end","footer_text":"New Collection","footer_button":"Shop Now","footer_link":""}}},"block_order":["template--16652728959205__faef00c2-aece-4d88-9067-40c9ee3b8c9f-1669634629e82910be-0","template--16652728959205__faef00c2-aece-4d88-9067-40c9ee3b8c9f-1669634629e82910be-1","template--16652728959205__faef00c2-aece-4d88-9067-40c9ee3b8c9f-1669634629e82910be-2"],"settings":{"container":"w-full","slideshow_height":"adapt","show_overlay":false,"dots_position":"bottom","dots_color":"dark","show_dots":true,"show_arrows":false,"autorotate":false,"autorotate_speed":5,"use_content_above":false,"custom_class":""}}},"order":["f4a70583-2a61-4855-9849-20a6d4d5108e","5d6e7b86-ac97-42d1-963a-d9590773bdcd","479b2f73-6751-4561-a86e-177b7e149eb8","b896fab9-c80e-4197-85f0-30ceb7d93010","collection-header","main","recent-viewed","5e5fc4ad-a507-4b87-9ee3-7532fd097315","faef00c2-aece-4d88-9067-40c9ee3b8c9f"]}