{"sections":{"d742ee22-eb12-4222-85bb-2a97af5341fb":{"type":"pagefly-section","settings":{"section_id":"pf-eeecd668"}},"e4db38c0-2737-4cb3-98d7-9ca7fca97d61":{"type":"pagefly-section","settings":{"section_id":"pf-0ddb0df4"}},"1651754583fdd00906":{"type":"product-tabs","blocks":{"26619c48-9d8d-4471-aeb8-6e58ec6f5d13":{"type":"tab","disabled":true,"settings":{"title":"Kalki's Picks 😍","collection":"kalki-vino-1"}},"a1e5fae2-7ced-46d8-b0bb-208de794fe67":{"type":"tab","settings":{"title":"","collection":"bestsellers"}},"fd2811a8-3ac9-424d-80f9-c336a6c44418":{"type":"tab","settings":{"title":"Face Care Products","collection":"face-care"}},"16517545830994d5a0-0":{"type":"tab","settings":{"title":"Body Care Products","collection":"bath-body"}},"4b48c8fe-d420-4017-9ff1-4b5870e725e6":{"type":"tab","settings":{"title":"Hair Care Products","collection":"hair-care"}}},"block_order":["26619c48-9d8d-4471-aeb8-6e58ec6f5d13","a1e5fae2-7ced-46d8-b0bb-208de794fe67","fd2811a8-3ac9-424d-80f9-c336a6c44418","16517545830994d5a0-0","4b48c8fe-d420-4017-9ff1-4b5870e725e6"],"settings":{"heading":"Shop from our","subheading":"","description":"","header_alignment":"center","container":"container","background_color":"rgba(0,0,0,0)","tab_header":"select","limit":4,"show_button":true,"button_type":"load","button_label":"View all","button_style":"sf__btn-link","button_size":"","pcard_layout":"4","pcard_image_ratio":"","show_vendor":false,"items_per_row":4,"item_gap":30,"enable_slider":false,"show_navigation":true,"show_pagination":false,"use_scroll_mobile":true,"item_gap_mobile":16,"custom_class":""}},"16485587154c3b17c5":{"type":"slider","disabled":true,"blocks":{"6a09e757-294b-4ea3-84b1-285ca56a0626":{"type":"slider_item","disabled":true,"settings":{"background":"shopify:\/\/shop_images\/Buy-2-Get-2-Free-sale-Homepage-Banner-1920x520_e435a8fb-637b-4a04-9a54-6436fbcfae96.jpg","mb_background":"shopify:\/\/shop_images\/Buy-2-Get-2-Free-sale-Homepage-Banner-800x1000_1f176468-0c6d-4cbc-bef3-3f682418a9de.jpg","image_alignment":"center","content_in_container":false,"content_position":"center middle","text_alignment":"center","text_size":"medium","text_color":"black","subheading":"","title":"","description":"","image_link":"","banner_name":"","banner_category":"","banner_offer":"","button_text":"","button_link":"","button_style":"sf__btn-primary","button_size":"","show_footer":false,"footer_alignment":"end","footer_text":"","footer_button":"","footer_link":""}},"c1a7b43c-f208-4c1f-b346-63c6c902a911":{"type":"slider_item","settings":{"background":"shopify:\/\/shop_images\/2-Iphones-Lucky-Winners-Homepage-Banner-1920x500_cd367dde-8cc5-4ff0-a960-24d8da159e4d.jpg","mb_background":"shopify:\/\/shop_images\/2-Iphones-Lucky-Winners-Homepage-Banner-800x300_54cf393b-bb15-447f-9a6f-36041bd34a7d.jpg","image_alignment":"center","content_in_container":false,"content_position":"center middle","text_alignment":"center","text_size":"medium","text_color":"black","subheading":"","title":"","description":"","image_link":"","banner_name":"","banner_category":"","banner_offer":"","button_text":"","button_link":"","button_style":"sf__btn-primary","button_size":"","show_footer":false,"footer_alignment":"end","footer_text":"New Collection","footer_button":"Shop Now","footer_link":""}},"6d01287b-cda0-4301-bfb4-2344db856598":{"type":"slider_item","disabled":true,"settings":{"background":"shopify:\/\/shop_images\/kalki_1920x520-1_2.png","mb_background":"shopify:\/\/shop_images\/kalki_banner_3_1.png","image_alignment":"center","content_in_container":false,"content_position":"center middle","text_alignment":"center","text_size":"medium","text_color":"black","subheading":"","title":"","description":"","image_link":"https:\/\/discoverpilgrim.com\/collections\/kalkis-picks","banner_name":"","banner_category":"","banner_offer":"","button_text":"","button_link":"","button_style":"sf__btn-primary","button_size":"","show_footer":false,"footer_alignment":"end","footer_text":"","footer_button":"","footer_link":""}},"d6744d17-1b35-4e79-bc1a-7b45772229a8":{"type":"slider_item","disabled":true,"settings":{"background":"shopify:\/\/shop_images\/FREE-Minis-on-799_-Offer-Homepage-Banner-1920x520.jpg","mb_background":"shopify:\/\/shop_images\/FREE-Minis-on-799_-Offer-Homepage-Banner-800x1000.jpg","image_alignment":"center","content_in_container":false,"content_position":"center middle","text_alignment":"center","text_size":"medium","text_color":"black","subheading":"","title":"","description":"","image_link":"","banner_name":"","banner_category":"","banner_offer":"","button_text":"","button_link":"","button_style":"sf__btn-primary","button_size":"","show_footer":false,"footer_alignment":"end","footer_text":"New Collection","footer_button":"Shop Now","footer_link":""}},"1648558715502cf48f-0":{"type":"slider_item","disabled":true,"settings":{"background":"shopify:\/\/shop_images\/body_Serum_lotion_home_page_banner_2nd_v2_1920x520-Recovered.png","mb_background":"shopify:\/\/shop_images\/body_Serum_lotion_home_page_banner_2nd_800x100_3978c222-cd51-49e0-ad0c-dce693dfb360.png","image_alignment":"center","content_in_container":false,"content_position":"center middle","text_alignment":"center","text_size":"medium","text_color":"black","subheading":"","title":"","description":"","image_link":"https:\/\/discoverpilgrim.com\/collections\/body-serum-lotions","banner_name":"Banner Name 1","banner_category":"Banner Category 1","banner_offer":"Banner Offer 1","button_text":"","button_link":"","button_style":"sf__btn-primary","button_size":"","show_footer":false,"footer_alignment":"end","footer_text":"New Collection","footer_button":"Shop Now","footer_link":""}},"ddd9f1b6-1770-486c-ae62-2948dbad68d1":{"type":"slider_item","disabled":true,"settings":{"background":"shopify:\/\/shop_images\/Silky-Hair-Essentials-Homepage-Banner-1920x520.jpg","mb_background":"shopify:\/\/shop_images\/Silky-Hair-Essentials-Homepage-Banner-800x1000.jpg","image_alignment":"center","content_in_container":false,"content_position":"center middle","text_alignment":"center","text_size":"medium","text_color":"black","subheading":"","title":"","description":"","image_link":"shopify:\/\/collections\/hair-care","banner_name":"","banner_category":"","banner_offer":"","button_text":"","button_link":"","button_style":"sf__btn-primary","button_size":"","show_footer":false,"footer_alignment":"end","footer_text":"New Collection","footer_button":"Shop Now","footer_link":""}}},"block_order":["6a09e757-294b-4ea3-84b1-285ca56a0626","c1a7b43c-f208-4c1f-b346-63c6c902a911","6d01287b-cda0-4301-bfb4-2344db856598","d6744d17-1b35-4e79-bc1a-7b45772229a8","1648558715502cf48f-0","ddd9f1b6-1770-486c-ae62-2948dbad68d1"],"settings":{"container":"w-full","slideshow_height":"adapt","show_overlay":false,"dots_position":"bottom","dots_color":"dark","show_dots":true,"show_arrows":false,"autorotate":false,"autorotate_speed":5,"use_content_above":false,"custom_class":"homepage-banner"}},"01534e66-1c74-4ea1-98b0-94e051b17732":{"type":"slider","disabled":true,"blocks":{"template--16648799092965__01534e66-1c74-4ea1-98b0-94e051b17732-1669308978098945b3-0":{"type":"slider_item","settings":{"background":"shopify:\/\/shop_images\/70_-OFF-Happy-Hour-Website-Banner-1600x400-LN.gif","mb_background":"shopify:\/\/shop_images\/70_-OFF-Happy-Hour-Website-Banner-1600x400-LN.gif","image_alignment":"center","content_in_container":false,"content_position":"center middle","text_alignment":"center","text_size":"medium","text_color":"black","subheading":"","title":"","description":"","image_link":"shopify:\/\/collections\/70-off-flash-sale","banner_name":"","banner_category":"","banner_offer":"","button_text":"","button_link":"","button_style":"sf__btn-primary","button_size":"","show_footer":false,"footer_alignment":"end","footer_text":"New Collection","footer_button":"","footer_link":""}}},"block_order":["template--16648799092965__01534e66-1c74-4ea1-98b0-94e051b17732-1669308978098945b3-0"],"settings":{"container":"w-full","slideshow_height":"adapt","show_overlay":false,"dots_position":"bottom","dots_color":"dark","show_dots":true,"show_arrows":false,"autorotate":false,"autorotate_speed":5,"use_content_above":false,"custom_class":""}},"16611883055f7db511":{"type":"slider","blocks":{"166118830484af0b43-0":{"type":"slider_item","disabled":true,"settings":{"background":"shopify:\/\/shop_images\/Bestsellers-Homepage-Banner-2-1920x400_1.jpg","mb_background":"shopify:\/\/shop_images\/Bestsellers-Homepage-Banner-2-1920x400_1.jpg","image_alignment":"center","content_in_container":false,"content_position":"center middle","text_alignment":"center","text_size":"medium","text_color":"black","subheading":"","title":"","description":"","image_link":"shopify:\/\/collections\/bestsellers","banner_name":"","banner_category":"","banner_offer":"","button_text":"","button_link":"","button_style":"sf__btn-primary","button_size":"","show_footer":false,"footer_alignment":"end","footer_text":"New Collection","footer_button":"Shop Now","footer_link":""}}},"block_order":["166118830484af0b43-0"],"settings":{"container":"w-full","slideshow_height":"adapt","show_overlay":false,"dots_position":"bottom","dots_color":"dark","show_dots":true,"show_arrows":false,"autorotate":false,"autorotate_speed":5,"use_content_above":false,"custom_class":"flash"}},"80e40d1b-881c-46b0-8279-85b4b289b6b6":{"type":"slider","blocks":{"template--16385760362725__80e40d1b-881c-46b0-8279-85b4b289b6b6-16650655536cc9aafe-0":{"type":"slider_item","settings":{"background":"shopify:\/\/shop_images\/Essentials-Homepage-Banner-2-1920x400_1.jpg","mb_background":"shopify:\/\/shop_images\/Essentials-Homepage-Banner-2-1920x400_1.jpg","image_alignment":"center","content_in_container":false,"content_position":"center middle","text_alignment":"center","text_size":"medium","text_color":"black","subheading":"","title":"","description":"","image_link":"shopify:\/\/collections\/products-under-499","banner_name":"","banner_category":"","banner_offer":"","button_text":"","button_link":"","button_style":"sf__btn-primary","button_size":"","show_footer":false,"footer_alignment":"end","footer_text":"","footer_button":"","footer_link":""}}},"block_order":["template--16385760362725__80e40d1b-881c-46b0-8279-85b4b289b6b6-16650655536cc9aafe-0"],"settings":{"container":"w-full","slideshow_height":"adapt","show_overlay":false,"dots_position":"bottom","dots_color":"dark","show_dots":true,"show_arrows":false,"autorotate":false,"autorotate_speed":5,"use_content_above":false,"custom_class":""}},"8b76256f-4664-402b-86ac-608fa5dd5fea":{"type":"featured-collection","settings":{"heading":"","subheading":"","description":"","header_alignment":"center","container":"container-fluid","background_color":"rgba(0,0,0,0)","collection":"products-under-499","enable_flashsale":false,"show_countdown":false,"product_to_show":12,"items_per_row":4,"item_gap":30,"pcard_layout":"","pcard_image_ratio":"","show_vendor":false,"hide_title":false,"enable_slider":false,"show_pagination":false,"show_navigation":false,"button_type":"link","button_text":"","button_style":"sf__btn-primary","button_size":"","infinite_load":false,"max_page_load":3,"use_scroll_mobile":true,"item_gap_mobile":16,"custom_class":""}},"2a2c52f3-7072-469f-b85b-9c9ebf8f04ba":{"type":"pagefly-section","settings":{"section_id":"pf-8494bce7"}},"1bdb4e5b-b90b-4964-a867-fe715bac7c9a":{"type":"slider","disabled":true,"blocks":{"template--16385760362725__1bdb4e5b-b90b-4964-a867-fe715bac7c9a-16650655536cc9aafe-0":{"type":"slider_item","settings":{"background":"shopify:\/\/shop_images\/Hot-Picks-Category-Banner-1920x400_1.jpg","mb_background":"shopify:\/\/shop_images\/Hot-Picks-Category-Banner-1920x400_1.jpg","image_alignment":"center","content_in_container":false,"content_position":"center middle","text_alignment":"center","text_size":"medium","text_color":"black","subheading":"","title":"","description":"","image_link":"shopify:\/\/collections\/products-under-699","banner_name":"","banner_category":"","banner_offer":"","button_text":"","button_link":"","button_style":"sf__btn-primary","button_size":"","show_footer":false,"footer_alignment":"end","footer_text":"New Collection","footer_button":"Shop Now","footer_link":""}}},"block_order":["template--16385760362725__1bdb4e5b-b90b-4964-a867-fe715bac7c9a-16650655536cc9aafe-0"],"settings":{"container":"w-full","slideshow_height":"adapt","show_overlay":false,"dots_position":"bottom","dots_color":"dark","show_dots":true,"show_arrows":false,"autorotate":false,"autorotate_speed":5,"use_content_above":false,"custom_class":""}},"f4061682-bdd6-4d7d-bc9d-960655b3493a":{"type":"slider","blocks":{"template--16385760362725__f4061682-bdd6-4d7d-bc9d-960655b3493a-16650655536cc9aafe-0":{"type":"slider_item","settings":{"background":"shopify:\/\/shop_images\/Rituals-Category-Banner-1920x400_1.jpg","mb_background":"shopify:\/\/shop_images\/Rituals-Category-Banner-1920x400_1.jpg","image_alignment":"center","content_in_container":false,"content_position":"center middle","text_alignment":"center","text_size":"medium","text_color":"black","subheading":"","title":"","description":"","image_link":"shopify:\/\/collections\/rituals-under-1249","banner_name":"","banner_category":"","banner_offer":"","button_text":"","button_link":"","button_style":"sf__btn-primary","button_size":"","show_footer":false,"footer_alignment":"end","footer_text":"New Collection","footer_button":"Shop Now","footer_link":""}}},"block_order":["template--16385760362725__f4061682-bdd6-4d7d-bc9d-960655b3493a-16650655536cc9aafe-0"],"settings":{"container":"w-full","slideshow_height":"adapt","show_overlay":false,"dots_position":"bottom","dots_color":"dark","show_dots":true,"show_arrows":false,"autorotate":false,"autorotate_speed":5,"use_content_above":false,"custom_class":""}},"adf7c15e-5b71-4d9a-bd2f-78abd8aa1f51":{"type":"featured-collection","settings":{"heading":"","subheading":"","description":"","header_alignment":"center","container":"container-fluid","background_color":"rgba(0,0,0,0)","collection":"rituals-under-1249","enable_flashsale":false,"show_countdown":false,"product_to_show":12,"items_per_row":4,"item_gap":30,"pcard_layout":"","pcard_image_ratio":"","show_vendor":false,"hide_title":false,"enable_slider":false,"show_pagination":false,"show_navigation":false,"button_type":"link","button_text":"","button_style":"sf__btn-primary","button_size":"","infinite_load":false,"max_page_load":3,"use_scroll_mobile":true,"item_gap_mobile":16,"custom_class":""}},"658fb6dc-f77c-468b-93ef-3c3c9bd59a5a":{"type":"custom-content","disabled":true,"blocks":{"template--16666251133157__658fb6dc-f77c-468b-93ef-3c3c9bd59a5a-167101709480b3a5b6-1":{"type":"image","settings":{"image":"shopify:\/\/shop_images\/Vanity-Bag-Homepage-Banner-800x300_1.jpg","link":"","width":"50%","alignment":"center","block_custom_class":""}},"80d4badb-5d91-459d-97e9-7d1eff698377":{"type":"image","settings":{"image":"shopify:\/\/shop_images\/Jute-Bag-Homepage-Banner-800x300_1.jpg","link":"","width":"50%","alignment":"center","block_custom_class":""}},"9d538906-ac85-4de7-873a-eb04791fe90b":{"type":"image","settings":{"image":"shopify:\/\/shop_images\/Mystery-Gift-Homepage-Banner-800x300_1.jpg","link":"","width":"100%","alignment":"center","block_custom_class":""}}},"block_order":["template--16666251133157__658fb6dc-f77c-468b-93ef-3c3c9bd59a5a-167101709480b3a5b6-1","80d4badb-5d91-459d-97e9-7d1eff698377","9d538906-ac85-4de7-873a-eb04791fe90b"],"settings":{"heading":"","subheading":"","description":"","header_alignment":"center","container":"container-fluid","background_color":"","gap":30,"use_scroll_mobile":false,"gap_mobile":16,"custom_class":""}},"162251092958fcda7c":{"type":"product-tabs","blocks":{"162251092958fcda7c-0":{"type":"tab","settings":{"title":"low-stock bestsellers","collection":"bestsellers"}},"dbff35db-8457-4c76-9bab-918cc403fc3c":{"type":"tab","settings":{"title":"festive glow products","collection":"festive-glow-products"}},"ca2d4551-2c7d-4127-8e24-a66b44e4ece8":{"type":"tab","disabled":true,"settings":{"title":"trending now","collection":"trending-now"}},"162251092958fcda7c-1":{"type":"tab","settings":{"title":"new arrivals","collection":"new-launch"}},"f2968005-20be-41a0-9a6c-c63f977327f7":{"type":"tab","settings":{"title":"silky hair must-haves","collection":"silky-hair-essentials"}},"c92bf79b-7321-43c3-8fca-3d3d98f2700c":{"type":"tab","settings":{"title":"perfect pout essentials","collection":"lip-care"}}},"block_order":["162251092958fcda7c-0","dbff35db-8457-4c76-9bab-918cc403fc3c","ca2d4551-2c7d-4127-8e24-a66b44e4ece8","162251092958fcda7c-1","f2968005-20be-41a0-9a6c-c63f977327f7","c92bf79b-7321-43c3-8fca-3d3d98f2700c"],"settings":{"heading":"You're in","subheading":"","description":"","header_alignment":"center","container":"container","background_color":"rgba(0,0,0,0)","tab_header":"select","limit":5,"show_button":true,"button_type":"load","button_label":"Load More","button_style":"sf__btn-link","button_size":"","pcard_layout":"4","pcard_image_ratio":"3\/4","show_vendor":false,"items_per_row":5,"item_gap":30,"enable_slider":true,"show_navigation":false,"show_pagination":false,"use_scroll_mobile":true,"item_gap_mobile":16,"custom_class":""}},"03e51cd5-3cb8-4892-a3f9-d644e6d53381":{"type":"pagefly-section","settings":{"section_id":"pf-8b108755"}},"c11f1371-9334-4bc7-8a08-ed86b0ed3c6d":{"type":"slider","disabled":true,"settings":{"container":"w-full","slideshow_height":"adapt","show_overlay":false,"dots_position":"bottom","dots_color":"dark","show_dots":true,"show_arrows":false,"autorotate":false,"autorotate_speed":5,"use_content_above":false,"custom_class":""}},"1661836213761256f4":{"type":"custom-content","blocks":{"16618362121a8637e2-0":{"type":"text","settings":{"title":"The Pilgrim Code","subheading":"","text":"<p>Pilgrim is \"Clean Compatible\". Not just free of harmful and toxic chemicals but uses only those ingredients that either enhance the health of our hair & skin or support the effectiveness of formulations. <\/p>","width":"50%","alignment":"center","align_text":"center","text_size":"medium","text_color":"black","button_label":"","button_link":"","button_style":"sf__btn-primary","button_size":"","block_custom_class":""}},"16618362121a8637e2-1":{"type":"image","settings":{"image":"shopify:\/\/shop_images\/Pilgrim-Code-1080px_720x_606bce7b-f8e8-4927-b9a4-c43b7a3ad1db.png","link":"","width":"50%","alignment":"center","block_custom_class":""}}},"block_order":["16618362121a8637e2-0","16618362121a8637e2-1"],"settings":{"heading":"","subheading":"","description":"","header_alignment":"center","container":"container-fluid","background_color":"#fff7e5","gap":30,"use_scroll_mobile":false,"gap_mobile":16,"custom_class":""}},"166129414884851c44":{"type":"featured-product-slider","blocks":{"1661294148d47dd484-2":{"type":"product","settings":{"heading":"","description":"","product":"red-vine-face-cream-spf-30-with-vitamin-c-rosehip-oil-pa"}},"2aa8e849-6796-4f80-9d4f-619f0fe3d299":{"type":"product","settings":{"heading":"","description":"","product":"squalane-bubblegum-lip-serum"}},"7563f1e0-15c2-47eb-a1f6-f6f0511c5fa9":{"type":"product","settings":{"heading":"","description":"","product":"red-vine-face-serum-for-anti-ageing"}},"1661294148d47dd484-1":{"type":"product","settings":{"heading":"","description":"","product":"alpha-arbutin-vitamin-c-brightening-serum"}},"1661294148d47dd484-0":{"type":"product","settings":{"heading":"","description":"","product":"24k-gold-serum"}},"836c45e8-e21f-40fd-802d-baa447076a4e":{"type":"product","settings":{"heading":"","description":"","product":"red-vine-night-gel-creme-with-retinol-mulberry-vit-c"}},"a9549743-da24-4dad-8fd4-eff3a364385d":{"type":"product","settings":{"heading":"","description":"","product":"squalane-glow-creme-serum"}},"446289bd-11e8-4669-bcc7-71eb994cb53b":{"type":"product","settings":{"heading":"","description":"","product":"squalane-glow-moisturizer"}},"047a87ff-5c69-452e-8d4e-9223ce9b8e84":{"type":"product","settings":{"heading":"","description":"","product":"25-aha-2-bha-5-pha-peeling-solution"}},"cdbbb893-bca9-488d-9f5e-d912b29a7e43":{"type":"product","settings":{"heading":"","description":"","product":"3-redensyl-4-anagain-hair-growth-serum-for-women"}}},"block_order":["1661294148d47dd484-2","2aa8e849-6796-4f80-9d4f-619f0fe3d299","7563f1e0-15c2-47eb-a1f6-f6f0511c5fa9","1661294148d47dd484-1","1661294148d47dd484-0","836c45e8-e21f-40fd-802d-baa447076a4e","a9549743-da24-4dad-8fd4-eff3a364385d","446289bd-11e8-4669-bcc7-71eb994cb53b","047a87ff-5c69-452e-8d4e-9223ce9b8e84","cdbbb893-bca9-488d-9f5e-d912b29a7e43"],"settings":{"heading":"Top Products","subheading":"","description":"","header_alignment":"center","container":"container-fluid","background_color":"#ffffff","image_placement":"right","slide_autoplay":false,"show_navigation":true,"show_pagination":true,"autorotate_speed":5,"pcard_layout":"","pcard_alignment":"center","pcard_image_ratio":"3\/4","show_vendor":false,"custom_class":""}},"16517562945ba9e681":{"type":"slider","blocks":{"16517562941c2712d5-2":{"type":"slider_item","settings":{"background":"shopify:\/\/shop_images\/Free-Delivery-Strip-1920px_1.jpg","mb_background":"shopify:\/\/shop_images\/mobileBanner_f935c9d5-01e0-4524-93ff-74a4ea61fc06.png","image_alignment":"center","content_in_container":true,"content_position":"center middle","text_alignment":"center","text_size":"medium","text_color":"black","subheading":"","title":"","description":"","image_link":"","banner_name":"","banner_category":"","banner_offer":"","button_text":"","button_link":"","button_style":"sf__btn-primary","button_size":"","show_footer":false,"footer_alignment":"end","footer_text":"New Collection","footer_button":"Shop Now","footer_link":""}}},"block_order":["16517562941c2712d5-2"],"settings":{"container":"w-full","slideshow_height":"adapt","show_overlay":false,"dots_position":"bottom","dots_color":"dark","show_dots":true,"show_arrows":false,"autorotate":false,"autorotate_speed":5,"use_content_above":false,"custom_class":""}}},"order":["d742ee22-eb12-4222-85bb-2a97af5341fb","e4db38c0-2737-4cb3-98d7-9ca7fca97d61","1651754583fdd00906","16485587154c3b17c5","01534e66-1c74-4ea1-98b0-94e051b17732","16611883055f7db511","80e40d1b-881c-46b0-8279-85b4b289b6b6","8b76256f-4664-402b-86ac-608fa5dd5fea","2a2c52f3-7072-469f-b85b-9c9ebf8f04ba","1bdb4e5b-b90b-4964-a867-fe715bac7c9a","f4061682-bdd6-4d7d-bc9d-960655b3493a","adf7c15e-5b71-4d9a-bd2f-78abd8aa1f51","658fb6dc-f77c-468b-93ef-3c3c9bd59a5a","162251092958fcda7c","03e51cd5-3cb8-4892-a3f9-d644e6d53381","c11f1371-9334-4bc7-8a08-ed86b0ed3c6d","1661836213761256f4","166129414884851c44","16517562945ba9e681"]}