{"sections":{"main":{"type":"page-about-us","disabled":true,"settings":{}},"165764539029609d60":{"type":"slider","blocks":{"1657645390081e9425-0":{"type":"slider_item","settings":{"background":"shopify:\/\/shop_images\/Red-Vine-Extracts-Category-Banner-1920x400_6c604702-9408-4f74-9487-86c83b4502f8.jpg","image_alignment":"center","content_in_container":false,"content_position":"center middle","text_alignment":"center","text_size":"medium","text_color":"black","subheading":"","title":"","description":"","image_link":"shopify:\/\/collections\/secrets-of-vinotherapie","banner_name":"","banner_category":"","banner_offer":"","button_text":"","button_link":"","button_style":"sf__btn-primary","button_size":"","show_footer":false,"footer_alignment":"end","footer_text":"New Collection","footer_button":"Shop Now","footer_link":""}}},"block_order":["1657645390081e9425-0"],"settings":{"container":"w-full","slideshow_height":"adapt","show_overlay":false,"dots_position":"bottom","dots_color":"dark","show_dots":true,"show_arrows":false,"autorotate":false,"autorotate_speed":5,"use_content_above":false,"custom_class":""}},"16576453166185a0b5":{"type":"slider","blocks":{"16576453150e433b40-0":{"type":"slider_item","settings":{"background":"shopify:\/\/shop_images\/Vitamin-C-Category-Banner-1920x400_8992396c-5e47-4d93-aee0-e4153a8ea53a.jpg","image_alignment":"center","content_in_container":false,"content_position":"center middle","text_alignment":"center","text_size":"medium","text_color":"black","subheading":"","title":"","description":"","image_link":"shopify:\/\/collections\/vitamin-c","banner_name":"","banner_category":"","banner_offer":"","button_text":"","button_link":"","button_style":"sf__btn-primary","button_size":"","show_footer":false,"footer_alignment":"end","footer_text":"New Collection","footer_button":"Shop Now","footer_link":""}}},"block_order":["16576453150e433b40-0"],"settings":{"container":"w-full","slideshow_height":"adapt","show_overlay":false,"dots_position":"bottom","dots_color":"dark","show_dots":true,"show_arrows":false,"autorotate":false,"autorotate_speed":5,"use_content_above":false,"custom_class":""}},"16577476569c7e7fdd":{"type":"slider","blocks":{"165774765615cc8378-0":{"type":"slider_item","settings":{"background":"shopify:\/\/shop_images\/Alpha-Arbutin-Category-Banner-1920x400_4fd5a3bb-929a-4358-b068-cc9a67e397fc.jpg","image_alignment":"center","content_in_container":false,"content_position":"center middle","text_alignment":"center","text_size":"medium","text_color":"black","subheading":"","title":"","description":"","image_link":"shopify:\/\/collections\/brightening-alpha-arbutin","banner_name":"","banner_category":"","banner_offer":"","button_text":"","button_link":"","button_style":"sf__btn-primary","button_size":"","show_footer":false,"footer_alignment":"end","footer_text":"New Collection","footer_button":"Shop Now","footer_link":""}}},"block_order":["165774765615cc8378-0"],"settings":{"container":"w-full","slideshow_height":"adapt","show_overlay":false,"dots_position":"bottom","dots_color":"dark","show_dots":true,"show_arrows":false,"autorotate":false,"autorotate_speed":5,"use_content_above":false,"custom_class":""}},"16577476121b8bcdb6":{"type":"slider","blocks":{"1657747612b7273758-0":{"type":"slider_item","settings":{"background":"shopify:\/\/shop_images\/Aloe-Category-Banner-1920x400_eac48700-5a77-464c-9666-299716b441cb.jpg","image_alignment":"center","content_in_container":false,"content_position":"center middle","text_alignment":"center","text_size":"medium","text_color":"black","subheading":"","title":"","description":"","image_link":"shopify:\/\/collections\/hello-to-aloe","banner_name":"","banner_category":"","banner_offer":"","button_text":"","button_link":"","button_style":"sf__btn-primary","button_size":"","show_footer":false,"footer_alignment":"end","footer_text":"New Collection","footer_button":"Shop Now","footer_link":""}}},"block_order":["1657747612b7273758-0"],"settings":{"container":"w-full","slideshow_height":"adapt","show_overlay":false,"dots_position":"bottom","dots_color":"dark","show_dots":false,"show_arrows":false,"autorotate":false,"autorotate_speed":5,"use_content_above":false,"custom_class":""}},"1655208074e6cb9da3":{"type":"slider","blocks":{"16552080735bc4a842-0":{"type":"slider_item","settings":{"background":"shopify:\/\/shop_images\/Squalane-Category-Banner-1920x400_43c9632c-935f-49a6-ab74-124ddb23c818.jpg","image_alignment":"center","content_in_container":false,"content_position":"center middle","text_alignment":"center","text_size":"medium","text_color":"black","subheading":"","title":"","description":"","image_link":"shopify:\/\/collections\/secrets-of-seville","banner_name":"","banner_category":"","banner_offer":"","button_text":"","button_link":"","button_style":"sf__btn-primary","button_size":"","show_footer":false,"footer_alignment":"end","footer_text":"","footer_button":"Shop Now","footer_link":""}}},"block_order":["16552080735bc4a842-0"],"settings":{"container":"w-full","slideshow_height":"adapt","show_overlay":false,"dots_position":"bottom","dots_color":"dark","show_dots":true,"show_arrows":false,"autorotate":false,"autorotate_speed":5,"use_content_above":false,"custom_class":""}},"165774791628c4077f":{"type":"slider","blocks":{"165774791634852176-0":{"type":"slider_item","settings":{"background":"shopify:\/\/shop_images\/Phyto-Retinol-Category-Banner-1920x400_3a35dfc2-e562-4ab7-ae16-834c037ca9d2.jpg","image_alignment":"center","content_in_container":false,"content_position":"center middle","text_alignment":"center","text_size":"medium","text_color":"black","subheading":"","title":"","description":"","image_link":"shopify:\/\/collections\/plant-based-phyto-retinol","banner_name":"","banner_category":"","banner_offer":"","button_text":"","button_link":"","button_style":"sf__btn-primary","button_size":"","show_footer":false,"footer_alignment":"end","footer_text":"New Collection","footer_button":"Shop Now","footer_link":""}}},"block_order":["165774791634852176-0"],"settings":{"container":"w-full","slideshow_height":"adapt","show_overlay":false,"dots_position":"bottom","dots_color":"dark","show_dots":true,"show_arrows":false,"autorotate":false,"autorotate_speed":5,"use_content_above":false,"custom_class":""}},"16577476687f4779a6":{"type":"slider","blocks":{"1657747668f796e934-0":{"type":"slider_item","settings":{"background":"shopify:\/\/shop_images\/24K-Gold-Category-Banner-1920x400_5163c458-fb36-41e4-9e07-b7e47081d98c.jpg","image_alignment":"center","content_in_container":false,"content_position":"center middle","text_alignment":"center","text_size":"medium","text_color":"black","subheading":"","title":"","description":"","image_link":"shopify:\/\/collections\/luxurious-24k-gold","banner_name":"","banner_category":"","banner_offer":"","button_text":"","button_link":"","button_style":"sf__btn-primary","button_size":"","show_footer":false,"footer_alignment":"end","footer_text":"New Collection","footer_button":"Shop Now","footer_link":""}}},"block_order":["1657747668f796e934-0"],"settings":{"container":"w-full","slideshow_height":"adapt","show_overlay":false,"dots_position":"bottom","dots_color":"dark","show_dots":true,"show_arrows":false,"autorotate":false,"autorotate_speed":5,"use_content_above":false,"custom_class":""}},"1657747984af4b3714":{"type":"slider","blocks":{"16577479834dcd10eb-0":{"type":"slider_item","settings":{"background":"shopify:\/\/shop_images\/Hyaluronic-Acid-Category-Banner-1920x400_9646fa6c-a4a6-4236-a767-d2c7fc58a27f.jpg","image_alignment":"center","content_in_container":false,"content_position":"center middle","text_alignment":"center","text_size":"medium","text_color":"black","subheading":"","title":"","description":"","image_link":"shopify:\/\/collections\/hydrating-hyaluronic-acid","banner_name":"","banner_category":"","banner_offer":"","button_text":"","button_link":"","button_style":"sf__btn-primary","button_size":"","show_footer":false,"footer_alignment":"end","footer_text":"New Collection","footer_button":"Shop Now","footer_link":""}}},"block_order":["16577479834dcd10eb-0"],"settings":{"container":"w-full","slideshow_height":"adapt","show_overlay":false,"dots_position":"bottom","dots_color":"dark","show_dots":true,"show_arrows":false,"autorotate":false,"autorotate_speed":5,"use_content_above":false,"custom_class":""}},"16577476950fb340b0":{"type":"slider","blocks":{"1657747694392ac9e6-0":{"type":"slider_item","settings":{"background":"shopify:\/\/shop_images\/Caffeine-Category-Banner-1920x400_52ddf515-9589-406b-a118-2902e629c8a3.jpg","image_alignment":"center","content_in_container":false,"content_position":"center middle","text_alignment":"center","text_size":"medium","text_color":"black","subheading":"","title":"","description":"","image_link":"shopify:\/\/collections\/caffeine","banner_name":"","banner_category":"","banner_offer":"","button_text":"","button_link":"","button_style":"sf__btn-primary","button_size":"","show_footer":false,"footer_alignment":"end","footer_text":"New Collection","footer_button":"Shop Now","footer_link":""}}},"block_order":["1657747694392ac9e6-0"],"settings":{"container":"w-full","slideshow_height":"adapt","show_overlay":false,"dots_position":"bottom","dots_color":"dark","show_dots":true,"show_arrows":false,"autorotate":false,"autorotate_speed":5,"use_content_above":false,"custom_class":""}},"16577479292d25bd5d":{"type":"slider","blocks":{"1657747929da77dcae-0":{"type":"slider_item","settings":{"background":"shopify:\/\/shop_images\/Argan-Oil--Category-Banner-1920x400_1.jpg","image_alignment":"center","content_in_container":false,"content_position":"center middle","text_alignment":"center","text_size":"medium","text_color":"black","subheading":"","title":"","description":"","image_link":"shopify:\/\/collections\/3-in-one-argan-oil","banner_name":"","banner_category":"","banner_offer":"","button_text":"","button_link":"","button_style":"sf__btn-primary","button_size":"","show_footer":false,"footer_alignment":"end","footer_text":"New Collection","footer_button":"Shop Now","footer_link":""}}},"block_order":["1657747929da77dcae-0"],"settings":{"container":"w-full","slideshow_height":"adapt","show_overlay":false,"dots_position":"bottom","dots_color":"dark","show_dots":true,"show_arrows":false,"autorotate":false,"autorotate_speed":5,"use_content_above":false,"custom_class":""}},"1657748616bb879bcf":{"type":"slider","blocks":{"1657748616cb8c4544-0":{"type":"slider_item","settings":{"background":"shopify:\/\/shop_images\/Volcanic-Lava-Ash-Category-Banner-1920x400_437fb4b9-a1e6-4c72-aafa-cbbdcba92845.jpg","image_alignment":"center","content_in_container":false,"content_position":"center middle","text_alignment":"center","text_size":"medium","text_color":"black","subheading":"","title":"","description":"","image_link":"shopify:\/\/collections\/rejuvenating-volcanic-lava-ash","banner_name":"","banner_category":"","banner_offer":"","button_text":"","button_link":"","button_style":"sf__btn-primary","button_size":"","show_footer":false,"footer_alignment":"end","footer_text":"New Collection","footer_button":"Shop Now","footer_link":""}}},"block_order":["1657748616cb8c4544-0"],"settings":{"container":"w-full","slideshow_height":"adapt","show_overlay":false,"dots_position":"bottom","dots_color":"dark","show_dots":true,"show_arrows":false,"autorotate":false,"autorotate_speed":5,"use_content_above":false,"custom_class":""}},"1657748428fc1cdcf5":{"type":"slider","blocks":{"1657748428a914dc61-0":{"type":"slider_item","settings":{"background":"shopify:\/\/shop_images\/Niacinamide-Category-Banner-1920x400_029a1d6d-1c3d-4af0-a194-7fb7f946975c.jpg","image_alignment":"center","content_in_container":false,"content_position":"center middle","text_alignment":"center","text_size":"medium","text_color":"black","subheading":"","title":"","description":"","image_link":"shopify:\/\/collections\/clarifying-niacinamide","banner_name":"","banner_category":"","banner_offer":"","button_text":"","button_link":"","button_style":"sf__btn-primary","button_size":"","show_footer":false,"footer_alignment":"end","footer_text":"New Collection","footer_button":"Shop Now","footer_link":""}}},"block_order":["1657748428a914dc61-0"],"settings":{"container":"w-full","slideshow_height":"adapt","show_overlay":false,"dots_position":"bottom","dots_color":"dark","show_dots":true,"show_arrows":false,"autorotate":false,"autorotate_speed":5,"use_content_above":false,"custom_class":""}},"1657748528097e37ce":{"type":"slider","blocks":{"16577485284484a744-0":{"type":"slider_item","settings":{"background":"shopify:\/\/shop_images\/Salicylic-Acid-Category-Banner-1920x400_d0494f5c-60e5-43fc-b051-da5585eb6efc.jpg","image_alignment":"center","content_in_container":false,"content_position":"center middle","text_alignment":"center","text_size":"medium","text_color":"black","subheading":"","title":"","description":"","image_link":"shopify:\/\/collections\/powerful-salicylic-acid","banner_name":"","banner_category":"","banner_offer":"","button_text":"","button_link":"","button_style":"sf__btn-primary","button_size":"","show_footer":false,"footer_alignment":"end","footer_text":"New Collection","footer_button":"Shop Now","footer_link":""}}},"block_order":["16577485284484a744-0"],"settings":{"container":"w-full","slideshow_height":"adapt","show_overlay":false,"dots_position":"bottom","dots_color":"dark","show_dots":true,"show_arrows":false,"autorotate":false,"autorotate_speed":5,"use_content_above":false,"custom_class":""}},"165774844444171139":{"type":"slider","blocks":{"165774844482745ff4-0":{"type":"slider_item","settings":{"background":"shopify:\/\/shop_images\/Retinol-Category-Banner-1920x400_1bcff2a5-9a11-450c-a4e1-1f550ce0e239.jpg","image_alignment":"center","content_in_container":false,"content_position":"center middle","text_alignment":"center","text_size":"medium","text_color":"black","subheading":"","title":"","description":"","image_link":"shopify:\/\/collections\/renew-with-retinol","banner_name":"","banner_category":"","banner_offer":"","button_text":"","button_link":"","button_style":"sf__btn-primary","button_size":"","show_footer":false,"footer_alignment":"end","footer_text":"New Collection","footer_button":"Shop Now","footer_link":""}}},"block_order":["165774844482745ff4-0"],"settings":{"container":"w-full","slideshow_height":"adapt","show_overlay":false,"dots_position":"bottom","dots_color":"dark","show_dots":true,"show_arrows":false,"autorotate":false,"autorotate_speed":5,"use_content_above":false,"custom_class":""}},"16577485677ed23588":{"type":"slider","blocks":{"165774856697e3aa79-0":{"type":"slider_item","settings":{"background":"shopify:\/\/shop_images\/White-Lotus-Category-Banner-1920x400_508fcd44-fe76-461c-ad64-3415227204fa.jpg","image_alignment":"center","content_in_container":false,"content_position":"center middle","text_alignment":"center","text_size":"medium","text_color":"black","subheading":"","title":"","description":"","image_link":"shopify:\/\/collections\/monsoon-must-haves","banner_name":"","banner_category":"","banner_offer":"","button_text":"","button_link":"","button_style":"sf__btn-primary","button_size":"","show_footer":false,"footer_alignment":"end","footer_text":"New Collection","footer_button":"Shop Now","footer_link":""}}},"block_order":["165774856697e3aa79-0"],"settings":{"container":"w-full","slideshow_height":"adapt","show_overlay":false,"dots_position":"bottom","dots_color":"dark","show_dots":true,"show_arrows":false,"autorotate":false,"autorotate_speed":5,"use_content_above":false,"custom_class":""}}},"order":["main","165764539029609d60","16576453166185a0b5","16577476569c7e7fdd","16577476121b8bcdb6","1655208074e6cb9da3","165774791628c4077f","16577476687f4779a6","1657747984af4b3714","16577476950fb340b0","16577479292d25bd5d","1657748616bb879bcf","1657748428fc1cdcf5","1657748528097e37ce","165774844444171139","16577485677ed23588"]}