{"type":"footer","name":"Footer group","sections":{"slideshow_BmKJzc":{"type":"slideshow","blocks":{"image_d39Ryz":{"type":"image","settings":{"image":"shopify:\/\/shop_images\/Strip-1920X150_1_1.png","mobile_image":"shopify:\/\/shop_images\/Strip-800x160_1.png","text_position":"middle_center","subheading":"","title":"","button_1_text":"","button_1_link":"","button_2_text":"","button_2_link":"","text_color":"#ffffff","button_background":"#ffffff","button_text_color":"#000000","overlay_color":"#000000","overlay_opacity":0,"unique_id":""}}},"block_order":["image_d39Ryz"],"custom_css":[".footer-image {margin-bottom: -24px;}"],"settings":{"subheading":"","title":"","content":"","custom_class":"footer-image","scrollid":"","section_height":"auto","transition_type":"sweep","show_initial_transition":false,"autoplay":true,"cycle_speed":5,"background":"rgba(0,0,0,0)","text_width":"medium","text_position":"center","text_alignment":"center"}},"footer":{"type":"footer","blocks":{"links":{"type":"links","settings":{"menu":"footer"}},"links_QLiFa9":{"type":"links","settings":{"menu":"footer-important-links-menu"}},"links_6RmCY6":{"type":"links","disabled":true,"settings":{"menu":"pilgrim-merchandise"}},"social_media":{"type":"social_media","settings":{"title":"You'll love us here","content":""}},"newsletter":{"type":"newsletter","disabled":true,"settings":{"title":"Join #PilgrimTribe","content":"<p>Unlock Beauty Secrets, Exclusive Offers, and More. <\/p>"}}},"block_order":["links","links_QLiFa9","links_6RmCY6","social_media","newsletter"],"settings":{"show_payment_icons":true,"enable_follow_on_shop":false,"show_country_selector":false,"show_locale_selector":true}}},"order":["slideshow_BmKJzc","footer"]}