{"sections":{"collection-banner":{"type":"collection-banner","settings":{"show_collection_image":true,"show_collection_title":false,"show_collection_description":true,"section_height":"auto","text_width":"medium","image_text_color":"#ffffff","image_overlay_color":"#000000","image_overlay_opacity":0,"quick_links":""}},"main":{"type":"main-collection","disabled":true,"settings":{"show_sort_by":true,"products_per_page":24,"mobile_products_per_row":"2","desktop_products_per_row":4,"show_cta":true,"show_pagination":false,"show_filters":true,"show_filter_group_name":false,"show_color_swatch":true,"open_first_filter_group":true,"filter_position":"always_visible","promotion_position":"top","promotion_height":"small"}},"featured_collections_wjyCz9":{"type":"featured-collections","blocks":{"collection_ppCzRT":{"type":"collection","settings":{"collection":"bestsellers-below-700","label":"","button_text":"View All","button_url":""}}},"block_order":["collection_ppCzRT"],"settings":{"subheading":"Explore","title":"Bestsellers","content":"","scrollid":"","products_count":15,"products_per_row":5,"stack_products":false,"show_cta":true,"background":"rgba(0,0,0,0)","text_color":"rgba(0,0,0,0)","button_background":"rgba(0,0,0,0)","button_text_color":"rgba(0,0,0,0)"}},"featured_collections_NbyhJc":{"type":"featured-collections","blocks":{"collection_qePWPw":{"type":"collection","settings":{"collection":"face-care-below-700","label":"","button_text":"View All","button_url":""}}},"block_order":["collection_qePWPw"],"settings":{"subheading":"Explore","title":"Face Care Products","content":"","scrollid":"","products_count":15,"products_per_row":5,"stack_products":false,"show_cta":true,"background":"rgba(0,0,0,0)","text_color":"rgba(0,0,0,0)","button_background":"rgba(0,0,0,0)","button_text_color":"rgba(0,0,0,0)"}},"featured_collections_TbWhi6":{"type":"featured-collections","blocks":{"collection_pDp8dM":{"type":"collection","settings":{"collection":"hair-care-below-700","label":"","button_text":"View All","button_url":""}}},"block_order":["collection_pDp8dM"],"settings":{"subheading":"Explore","title":"Hair Care Products","content":"","scrollid":"","products_count":15,"products_per_row":5,"stack_products":false,"show_cta":true,"background":"rgba(0,0,0,0)","text_color":"rgba(0,0,0,0)","button_background":"rgba(0,0,0,0)","button_text_color":"rgba(0,0,0,0)"}},"featured_collections_EgFcwF":{"type":"featured-collections","blocks":{"collection_ByPr8G":{"type":"collection","settings":{"collection":"makeup-below-700","label":"","button_text":"View All","button_url":""}}},"block_order":["collection_ByPr8G"],"settings":{"subheading":"Just for you","title":"Handpicked Makeup","content":"","scrollid":"","products_count":15,"products_per_row":5,"stack_products":false,"show_cta":true,"background":"rgba(0,0,0,0)","text_color":"rgba(0,0,0,0)","button_background":"rgba(0,0,0,0)","button_text_color":"rgba(0,0,0,0)"}},"16856236138cd51c4e":{"type":"apps","disabled":true,"settings":{"include_horizontal_margins":true,"include_vertical_margins":true}}},"order":["collection-banner","main","featured_collections_wjyCz9","featured_collections_NbyhJc","featured_collections_TbWhi6","featured_collections_EgFcwF","16856236138cd51c4e"]}