{"sections":{"collection-banner":{"type":"collection-banner","settings":{"show_collection_image":true,"show_collection_title":false,"show_collection_description":true,"section_height":"auto","text_width":"medium","image_text_color":"#ffffff","image_overlay_color":"#000000","image_overlay_opacity":0,"quick_links":""}},"main":{"type":"main-collection","settings":{"show_sort_by":true,"products_per_page":24,"mobile_products_per_row":"2","desktop_products_per_row":4,"show_cta":true,"show_pagination":false,"show_filters":true,"show_filter_group_name":false,"show_color_swatch":true,"open_first_filter_group":true,"filter_position":"always_visible","promotion_position":"top","promotion_height":"small"}},"16856236138cd51c4e":{"type":"apps","settings":{"include_horizontal_margins":true,"include_vertical_margins":true}},"collection_custom_product_lower_faqs_XpqKqL":{"type":"collection-custom-product-lower-faqs","settings":{"subheading":"Your subheading","title":"Your title","liquid":"<p style=\"text-align: center\">Write or copy\/paste Liquid code<\/p>","scrollid":"","add_vertical_spacing":true,"background_type":"full_width","background":"rgba(0,0,0,0)","text_color":"rgba(0,0,0,0)"}}},"order":["collection-banner","main","16856236138cd51c4e","collection_custom_product_lower_faqs_XpqKqL"]}