{"sections":{"main":{"type":"main-page","settings":{"show_title":true,"page_width":"medium"}},"image_with_text_overlay_mD68me":{"type":"image-with-text-overlay","disabled":true,"settings":{"reveal_on_scroll":false,"section_height":"auto","subheading":"Subheading","title":"Image with text overlay","content":"<p>Use overlay text to give your customers insight into your brand. Select imagery and text that relates to your style and story.<\/p>","button_text":"","button_link":"","link_style":"link","background_type":"full_width","text_width":"medium","text_position":"middle_center","text_color":"#ffffff","button_background":"#ffffff","button_text_color":"#000000","overlay_color":"#000000","overlay_opacity":30}},"contact_form_CM8zre":{"type":"contact-form","blocks":{"text_ghCAGi":{"type":"text","settings":{"title":"Mobile number","use_long_text":false,"is_required":true}}},"block_order":["text_ghCAGi"],"disabled":true,"settings":{"title":"Contact Us","content":"","text_1_heading":"","text_1_text":"","text_2_heading":"","text_2_text":"","background":"rgba(0,0,0,0)","text_color":"rgba(0,0,0,0)","button_background":"rgba(0,0,0,0)","button_text_color":"rgba(0,0,0,0)"}}},"order":["main","image_with_text_overlay_mD68me","contact_form_CM8zre"]}