{"sections":{"main":{"type":"main-page","disabled":true,"settings":{"show_title":true,"page_width":"medium"}},"contact-form":{"type":"contact-form","blocks":{"45877fb4-0fc2-4e8c-aec2-aef7b8657312":{"type":"text","disabled":true,"settings":{"title":"Custom field","use_long_text":false,"is_required":false}}},"block_order":["45877fb4-0fc2-4e8c-aec2-aef7b8657312"],"disabled":true,"settings":{"title":"Contact Us","content":"","text_1_heading":"Address","text_1_text":"<p>405 & 406, Corporate Centre, Marol Pipeline Rd, Ajit Nagar, J B Nagar, Andheri East, Mumbai, Maharashtra 400059<br\/><br\/>Need to contact us? <br\/>Reach out at <a href=\"mailto:hello@discoverpilgrim.com\">hello@discoverpilgrim.com <br\/><\/a><strong>Call\/WhatsApp: <\/strong>: +91<a href=\"https:\/\/wa.me\/917400097974?text=Hi\">7400097974<br\/><br\/><\/a><strong>Support timings: 9:00 AM TO 8:00 PM (Monday to Friday)<\/strong><\/p>","text_2_heading":"","text_2_text":"","background":"rgba(0,0,0,0)","text_color":"rgba(0,0,0,0)","button_background":"rgba(0,0,0,0)","button_text_color":"rgba(0,0,0,0)"}},"03f5f61d-c76e-4ed7-a8c3-de0dc81bad3b":{"type":"custom-html","settings":{"subheading":"","title":"","html":"<div id=\"shopify-section-template--16821690433765__faq\" class=\"shopify-section shopify-section--faq\">\n<style>\n  #shopify-section-template--16821690433765__faq {--secondary-background: 245, 241, 236;\n    --heading-color: 26, 26, 26;\n    --text-color: 26, 26, 26;\n\n    --section-background: 255, 255, 255;\n  }\n<\/style>\n<section class=\"section section--tight \">\n  <div class=\"section__color-wrapper\">\n    <div class=\"container\">\n      <div class=\"\">\n<div class=\"faq\">\n<div class=\"faq-navigation hidden-pocket\">\n              <scroll-spy class=\"scroll-spy\">\n                <ul class=\"scroll-spy__list list--unstyled\">\n<li class=\"scroll-spy__item is-visible\">\n                      <a class=\"scroll-spy__anchor heading heading--small\" href=\"#category-template--16821690433765__faq-efedfb51-cd88-4e89-9366-199f3a109eea\" data-smooth-scroll=\"\">Orders<\/a>\n                    <\/li>\n<li class=\"scroll-spy__item\">\n                      <a class=\"scroll-spy__anchor heading heading--small\" href=\"#category-template--16821690433765__faq-ddbef071-e85e-4cd7-ad89-0847817db124\" data-smooth-scroll=\"\">Payments<\/a>\n                    <\/li>\n<li class=\"scroll-spy__item\">\n                      <a class=\"scroll-spy__anchor heading heading--small\" href=\"#category-template--16821690433765__faq-4996d402-9315-4c89-a44a-b05462cbf706\" data-smooth-scroll=\"\">Returns<\/a>\n                    <\/li>\n<li class=\"scroll-spy__item\">\n                      <a class=\"scroll-spy__anchor heading heading--small\" href=\"#category-template--16821690433765__faq-54030c05-890f-49bb-ae08-13e142944e77\" data-smooth-scroll=\"\">PilgrimTRlBE Loyalty Program<\/a>\n                    <\/li>\n<li class=\"scroll-spy__item\">\n                      <a class=\"scroll-spy__anchor heading heading--small\" href=\"#category-template--16821690433765__faq-50282d20-50dd-447b-92d8-5352d5f8fb0f\" data-smooth-scroll=\"\">Contact Us<\/a>\n                    <\/li>\n<li class=\"scroll-spy__item\">\n                      <a class=\"scroll-spy__anchor heading heading--small\" href=\"#category-template--16821690433765__faq-b44ba755-6873-4bbd-856c-b994c1834750\" data-smooth-scroll=\"\">Ingredients<\/a>\n                    <\/li>\n<li class=\"scroll-spy__item\">\n                      <a class=\"scroll-spy__anchor heading heading--small\" href=\"#category-template--16821690433765__faq-5bc9dd32-a414-4f66-baae-a4e0dfa248ca\" data-smooth-scroll=\"\">Animal Testing<\/a>\n                    <\/li>\n<li class=\"scroll-spy__item\">\n                      <a class=\"scroll-spy__anchor heading heading--small\" href=\"#category-template--16821690433765__faq-52b3b4a8-b28a-4380-a20a-d71e494b8624\" data-smooth-scroll=\"\">Products<\/a>\n                    <\/li>\n<\/ul>\n              <svg><path d=\"M -5 0 L -5 0 L -5 0 L -5 0 L -5 0 L -5 0 L -5 0 L -5 0 L -5 0 L -5 0 L -5 0 L -5 0 L -5 0 L -5 0 L -5 0 L -5 0\" style=\"stroke-dashoffset: 1; stroke-dasharray: 1, 0, 35, 297; opacity: 0;\"><\/path><\/svg><\/scroll-spy>\n            <\/div>\n<div class=\"faq__wrapper\" itemscope=\"\" itemtype=\"https:\/\/schema.org\/FAQPage\">\n<h2 id=\"category-template--16821690433765__faq-efedfb51-cd88-4e89-9366-199f3a109eea\" class=\"faq__category heading h6 anchor\">Orders<\/h2>\n<div class=\"faq__item\" itemscope=\"\" itemprop=\"mainEntity\" itemtype=\"https:\/\/schema.org\/Question\">\n                    <button is=\"toggle-button\" class=\"collapsible-toggle text--strong\" aria-controls=\"block-template--16821690433765__faq-83fb6891-2514-4970-bcc3-6aaeb3196abf\" aria-expanded=\"false\" itemprop=\"name\">How can I track my order\/When will I receive my order?<span class=\"animated-plus\"><\/span>\n                    <\/button>\n\n                    <collapsible-content id=\"block-template--16821690433765__faq-83fb6891-2514-4970-bcc3-6aaeb3196abf\" class=\"collapsible anchor\" itemscope=\"\" itemprop=\"acceptedAnswer\" itemtype=\"https:\/\/schema.org\/Answer\">\n                      <div class=\"collapsible__content text-container\" itemprop=\"text\">\n                        <p>We aim to ensure that you receive your order as quickly as possible. Once your order is shipped, you will receive an email with the required<br>information to track your order.<br><strong>You can track your order:<\/strong><\/p>\n<p><a href=\"https:\/\/discoverpilgrim.com\/pages\/track-your-order\" title=\"https:\/\/discoverpilgrim.com\/pages\/track-your-order\">https:\/\/discoverpilgrim.com\/pages\/track-your-order<\/a><\/p>\n                      <\/div>\n                    <\/collapsible-content>\n                  <\/div>\n<div class=\"faq__item\" itemscope=\"\" itemprop=\"mainEntity\" itemtype=\"https:\/\/schema.org\/Question\">\n                    <button is=\"toggle-button\" class=\"collapsible-toggle text--strong\" aria-controls=\"block-template--16821690433765__faq-735b8cde-c67e-489f-b130-1ff9bffaa2f3\" aria-expanded=\"false\" itemprop=\"name\">How do I know that my order is confirmed?<span class=\"animated-plus\"><\/span>\n                    <\/button>\n\n                    <collapsible-content id=\"block-template--16821690433765__faq-735b8cde-c67e-489f-b130-1ff9bffaa2f3\" class=\"collapsible anchor\" itemscope=\"\" itemprop=\"acceptedAnswer\" itemtype=\"https:\/\/schema.org\/Answer\">\n                      <div class=\"collapsible__content text-container\" itemprop=\"text\">\n                        <p>As soon as you place the order, you will receive <strong>a confirmation SMS<\/strong> and email with the order number and the estimated time of delivery.<\/p>\n                      <\/div>\n                    <\/collapsible-content>\n                  <\/div>\n<div class=\"faq__item\" itemscope=\"\" itemprop=\"mainEntity\" itemtype=\"https:\/\/schema.org\/Question\">\n                    <button is=\"toggle-button\" class=\"collapsible-toggle text--strong\" aria-controls=\"block-template--16821690433765__faq-548e7427-22c6-469a-8a27-fdce302a2e20\" aria-expanded=\"false\" itemprop=\"name\">Can I modify my order after placing it?<span class=\"animated-plus\"><\/span>\n                    <\/button>\n\n                    <collapsible-content id=\"block-template--16821690433765__faq-548e7427-22c6-469a-8a27-fdce302a2e20\" class=\"collapsible anchor\" itemscope=\"\" itemprop=\"acceptedAnswer\" itemtype=\"https:\/\/schema.org\/Answer\">\n                      <div class=\"collapsible__content text-container\" itemprop=\"text\">\n                        <p>An order cannot be modified once it has been placed. However, you can contact us via <strong>email (hello@discoverpilgrim.com)<\/strong> or contact our<br>customer delight team <strong>(WhatsApp: 74000 97974)<\/strong> and we will do our best to assist you.<\/p>\n                      <\/div>\n                    <\/collapsible-content>\n                  <\/div>\n<div class=\"faq__item\" itemscope=\"\" itemprop=\"mainEntity\" itemtype=\"https:\/\/schema.org\/Question\">\n                    <button is=\"toggle-button\" class=\"collapsible-toggle text--strong\" aria-controls=\"block-template--16821690433765__faq-c323f1b1-263d-4f97-b073-0715da74afa2\" aria-expanded=\"false\" itemprop=\"name\">Will I have to bear the shipping charges?<span class=\"animated-plus\"><\/span>\n                    <\/button>\n\n                    <collapsible-content id=\"block-template--16821690433765__faq-c323f1b1-263d-4f97-b073-0715da74afa2\" class=\"collapsible anchor\" itemscope=\"\" itemprop=\"acceptedAnswer\" itemtype=\"https:\/\/schema.org\/Answer\">\n                      <div class=\"collapsible__content text-container\" itemprop=\"text\">\n                        <p>We offer free shipping for all orders above a certain value,<br>which is notified from time to time. We also offer Cash-On-<br>Delivery to many locations at no additional charge. Please<br>consider the shipping rates shown at the time of check-out to<br>be final.<\/p>\n                      <\/div>\n                    <\/collapsible-content>\n                  <\/div>\n<div class=\"faq__item\" itemscope=\"\" itemprop=\"mainEntity\" itemtype=\"https:\/\/schema.org\/Question\">\n                    <button is=\"toggle-button\" class=\"collapsible-toggle text--strong\" aria-controls=\"block-template--16821690433765__faq-0de56f67-68e8-44c3-883f-f9362bea193a\" aria-expanded=\"false\" itemprop=\"name\">Do you have Cash On Delivery (COD) facility?<span class=\"animated-plus\"><\/span>\n                    <\/button>\n\n                    <collapsible-content id=\"block-template--16821690433765__faq-0de56f67-68e8-44c3-883f-f9362bea193a\" class=\"collapsible anchor\" itemscope=\"\" itemprop=\"acceptedAnswer\" itemtype=\"https:\/\/schema.org\/Answer\">\n                      <div class=\"collapsible__content text-container\" itemprop=\"text\">\n                        <p><strong>Yes<\/strong>, we do have Cash On Delivery facility for all our orders.<br><\/p>\n                      <\/div>\n                    <\/collapsible-content>\n                  <\/div>\n<div class=\"faq__item\" itemscope=\"\" itemprop=\"mainEntity\" itemtype=\"https:\/\/schema.org\/Question\">\n                    <button is=\"toggle-button\" class=\"collapsible-toggle text--strong\" aria-controls=\"block-template--16821690433765__faq-8f4f97cf-53c9-4c5a-981c-50fceb00c06c\" aria-expanded=\"false\" itemprop=\"name\">What are the different ways I can order Pilgrim products?<span class=\"animated-plus\"><\/span>\n                    <\/button>\n\n                    <collapsible-content id=\"block-template--16821690433765__faq-8f4f97cf-53c9-4c5a-981c-50fceb00c06c\" class=\"collapsible anchor\" itemscope=\"\" itemprop=\"acceptedAnswer\" itemtype=\"https:\/\/schema.org\/Answer\">\n                      <div class=\"collapsible__content text-container\" itemprop=\"text\">\n                        <p>You can order Pilgrim products online from various stores<br>including www.discoverpilgrim.com, Amazon, Flipkart, Myntra<br>and Nykaa. In case you want to place a bulk order via email or<br>call, please contact our customer care at<br>hello@discoverpilgrim.com or Mobile: 74000 97974 for<br>assistance. If you want to sell Pilgrim products from your store<br>or website, please contact us at hello@discoverpilgrim.com or<br>+91 7400097974<\/p>\n                      <\/div>\n                    <\/collapsible-content>\n                  <\/div>\n<div class=\"faq__item\" itemscope=\"\" itemprop=\"mainEntity\" itemtype=\"https:\/\/schema.org\/Question\">\n                    <button is=\"toggle-button\" class=\"collapsible-toggle text--strong\" aria-controls=\"block-template--16821690433765__faq-d1417631-272c-4815-aa61-9d5b50006626\" aria-expanded=\"false\" itemprop=\"name\">How much time does it take for the order to be delivered?<span class=\"animated-plus\"><\/span>\n                    <\/button>\n\n                    <collapsible-content id=\"block-template--16821690433765__faq-d1417631-272c-4815-aa61-9d5b50006626\" class=\"collapsible anchor\" itemscope=\"\" itemprop=\"acceptedAnswer\" itemtype=\"https:\/\/schema.org\/Answer\">\n                      <div class=\"collapsible__content text-container\" itemprop=\"text\">\n                        <p>Once you place the order, it is shipped within 2 business days<br>(Mostly same day) and you can expect it to be delivered within<br>4-5 business days. Please note that our standard delivery times<br>are estimates and may vary due to external factors including<br>unexpected weather conditions, remote locations, and natural<br>calamities.<\/p>\n                      <\/div>\n                    <\/collapsible-content>\n                  <\/div>\n<div class=\"faq__item\" itemscope=\"\" itemprop=\"mainEntity\" itemtype=\"https:\/\/schema.org\/Question\">\n                    <button is=\"toggle-button\" class=\"collapsible-toggle text--strong\" aria-controls=\"block-template--16821690433765__faq-52dc7607-7405-4273-b809-63d2dd9c6a7b\" aria-expanded=\"false\" itemprop=\"name\">Can the billing address be different from the shipping address?<span class=\"animated-plus\"><\/span>\n                    <\/button>\n\n                    <collapsible-content id=\"block-template--16821690433765__faq-52dc7607-7405-4273-b809-63d2dd9c6a7b\" class=\"collapsible anchor\" itemscope=\"\" itemprop=\"acceptedAnswer\" itemtype=\"https:\/\/schema.org\/Answer\">\n                      <div class=\"collapsible__content text-container\" itemprop=\"text\">\n                        <p>Yes, the billing and shipping addresses can be different.<\/p>\n                      <\/div>\n                    <\/collapsible-content>\n                  <\/div>\n<div class=\"faq__item\" itemscope=\"\" itemprop=\"mainEntity\" itemtype=\"https:\/\/schema.org\/Question\">\n                    <button is=\"toggle-button\" class=\"collapsible-toggle text--strong\" aria-controls=\"block-template--16821690433765__faq-65c41361-4cd2-4704-b248-8e1a97b1f426\" aria-expanded=\"false\" itemprop=\"name\">Do you ship outside India?<span class=\"animated-plus\"><\/span>\n                    <\/button>\n\n                    <collapsible-content id=\"block-template--16821690433765__faq-65c41361-4cd2-4704-b248-8e1a97b1f426\" class=\"collapsible anchor\" itemscope=\"\" itemprop=\"acceptedAnswer\" itemtype=\"https:\/\/schema.org\/Answer\">\n                      <div class=\"collapsible__content text-container\" itemprop=\"text\">\n                        <p>No. We currently ship in India only.<\/p>\n                      <\/div>\n                    <\/collapsible-content>\n                  <\/div>\n<h2 id=\"category-template--16821690433765__faq-ddbef071-e85e-4cd7-ad89-0847817db124\" class=\"faq__category heading h6 anchor\">Payments<\/h2>\n<div class=\"faq__item\" itemscope=\"\" itemprop=\"mainEntity\" itemtype=\"https:\/\/schema.org\/Question\">\n                    <button is=\"toggle-button\" class=\"collapsible-toggle text--strong\" aria-controls=\"block-template--16821690433765__faq-3b4af23c-46ce-4877-8151-52ef6e3aa559\" aria-expanded=\"false\" itemprop=\"name\">What do I do if I'm having trouble making payments online?<span class=\"animated-plus\"><\/span>\n                    <\/button>\n\n                    <collapsible-content id=\"block-template--16821690433765__faq-3b4af23c-46ce-4877-8151-52ef6e3aa559\" class=\"collapsible anchor\" itemscope=\"\" itemprop=\"acceptedAnswer\" itemtype=\"https:\/\/schema.org\/Answer\">\n                      <div class=\"collapsible__content text-container\" itemprop=\"text\">\n                        <p>Kindly contact us at <strong>hello@discoverpilgrim.com<\/strong><br>or<br><strong>WhatsApp us at +91 7400097974<\/strong><br>and we will assist you in<br>making the online payment.<\/p>\n                      <\/div>\n                    <\/collapsible-content>\n                  <\/div>\n<h2 id=\"category-template--16821690433765__faq-4996d402-9315-4c89-a44a-b05462cbf706\" class=\"faq__category heading h6 anchor\">Returns<\/h2>\n<div class=\"faq__item\" itemscope=\"\" itemprop=\"mainEntity\" itemtype=\"https:\/\/schema.org\/Question\">\n                    <button is=\"toggle-button\" class=\"collapsible-toggle text--strong\" aria-controls=\"block-template--16821690433765__faq-90ecfa7d-2f52-459c-8f04-b5fd7dd659af\" aria-expanded=\"false\" itemprop=\"name\">By when can I return a product I haven't used? Do you cater to returns? What if I don't like the product and want to return it?<span class=\"animated-plus\"><\/span>\n                    <\/button>\n\n                    <collapsible-content id=\"block-template--16821690433765__faq-90ecfa7d-2f52-459c-8f04-b5fd7dd659af\" class=\"collapsible anchor\" itemscope=\"\" itemprop=\"acceptedAnswer\" itemtype=\"https:\/\/schema.org\/Answer\">\n                      <div class=\"collapsible__content text-container\" itemprop=\"text\">\n                        <p>Kindly refer to our <a href=\"https:\/\/discoverpilgrim.com\/pages\/shipping-returns\" title=\"https:\/\/discoverpilgrim.com\/pages\/shipping-returns\">Shipping&amp; Returns Policy.<\/a><\/p>\n                      <\/div>\n                    <\/collapsible-content>\n                  <\/div>\n<h2 id=\"category-template--16821690433765__faq-54030c05-890f-49bb-ae08-13e142944e77\" class=\"faq__category heading h6 anchor\">PilgrimTRlBE Loyalty Program<\/h2>\n<div class=\"faq__item\" itemscope=\"\" itemprop=\"mainEntity\" itemtype=\"https:\/\/schema.org\/Question\">\n                    <button is=\"toggle-button\" class=\"collapsible-toggle text--strong\" aria-controls=\"block-template--16821690433765__faq-112bc9ed-87af-4e26-bece-dcf254131490\" aria-expanded=\"false\" itemprop=\"name\">How do I redeem my PilgrimMlLES?<span class=\"animated-plus\"><\/span>\n                    <\/button>\n\n                    <collapsible-content id=\"block-template--16821690433765__faq-112bc9ed-87af-4e26-bece-dcf254131490\" class=\"collapsible anchor\" itemscope=\"\" itemprop=\"acceptedAnswer\" itemtype=\"https:\/\/schema.org\/Answer\">\n                      <div class=\"collapsible__content text-container\" itemprop=\"text\">\n                        <p>It's super simple to redeem PilgrimMlLES.<\/p>\n<p><strong>Step 1:<\/strong> Login to your account on our website.<\/p>\n<p><strong>Step 2:<\/strong> Click on the PilgrimTRlBE icon on the homepage. or <a href=\"https:\/\/discoverpilgrim.myshopify.com\/pages\/loyalty-program?ref=quickview#smile-referral-program-details\" title=\"https:\/\/discoverpilgrim.myshopify.com\/pages\/loyalty-program#smile-referral-program-details\"><strong>click here<\/strong><\/a><\/p>\n<p><strong>Step 3: <\/strong>Go to 'My Rewards'. Click on 'Redeem points' and generate coupon code.<\/p>\n<p><strong>Step 4:<\/strong> Add products to cart<\/p>\n<p><strong>Step 5:<\/strong> Checkout and apply the code!<\/p>\n                      <\/div>\n                    <\/collapsible-content>\n                  <\/div>\n<h2 id=\"category-template--16821690433765__faq-50282d20-50dd-447b-92d8-5352d5f8fb0f\" class=\"faq__category heading h6 anchor\">Contact Us<\/h2>\n<div class=\"faq__item\" itemscope=\"\" itemprop=\"mainEntity\" itemtype=\"https:\/\/schema.org\/Question\">\n                    <button is=\"toggle-button\" class=\"collapsible-toggle text--strong\" aria-controls=\"block-template--16821690433765__faq-cde64cca-7d7a-46c6-b54b-6e26f2568dde\" aria-expanded=\"false\" itemprop=\"name\">How can I get in touch with Pilgrim?<span class=\"animated-plus\"><\/span>\n                    <\/button>\n\n                    <collapsible-content id=\"block-template--16821690433765__faq-cde64cca-7d7a-46c6-b54b-6e26f2568dde\" class=\"collapsible anchor\" itemscope=\"\" itemprop=\"acceptedAnswer\" itemtype=\"https:\/\/schema.org\/Answer\">\n                      <div class=\"collapsible__content text-container\" itemprop=\"text\">\n                        <p>We would love to hear from you. Please get in touch at<br><strong>hello@discoverpilgrim.com<\/strong> or <strong>Call\/Whatsapp<\/strong>: <strong>+917400097974<\/strong><br> \n                      <\/p>\n<\/div>\n                    <\/collapsible-content>\n                  <\/div>\n<h2 id=\"category-template--16821690433765__faq-b44ba755-6873-4bbd-856c-b994c1834750\" class=\"faq__category heading h6 anchor\">Ingredients<\/h2>\n<div class=\"faq__item\" itemscope=\"\" itemprop=\"mainEntity\" itemtype=\"https:\/\/schema.org\/Question\">\n                    <button is=\"toggle-button\" class=\"collapsible-toggle text--strong\" aria-controls=\"block-template--16821690433765__faq-be01c660-8d5d-44bb-ad78-816b056db2bb\" aria-expanded=\"false\" itemprop=\"name\">What is THE PILGRIM CODE?<span class=\"animated-plus\"><\/span>\n                    <\/button>\n\n                    <collapsible-content id=\"block-template--16821690433765__faq-be01c660-8d5d-44bb-ad78-816b056db2bb\" class=\"collapsible anchor\" itemscope=\"\" itemprop=\"acceptedAnswer\" itemtype=\"https:\/\/schema.org\/Answer\">\n                      <div class=\"collapsible__content text-container\" itemprop=\"text\">\n                        <p>All our products are made keeping in mind The Pilgrim Code,<br>a set of values that we deeply believe in. Crafted with love, all<br>Pilgrim products are <strong>FDA-approved<\/strong> and <strong>free from toxins<\/strong><br>parabens, sulfates, and mineral oils - common offenders on beauty product labels. We are <strong>PETA-certified vegan<\/strong> and <strong>cruelty-free<\/strong> - no animal has been harmed in the manufacturing or testing of the products.<\/p>\n<p>Pilgrim is also proud to be <strong>\"Plastic-Positive\"<\/strong> as the company recycles more plastic than it uses for packaging purposes, showing its commitment to the environment.<br><\/p>\n                      <\/div>\n                    <\/collapsible-content>\n                  <\/div>\n<div class=\"faq__item\" itemscope=\"\" itemprop=\"mainEntity\" itemtype=\"https:\/\/schema.org\/Question\">\n                    <button is=\"toggle-button\" class=\"collapsible-toggle text--strong\" aria-controls=\"block-template--16821690433765__faq-62e10465-995b-4144-b2a4-012daf5741a2\" aria-expanded=\"false\" itemprop=\"name\">What is the Toxic 20?<span class=\"animated-plus\"><\/span>\n                    <\/button>\n\n                    <collapsible-content id=\"block-template--16821690433765__faq-62e10465-995b-4144-b2a4-012daf5741a2\" class=\"collapsible anchor\" itemscope=\"\" itemprop=\"acceptedAnswer\" itemtype=\"https:\/\/schema.org\/Answer\">\n                      <div class=\"collapsible__content text-container\" itemprop=\"text\">\n                        <p>The ubiquitous Toxic 20 chemicals are often the root cause of<br>imbalance in our skin-hair health. When eliminated from our<br>products altogether (\"clean break\"), our body has the ability to<br>reset and return to its natural &amp; healthy state. To know more,<br><a href=\"https:\/\/discoverpilgrim.com\/pages\/the-toxic-20\" title=\"https:\/\/discoverpilgrim.com\/pages\/the-toxic-20\"><strong>please click here.<\/strong><\/a><\/p>\n                      <\/div>\n                    <\/collapsible-content>\n                  <\/div>\n<div class=\"faq__item\" itemscope=\"\" itemprop=\"mainEntity\" itemtype=\"https:\/\/schema.org\/Question\">\n                    <button is=\"toggle-button\" class=\"collapsible-toggle text--strong\" aria-controls=\"block-template--16821690433765__faq-2f421487-659b-48a7-b620-5b244ac8002a\" aria-expanded=\"false\" itemprop=\"name\">Are you a clean brand?<span class=\"animated-plus\"><\/span>\n                    <\/button>\n\n                    <collapsible-content id=\"block-template--16821690433765__faq-2f421487-659b-48a7-b620-5b244ac8002a\" class=\"collapsible anchor\" itemscope=\"\" itemprop=\"acceptedAnswer\" itemtype=\"https:\/\/schema.org\/Answer\">\n                      <div class=\"collapsible__content text-container\" itemprop=\"text\">\n                        <p><strong>Yes, and we are proud of it :)<\/strong> We follow The Pilgrim Code, a<br>set of values that we deeply believe in. Crafted with love, all<br>Pilgrim products are FDA-approved and free from toxins like<br>parabens, sulfates, and mineral oils - common offenders on<br>beauty product labels. To know more about the toxins we<br>absolutely don't use, <a href=\"https:\/\/discoverpilgrim.com\/pages\/the-toxic-20\" title=\"https:\/\/discoverpilgrim.com\/pages\/the-toxic-20\"><strong>please click here.<\/strong><\/a><\/p>\n                      <\/div>\n                    <\/collapsible-content>\n                  <\/div>\n<div class=\"faq__item\" itemscope=\"\" itemprop=\"mainEntity\" itemtype=\"https:\/\/schema.org\/Question\">\n                    <button is=\"toggle-button\" class=\"collapsible-toggle text--strong\" aria-controls=\"block-template--16821690433765__faq-41906f8f-50d1-4a1a-a640-af01d776a271\" aria-expanded=\"false\" itemprop=\"name\">Do you use sulfates or parabens in your products?<span class=\"animated-plus\"><\/span>\n                    <\/button>\n\n                    <collapsible-content id=\"block-template--16821690433765__faq-41906f8f-50d1-4a1a-a640-af01d776a271\" class=\"collapsible anchor\" itemscope=\"\" itemprop=\"acceptedAnswer\" itemtype=\"https:\/\/schema.org\/Answer\">\n                      <div class=\"collapsible__content text-container\" itemprop=\"text\">\n                        <p>No, we are very choosy when it comes to ingredients<br>selection, and are strictly against using any harmful chemicals<br>including parabens and sulfates (both SLS &amp; SLES). You can read more about our code of conduct, <strong>The Pilgrim Code, here.<\/strong><br>NOTE: Be careful while buying sulfate-free products. There are<br>brands which tell you the half-truth and say they don't use SLS,<br>while sulfates include both SLS and SLES.<\/p>\n                      <\/div>\n                    <\/collapsible-content>\n                  <\/div>\n<div class=\"faq__item\" itemscope=\"\" itemprop=\"mainEntity\" itemtype=\"https:\/\/schema.org\/Question\">\n                    <button is=\"toggle-button\" class=\"collapsible-toggle text--strong\" aria-controls=\"block-template--16821690433765__faq-99c5b012-1a15-4b37-bad7-3c30236c60be\" aria-expanded=\"false\" itemprop=\"name\">For how long are the products safe to use?<span class=\"animated-plus\"><\/span>\n                    <\/button>\n\n                    <collapsible-content id=\"block-template--16821690433765__faq-99c5b012-1a15-4b37-bad7-3c30236c60be\" class=\"collapsible anchor\" itemscope=\"\" itemprop=\"acceptedAnswer\" itemtype=\"https:\/\/schema.org\/Answer\">\n                      <div class=\"collapsible__content text-container\" itemprop=\"text\">\n                        <p>We recommend that you check the Period After Opening<br>(PAO) mentioned on our packaging, or up to the best before<br>date, whichever is earlier.<\/p>\n                      <\/div>\n                    <\/collapsible-content>\n                  <\/div>\n<div class=\"faq__item\" itemscope=\"\" itemprop=\"mainEntity\" itemtype=\"https:\/\/schema.org\/Question\">\n                    <button is=\"toggle-button\" class=\"collapsible-toggle text--strong\" aria-controls=\"block-template--16821690433765__faq-0b75ba93-a928-4423-9fac-2e67486ef45f\" aria-expanded=\"false\" itemprop=\"name\">Do Pilgrim products contain fragrance?<span class=\"animated-plus\"><\/span>\n                    <\/button>\n\n                    <collapsible-content id=\"block-template--16821690433765__faq-0b75ba93-a928-4423-9fac-2e67486ef45f\" class=\"collapsible anchor\" itemscope=\"\" itemprop=\"acceptedAnswer\" itemtype=\"https:\/\/schema.org\/Answer\">\n                      <div class=\"collapsible__content text-container\" itemprop=\"text\">\n                        <p>Yes, some of our products contain fragrance and are clearly<br>stated in our ingredients as 'Parfum' or 'Perfume'. Products<br>which mention \"Artificial Fragrance\" on the package contain<br>fragrant essential oils that are suitable for the skin while<br>products that mention \"Fragrance-free\" on the package mean<br>the product contains no perfumes or fragrances.<\/p>\n                      <\/div>\n                    <\/collapsible-content>\n                  <\/div>\n<h2 id=\"category-template--16821690433765__faq-5bc9dd32-a414-4f66-baae-a4e0dfa248ca\" class=\"faq__category heading h6 anchor\">Animal Testing<\/h2>\n<div class=\"faq__item\" itemscope=\"\" itemprop=\"mainEntity\" itemtype=\"https:\/\/schema.org\/Question\">\n                    <button is=\"toggle-button\" class=\"collapsible-toggle text--strong\" aria-controls=\"block-template--16821690433765__faq-37c5996e-d1f1-4fc6-be9f-56e181889375\" aria-expanded=\"false\" itemprop=\"name\">Do you test your products on animals?<span class=\"animated-plus\"><\/span>\n                    <\/button>\n\n                    <collapsible-content id=\"block-template--16821690433765__faq-37c5996e-d1f1-4fc6-be9f-56e181889375\" class=\"collapsible anchor\" itemscope=\"\" itemprop=\"acceptedAnswer\" itemtype=\"https:\/\/schema.org\/Answer\">\n                      <div class=\"collapsible__content text-container\" itemprop=\"text\">\n                        <p>No, we are strictly against animal testing and we have been so<br>since the inception of the brand. We are proud to be<br><strong>PETA-<br>certified cruelty-free<\/strong><br>and<br><strong>vegan<\/strong>.<\/p>\n                      <\/div>\n                    <\/collapsible-content>\n                  <\/div>\n<h2 id=\"category-template--16821690433765__faq-52b3b4a8-b28a-4380-a20a-d71e494b8624\" class=\"faq__category heading h6 anchor\">Products<\/h2>\n<div class=\"faq__item\" itemscope=\"\" itemprop=\"mainEntity\" itemtype=\"https:\/\/schema.org\/Question\">\n                    <button is=\"toggle-button\" class=\"collapsible-toggle text--strong\" aria-controls=\"block-template--16821690433765__faq-a5c05c52-b265-4037-bfb4-c8f3edac88fe\" aria-expanded=\"false\" itemprop=\"name\">Are your products 100% natural?<span class=\"animated-plus\"><\/span>\n                    <\/button>\n\n                    <collapsible-content id=\"block-template--16821690433765__faq-a5c05c52-b265-4037-bfb4-c8f3edac88fe\" class=\"collapsible anchor\" itemscope=\"\" itemprop=\"acceptedAnswer\" itemtype=\"https:\/\/schema.org\/Answer\">\n                      <div class=\"collapsible__content text-container\" itemprop=\"text\">\n                        <p>We believe that whether natural or synthetic, the ingredients<br>should be biocompatible with your skin. Not all ingredients that<br>are natural are good for your skin\/hair and not all chemical<br>ingredients are bad. Most of the ingredients we use are natural<br>and have been carefully selected. To read about the toxic 20<br>ingredients that we absolutely avoid, <a href=\"https:\/\/discoverpilgrim.com\/pages\/the-toxic-20\" title=\"https:\/\/discoverpilgrim.com\/pages\/the-toxic-20\"><strong>please click here.<\/strong><\/a><\/p>\n                      <\/div>\n                    <\/collapsible-content>\n                  <\/div>\n<div class=\"faq__item\" itemscope=\"\" itemprop=\"mainEntity\" itemtype=\"https:\/\/schema.org\/Question\">\n                    <button is=\"toggle-button\" class=\"collapsible-toggle text--strong\" aria-controls=\"block-template--16821690433765__faq-561ba467-e819-47e8-87ea-b25dc3151dbe\" aria-expanded=\"false\" itemprop=\"name\">Are your products vegan\/vegetarian?<span class=\"animated-plus\"><\/span>\n                    <\/button>\n\n                    <collapsible-content id=\"block-template--16821690433765__faq-561ba467-e819-47e8-87ea-b25dc3151dbe\" class=\"collapsible anchor\" itemscope=\"\" itemprop=\"acceptedAnswer\" itemtype=\"https:\/\/schema.org\/Answer\">\n                      <div class=\"collapsible__content text-container\" itemprop=\"text\">\n                        <p>Yes, we are proud to be a vegan beauty brand!<\/p>\n                      <\/div>\n                    <\/collapsible-content>\n                  <\/div>\n<\/div>\n        <\/div>\n      <\/div>\n    <\/div>\n  <\/div>\n<\/section>\n\n<\/div>","custom_class":"","add_vertical_spacing":true,"background_type":"full_width","background":"rgba(0,0,0,0)","text_color":"rgba(0,0,0,0)"}},"89360608-abb0-4ba4-80c9-a2ee3ea1047b":{"type":"rich-text","disabled":true,"settings":{"subheading":"","title":"Address","content":"<p>Times Square Building, 8th floor, Office no. 803, E wing, Andheri Kurla road, Marol, Andheri East , Mumbai Maharashtra 400059<\/p>","button_text":"","button_link":"","button_control":"","custom_class":"","background_type":"full_width","text_width":"medium","text_position":"center","text_alignment":"center","background":"rgba(0,0,0,0)","text_color":"rgba(0,0,0,0)","button_background":"rgba(0,0,0,0)","button_text_color":"rgba(0,0,0,0)"}},"a11c364d-54d3-41b9-81cb-110029ee2086":{"type":"rich-text","disabled":true,"settings":{"subheading":"","title":"Need to contact us?","content":"<p>Reach out at <a href=\"mailto:hello@discoverpilgrim.com\">hello@discoverpilgrim.com <\/a><\/p><p><strong>Call\/Whatsapp:  <\/strong>+91 7400097974<a href=\"https:\/\/wa.me\/917400097974?text=Hi\"><br\/><br\/><\/a><strong>Support timings: 10:00 AM TO 7:00 PM (Monday to Sunday)<\/strong><\/p>","button_text":"","button_link":"","button_control":"","custom_class":"","background_type":"full_width","text_width":"medium","text_position":"center","text_alignment":"center","background":"rgba(0,0,0,0)","text_color":"rgba(0,0,0,0)","button_background":"rgba(0,0,0,0)","button_text_color":"rgba(0,0,0,0)"}},"rich_text_fxdEMA":{"type":"rich-text","settings":{"subheading":"","title":"Need to contact us?","content":"<p><strong>Support timings: 10:00 AM TO 7:00 PM (Monday to Sunday)<br\/><\/strong><\/p>","button_text":"","button_link":"","button_control":"","custom_class":"","background_type":"full_width","text_width":"medium","text_position":"center","text_alignment":"center","background":"rgba(0,0,0,0)","text_color":"rgba(0,0,0,0)","button_background":"rgba(0,0,0,0)","button_text_color":"rgba(0,0,0,0)"}},"multi_column_r6LJMk":{"type":"multi-column","blocks":{"item_Th3ecr":{"type":"item","settings":{"image":"shopify:\/\/shop_images\/whatsapp.svg","image_by_url":"","image_width":100,"image_border":"rgba(0,0,0,0)","image_background":"rgba(0,0,0,0)","title":"Whatsapp","content":"<p><strong>+91 7400097974<\/strong><\/p>","link_text":"Whatsapp Us","link_url":"https:\/\/wa.me\/7400097974","link_style":"button","text_alignment":"center","vertical_alignment":"start"}},"item_JDcNqT":{"type":"item","settings":{"image":"shopify:\/\/shop_images\/call-phone.svg","image_by_url":"","image_width":100,"image_border":"rgba(0,0,0,0)","image_background":"rgba(0,0,0,0)","title":"Call","content":"<p><strong>+91 7400097974<\/strong><\/p>","link_text":"Call Us","link_url":"tel:7400097974","link_style":"button","text_alignment":"center","vertical_alignment":"start"}},"item_nthXk4":{"type":"item","settings":{"image":"shopify:\/\/shop_images\/email-icon.svg","image_by_url":"","image_width":100,"image_border":"rgba(0,0,0,0)","image_background":"rgba(0,0,0,0)","title":"Email","content":"","link_text":"Email Us","link_url":"#emailPopup","link_style":"button","text_alignment":"center","vertical_alignment":"start"}}},"block_order":["item_Th3ecr","item_JDcNqT","item_nthXk4"],"custom_css":[],"settings":{"reveal_on_scroll":false,"stack_items":true,"subheading":"","title":"","content":"","button_text":"","button_link":"","scrollid":"","custom_class":"contact_blocks_columns","column_alignment":"center","mobile_item_size":"medium","desktop_item_size":"medium","spacing":"normal","background":"rgba(0,0,0,0)","text_color":"rgba(0,0,0,0)"}}},"order":["main","contact-form","03f5f61d-c76e-4ed7-a8c3-de0dc81bad3b","89360608-abb0-4ba4-80c9-a2ee3ea1047b","a11c364d-54d3-41b9-81cb-110029ee2086","rich_text_fxdEMA","multi_column_r6LJMk"]}