{"sections":{"main":{"type":"main-page","disabled":true,"settings":{"show_title":true,"page_width":"medium"}},"7e274d31-5cfe-4e1b-b5ce-43ac645cc980":{"type":"image-with-text","blocks":{"template--16776545403109__7e274d31-5cfe-4e1b-b5ce-43ac645cc980-16872693292f23052c-0":{"type":"item","disabled":true,"settings":{"tab_label":"Item","subheading":"Subheading","title":"Image with text","content":"<p>Use image with text to give your customers insight into your brand. Select imagery and text that relates to your style and story.<\/p>","button_text":"","button_link":""}}},"block_order":["template--16776545403109__7e274d31-5cfe-4e1b-b5ce-43ac645cc980-16872693292f23052c-0"],"disabled":true,"settings":{"reveal_on_scroll":false,"background_type":"full_width","background_overlap":"image","image_position":"left","text_alignment":"center","cycle_speed":8,"accent_background":"rgba(0,0,0,0)","text_color":"rgba(0,0,0,0)","button_background":"rgba(0,0,0,0)","button_text_color":"rgba(0,0,0,0)"}},"category_section_qr83Gc":{"type":"category_section","blocks":{"category_nav_FWeyFc":{"type":"category_nav","settings":{"cat_image":"shopify:\/\/shop_images\/Face-200x280_1.png","cat_title":"Skincare","cat_link":"https:\/\/discoverpilgrim.com\/pages\/skincare-homepage?ref=HPNAV"}},"category_nav_kJp3A3":{"type":"category_nav","settings":{"cat_image":"shopify:\/\/shop_images\/WhatsApp_Image_2024-01-08_at_3.23.21_PM.jpg","cat_title":"Makeup","cat_link":"https:\/\/discoverpilgrim.com\/pages\/makeup-homepage?ref=HPNAV"}},"category_nav_tphrbU":{"type":"category_nav","settings":{"cat_image":"shopify:\/\/shop_images\/Hair-Care-Rashmika-400x560_1_827aaac3-5d7a-44d2-96b7-d2394bc207db.png","cat_title":"Haircare","cat_link":"https:\/\/discoverpilgrim.com\/pages\/haircare-homepage?ref=HPNAV"}}},"block_order":["category_nav_FWeyFc","category_nav_kJp3A3","category_nav_tphrbU"],"settings":{}},"0db9f9a3-6c0a-47e5-afcc-cb7c984e6774":{"type":"slideshow","blocks":{"image_XPNmtj":{"type":"image","settings":{"image":"shopify:\/\/shop_images\/Makeup-Spanish-KV-Homepage-Banner-1920x520_1_68de85bd-0689-43bc-b211-19d18421df63.jpg","mobile_image":"shopify:\/\/shop_images\/Makeup-Spanish-KV-Homepage-Banner-1000x650_1.jpg","text_position":"middle_center","subheading":"","title":"","button_1_text":"","button_1_link":"#","button_2_text":"","button_2_link":"","text_color":"#ffffff","button_background":"#ffffff","button_text_color":"#000000","overlay_color":"#000000","overlay_opacity":0}},"template--16825137725669__0db9f9a3-6c0a-47e5-afcc-cb7c984e6774-image-1":{"type":"image","disabled":true,"settings":{"image":"shopify:\/\/shop_images\/Cleansing-Balm-_-Setting-Spary-Homepage-Banner-1920x520_2_-min.gif","mobile_image":"shopify:\/\/shop_images\/Cleansing-Balm-_-Setting-Spary-Homepage-Banner-1000x650_1_-min.gif","text_position":"middle_center","subheading":"","title":"","button_1_text":"","button_1_link":"shopify:\/\/collections\/makeup","button_2_text":"","button_2_link":"","text_color":"#ffffff","button_background":"#ffffff","button_text_color":"#000000","overlay_color":"#000000","overlay_opacity":0}},"image_HeF7JQ":{"type":"image","disabled":true,"settings":{"image":"shopify:\/\/shop_images\/Fabulous_Friday_Sale_B1G1_FREE_FREE_Jute_Bag_MAKEUP_Homepage_Desktop_Banner_1920x520_6c24c111-514a-4e39-b6d8-d09b048eaf8f.jpg","mobile_image":"shopify:\/\/shop_images\/Fabulous_Friday_Sale_B1G1_FREE_FREE_Jute_Bag_MAKEUP_Homepage_Mobile_Banner_1000x650_0dc6aebb-6fd4-4ae1-bdb8-5f2937ece965.jpg","text_position":"middle_center","subheading":"","title":"","button_1_text":"","button_1_link":"shopify:\/\/collections\/makeup","button_2_text":"","button_2_link":"","text_color":"#ffffff","button_background":"#ffffff","button_text_color":"#000000","overlay_color":"#000000","overlay_opacity":0}}},"block_order":["image_XPNmtj","template--16825137725669__0db9f9a3-6c0a-47e5-afcc-cb7c984e6774-image-1","image_HeF7JQ"],"custom_css":[".abcdef {margin-top: -17px;}"],"settings":{"subheading":"","title":"","content":"","custom_class":"abcdef","scrollid":"","section_height":"auto","transition_type":"sweep","show_initial_transition":false,"autoplay":true,"cycle_speed":5,"background":"rgba(0,0,0,0)","text_width":"medium","text_position":"center","text_alignment":"center"}},"db4f69d5-17a3-4771-89f9-5a809045c9e3":{"type":"multi-column","blocks":{"template--16825137725669__db4f69d5-17a3-4771-89f9-5a809045c9e3-item-1":{"type":"item","disabled":true,"settings":{"image":"shopify:\/\/shop_images\/Make-Up-200x280.png","image_by_url":"","image_width":100,"image_border":"rgba(0,0,0,0)","image_background":"rgba(0,0,0,0)","title":"","content":"","link_text":"","link_url":"https:\/\/discoverpilgrim.com\/collections\/makeup?ref=categorypagetile","link_style":"link","text_alignment":"center","vertical_alignment":"start"}},"b605088e-ff1b-4efe-8d34-fa11de0a92ee":{"type":"item","settings":{"image":"shopify:\/\/shop_images\/Lips-200x280_1.png","image_by_url":"","image_width":100,"image_border":"rgba(0,0,0,0)","image_background":"rgba(0,0,0,0)","title":"","content":"","link_text":"","link_url":"https:\/\/discoverpilgrim.com\/collections\/makeup-lips","link_style":"link","text_alignment":"center","vertical_alignment":"start"}},"94aac99a-c932-4bbb-bdf9-bbe922f6bf6b":{"type":"item","settings":{"image":"shopify:\/\/shop_images\/Face-200x280_1.png","image_by_url":"","image_width":100,"image_border":"rgba(0,0,0,0)","image_background":"rgba(0,0,0,0)","title":"","content":"","link_text":"","link_url":"https:\/\/discoverpilgrim.com\/collections\/makeup-face","link_style":"link","text_alignment":"center","vertical_alignment":"start"}},"ff7bdfad-4ca5-421f-b12f-a1a3deced2ee":{"type":"item","settings":{"image":"shopify:\/\/shop_images\/Eyes-200x280_1.png","image_by_url":"","image_width":100,"image_border":"rgba(0,0,0,0)","image_background":"rgba(0,0,0,0)","title":"","content":"","link_text":"","link_url":"https:\/\/discoverpilgrim.com\/collections\/makeup-eyes","link_style":"link","text_alignment":"center","vertical_alignment":"start"}}},"block_order":["template--16825137725669__db4f69d5-17a3-4771-89f9-5a809045c9e3-item-1","b605088e-ff1b-4efe-8d34-fa11de0a92ee","94aac99a-c932-4bbb-bdf9-bbe922f6bf6b","ff7bdfad-4ca5-421f-b12f-a1a3deced2ee"],"custom_css":[".makeup-multicolumn .button-wrapper {margin-top: 30px;}"],"settings":{"reveal_on_scroll":false,"stack_items":false,"subheading":"","title":"Shop By Category","content":"","button_text":"All Makeup Products ➔","button_link":"shopify:\/\/collections\/makeup","scrollid":"","custom_class":"makeup-multicolumn","column_alignment":"center","mobile_item_size":"small","desktop_item_size":"small","spacing":"tight","background":"rgba(0,0,0,0)","text_color":"rgba(0,0,0,0)"}},"slideshow_xxPRji":{"type":"slideshow","blocks":{"image_jEDCqG":{"type":"image","settings":{"image":"shopify:\/\/shop_images\/Liquid-Lipstick-Makeup-Homepage-Banner-1920x520_1.jpg","mobile_image":"shopify:\/\/shop_images\/Model-Banner-1000x550-2_1.jpg","text_position":"middle_center","subheading":"","title":"","button_1_text":"","button_1_link":"shopify:\/\/collections\/makeup","button_2_text":"","button_2_link":"","text_color":"#ffffff","button_background":"#ffffff","button_text_color":"#000000","overlay_color":"#000000","overlay_opacity":0}}},"block_order":["image_jEDCqG"],"custom_css":["@media only screen and (min-width: 576px) {.mobileonly {display: none; }}"],"settings":{"subheading":"","title":"","content":"","custom_class":"mobileonly","scrollid":"","section_height":"auto","transition_type":"sweep","show_initial_transition":false,"autoplay":true,"cycle_speed":5,"background":"rgba(0,0,0,0)","text_width":"medium","text_position":"center","text_alignment":"center"}},"featured_collections_BRNRPw":{"type":"featured-collections","blocks":{"collection_dVzVpr":{"type":"collection","settings":{"collection":"makeup-lips","label":"","button_text":"","button_url":""}}},"block_order":["collection_dVzVpr"],"settings":{"subheading":"","title":"Explore Lips Products","content":"","scrollid":"","products_count":31,"products_per_row":4,"stack_products":true,"show_cta":true,"background":"rgba(0,0,0,0)","text_color":"rgba(0,0,0,0)","button_background":"rgba(0,0,0,0)","button_text_color":"rgba(0,0,0,0)"}},"featured_collections_GbeRhQ":{"type":"featured-collections","blocks":{"collection_GxcLn9":{"type":"collection","settings":{"collection":"makeup-face","label":"","button_text":"","button_url":""}}},"block_order":["collection_GxcLn9"],"settings":{"subheading":"","title":"Explore Face Products","content":"","scrollid":"","products_count":31,"products_per_row":5,"stack_products":true,"show_cta":true,"background":"rgba(0,0,0,0)","text_color":"rgba(0,0,0,0)","button_background":"rgba(0,0,0,0)","button_text_color":"rgba(0,0,0,0)"}},"featured_collections_4xJnaV":{"type":"featured-collections","blocks":{"collection_3CCWAC":{"type":"collection","settings":{"collection":"makeup-eyes","label":"","button_text":"","button_url":""}}},"block_order":["collection_3CCWAC"],"settings":{"subheading":"","title":"Explore Eyes Products","content":"","scrollid":"","products_count":30,"products_per_row":4,"stack_products":true,"show_cta":true,"background":"rgba(0,0,0,0)","text_color":"rgba(0,0,0,0)","button_background":"rgba(0,0,0,0)","button_text_color":"rgba(0,0,0,0)"}},"featured_collections_88ULYr":{"type":"featured-collections","blocks":{"collection_9htPJC":{"type":"collection","settings":{"collection":"bestseller-combo-sets-makeup","label":"","button_text":"VIEW ALL","button_url":"shopify:\/\/collections\/bestseller-combo-sets-makeup"}}},"block_order":["collection_9htPJC"],"settings":{"subheading":"","title":"Save with Sets","content":"","scrollid":"","products_count":4,"products_per_row":4,"stack_products":true,"show_cta":true,"background":"rgba(0,0,0,0)","text_color":"rgba(0,0,0,0)","button_background":"rgba(0,0,0,0)","button_text_color":"rgba(0,0,0,0)"}},"featured_collections_CGF8q9":{"type":"featured-collections","blocks":{"collection_gRPNNm":{"type":"collection","settings":{"collection":"makeup","label":"","button_text":"","button_url":""}}},"block_order":["collection_gRPNNm"],"settings":{"subheading":"","title":"What Everyone's Loving","content":"","scrollid":"","products_count":10,"products_per_row":4,"stack_products":true,"show_cta":true,"background":"rgba(0,0,0,0)","text_color":"rgba(0,0,0,0)","button_background":"rgba(0,0,0,0)","button_text_color":"rgba(0,0,0,0)"}},"image_with_text_wQXLn9":{"type":"image-with-text","blocks":{"item_eYxWVT":{"type":"item","settings":{"image":"shopify:\/\/shop_images\/tinified-New-Pilgrim-Code_1.png","tab_label":"Item","subheading":"","title":"Our Promise","content":"<p>Pilgrim is \"Clean Compatible\". Not just <strong>free of harmful and toxic chemicals <\/strong>but uses only those ingredients that either enhance the health of our hair &<br\/>skin or support the <strong>effectiveness of formulations<\/strong><\/p>","button_text":"","button_link":""}}},"block_order":["item_eYxWVT"],"settings":{"reveal_on_scroll":false,"background_type":"full_width","background_overlap":"image","image_position":"left","text_alignment":"center","cycle_speed":8,"accent_background":"rgba(0,0,0,0)","text_color":"rgba(0,0,0,0)","button_background":"rgba(0,0,0,0)","button_text_color":"rgba(0,0,0,0)"}}},"order":["main","7e274d31-5cfe-4e1b-b5ce-43ac645cc980","category_section_qr83Gc","0db9f9a3-6c0a-47e5-afcc-cb7c984e6774","db4f69d5-17a3-4771-89f9-5a809045c9e3","slideshow_xxPRji","featured_collections_BRNRPw","featured_collections_GbeRhQ","featured_collections_4xJnaV","featured_collections_88ULYr","featured_collections_CGF8q9","image_with_text_wQXLn9"]}