{"sections":{"main":{"type":"main-page","disabled":true,"settings":{"show_title":true,"page_width":"medium"}},"dc12c967-e82d-4ec4-b285-a941f01458b0":{"type":"slideshow","blocks":{"template--16796807069925__dc12c967-e82d-4ec4-b285-a941f01458b0-image-1":{"type":"image","settings":{"image":"shopify:\/\/shop_images\/Affiliate-Web-Page-1920px_01.jpg","mobile_image":"shopify:\/\/shop_images\/Affiliate-Web-Page-1080px_02.jpg","text_position":"middle_center","subheading":"","title":"","button_1_text":"","button_1_link":"","button_2_text":"","button_2_link":"","text_color":"#ffffff","button_background":"#ffffff","button_text_color":"#000000","overlay_color":"#000000","overlay_opacity":0}},"template--16796807069925__dc12c967-e82d-4ec4-b285-a941f01458b0-image-2":{"type":"image","disabled":true,"settings":{"text_position":"middle_center","subheading":"Tell your story","title":"Slide 2","button_1_text":"","button_1_link":"","button_2_text":"","button_2_link":"","text_color":"#ffffff","button_background":"#ffffff","button_text_color":"#000000","overlay_color":"#000000","overlay_opacity":30}}},"block_order":["template--16796807069925__dc12c967-e82d-4ec4-b285-a941f01458b0-image-1","template--16796807069925__dc12c967-e82d-4ec4-b285-a941f01458b0-image-2"],"settings":{"section_height":"auto","transition_type":"sweep","autoplay":true,"cycle_speed":5,"background":"rgba(0,0,0,0)"}},"208d5057-0fff-4be8-b98a-3c992a14cc49":{"type":"slideshow","blocks":{"c415f0ef-32f2-488f-b5cb-75c0ebfdd5a6":{"type":"image","settings":{"image":"shopify:\/\/shop_images\/Affiliate-Web-Page-1920px_03.jpg","mobile_image":"shopify:\/\/shop_images\/Affiliate-Web-Page-1080px_04.jpg","text_position":"middle_center","subheading":"","title":"","button_1_text":"","button_1_link":"","button_2_text":"","button_2_link":"","text_color":"#ffffff","button_background":"#ffffff","button_text_color":"#000000","overlay_color":"#000000","overlay_opacity":0}},"451e574a-3d84-42db-8f96-20b168572794":{"type":"image","disabled":true,"settings":{"text_position":"middle_center","subheading":"Tell your story","title":"Slide 2","button_1_text":"","button_1_link":"","button_2_text":"","button_2_link":"","text_color":"#ffffff","button_background":"#ffffff","button_text_color":"#000000","overlay_color":"#000000","overlay_opacity":30}}},"block_order":["c415f0ef-32f2-488f-b5cb-75c0ebfdd5a6","451e574a-3d84-42db-8f96-20b168572794"],"settings":{"section_height":"auto","transition_type":"sweep","autoplay":true,"cycle_speed":5,"background":"rgba(0,0,0,0)"}},"3e47b5d3-ffac-48e4-bb60-cb9912d4857e":{"type":"rich-text","settings":{"subheading":"","title":"","content":"","button_text":"Join \/ Login","button_link":"https:\/\/affiliate.discoverpilgrim.com\/create-account","background_type":"full_width","text_width":"medium","text_position":"center","text_alignment":"center","background":"rgba(0,0,0,0)","text_color":"rgba(0,0,0,0)","button_background":"rgba(0,0,0,0)","button_text_color":"rgba(0,0,0,0)"}},"821ed383-e3c9-4662-9f44-991ee1df0787":{"type":"slideshow","blocks":{"a2576de9-f09e-431a-8cf8-2f50294ad5cf":{"type":"image","settings":{"image":"shopify:\/\/shop_images\/Affiliate-Web-Page-1920px_04.jpg","mobile_image":"shopify:\/\/shop_images\/Affiliate-Web-Page-1080px_05.jpg","text_position":"middle_center","subheading":"","title":"","button_1_text":"","button_1_link":"","button_2_text":"","button_2_link":"","text_color":"#ffffff","button_background":"#ffffff","button_text_color":"#000000","overlay_color":"#000000","overlay_opacity":0}},"f2e9961e-46d3-4deb-8449-51a19681cbf4":{"type":"image","disabled":true,"settings":{"text_position":"middle_center","subheading":"Tell your story","title":"Slide 2","button_1_text":"","button_1_link":"","button_2_text":"","button_2_link":"","text_color":"#ffffff","button_background":"#ffffff","button_text_color":"#000000","overlay_color":"#000000","overlay_opacity":30}}},"block_order":["a2576de9-f09e-431a-8cf8-2f50294ad5cf","f2e9961e-46d3-4deb-8449-51a19681cbf4"],"settings":{"section_height":"auto","transition_type":"sweep","autoplay":true,"cycle_speed":5,"background":"rgba(0,0,0,0)"}},"1a171b69-ccb1-4fcf-8920-093647123196":{"type":"rich-text","settings":{"subheading":"","title":"","content":"","button_text":"","button_link":"","background_type":"full_width","text_width":"medium","text_position":"center","text_alignment":"center","background":"rgba(0,0,0,0)","text_color":"rgba(0,0,0,0)","button_background":"rgba(0,0,0,0)","button_text_color":"rgba(0,0,0,0)"}},"6b8e092c-5ab7-498d-8e9c-9b65bd08d21f":{"type":"slideshow","blocks":{"template--16796807069925__6b8e092c-5ab7-498d-8e9c-9b65bd08d21f-image-1":{"type":"image","settings":{"image":"shopify:\/\/shop_images\/Affiliate-Web-Page-1920px_05.jpg","mobile_image":"shopify:\/\/shop_images\/Affiliate-Web-Page-1080px_06.jpg","text_position":"middle_center","subheading":"","title":"","button_1_text":"","button_1_link":"","button_2_text":"","button_2_link":"","text_color":"#ffffff","button_background":"#ffffff","button_text_color":"#000000","overlay_color":"#000000","overlay_opacity":0}}},"block_order":["template--16796807069925__6b8e092c-5ab7-498d-8e9c-9b65bd08d21f-image-1"],"settings":{"section_height":"auto","transition_type":"sweep","autoplay":true,"cycle_speed":5,"background":"rgba(0,0,0,0)"}},"d73dc053-c94d-4fcc-878b-c682b348746d":{"type":"slideshow","blocks":{"31eddc9f-d6b1-4551-af62-e7db9ccb6194":{"type":"image","settings":{"image":"shopify:\/\/shop_images\/Affiliate-Web-Page-1920px_05.jpg","mobile_image":"shopify:\/\/shop_images\/Affiliate-Web-Page-1080px_07.jpg","text_position":"middle_center","subheading":"","title":"","button_1_text":"","button_1_link":"","button_2_text":"","button_2_link":"","text_color":"#ffffff","button_background":"#ffffff","button_text_color":"#000000","overlay_color":"#000000","overlay_opacity":0}}},"block_order":["31eddc9f-d6b1-4551-af62-e7db9ccb6194"],"settings":{"section_height":"auto","transition_type":"sweep","autoplay":true,"cycle_speed":5,"background":"rgba(0,0,0,0)"}},"656a357d-c112-4392-9a87-3ce9abc1b2ed":{"type":"rich-text","settings":{"subheading":"","title":"","content":"<p>If you want to be a part of our program, signup here 👇<\/p>","button_text":"I want in","button_link":"https:\/\/affiliate.discoverpilgrim.com\/create-account","background_type":"full_width","text_width":"medium","text_position":"center","text_alignment":"center","background":"rgba(0,0,0,0)","text_color":"rgba(0,0,0,0)","button_background":"rgba(0,0,0,0)","button_text_color":"rgba(0,0,0,0)"}},"3e3b017e-402c-4cfc-ba7e-db222a59153b":{"type":"image-with-text","blocks":{"b0913fce-ab77-48ed-b06e-47e1d4caaf31":{"type":"item","settings":{"image":"shopify:\/\/shop_images\/Affiliate-Web-Page-1080px_07.jpg","tab_label":"Item","subheading":"","title":"","content":"<p>If you want to be a part of our program, signup here 👇<\/p>","button_text":"I want in","button_link":"https:\/\/affiliate.discoverpilgrim.com\/create-account"}},"d9899fd7-ad53-4cfc-87d9-d901a8d26b12":{"type":"item","disabled":true,"settings":{"tab_label":"Item","subheading":"Subheading","title":"Image with text","content":"<p>Use image with text to give your customers insight into your brand. Select imagery and text that relates to your style and story.<\/p>","button_text":"","button_link":""}}},"block_order":["b0913fce-ab77-48ed-b06e-47e1d4caaf31","d9899fd7-ad53-4cfc-87d9-d901a8d26b12"],"disabled":true,"settings":{"reveal_on_scroll":false,"background_type":"full_width","background_overlap":"image","image_position":"left","text_alignment":"center","cycle_speed":8,"accent_background":"rgba(0,0,0,0)","text_color":"rgba(0,0,0,0)","button_background":"rgba(0,0,0,0)","button_text_color":"rgba(0,0,0,0)"}},"29b63952-544e-4240-b61a-3bdc80bd46f7":{"type":"faq","blocks":{"template--16796807069925__29b63952-544e-4240-b61a-3bdc80bd46f7-category-1":{"type":"category","settings":{"title":"Affiliate Program FAQs"}},"template--16796807069925__29b63952-544e-4240-b61a-3bdc80bd46f7-question-1":{"type":"question","settings":{"title":"I'm interested! How do I apply?","answer":"<p>Super simple! If you want to be a part of our program,<a href=\"https:\/\/affiliate.discoverpilgrim.com\/create-account\" title=\"How to apply for affiliate program\"> click here to apply<\/a>. Fill out the form and click \"<strong>Submit<\/strong>\". If your profile meets our<br\/>eligibility criteria, you will receive a confirmation email from us that your account has been approved!<\/p>"}},"template--16796807069925__29b63952-544e-4240-b61a-3bdc80bd46f7-question-2":{"type":"question","settings":{"title":"What are the eligibility criteria to join the Pilgrim Affiliate program?","answer":"<p>The Pilgrim Affiliate program is open to all registered users on<br\/>the <a href=\"https:\/\/discoverpilgrim.com\/\" title=\"Discover Pilgrim Website\">www.discoverpilgrim.com<\/a> website. Also, make sure you<br\/><a href=\"https:\/\/www.instagram.com\/discover.pilgrim\/\" title=\"discover.pilgrim\">follow us on Instagram<\/a>!<\/p>"}},"32c21685-9e9b-4e42-89c8-874aeaf55e2f":{"type":"question","settings":{"title":"Do I have to pay to join this program?","answer":"<p>No, it is absolutely free and there are no hidden charges.<\/p>"}},"42fd076e-c6db-4e66-bd51-43e791d7e236":{"type":"question","settings":{"title":"How long does it take to have my profile approved?","answer":"<p>Usually within a week to 10 days! Once your profile is<br\/>approved, you'll receive a confirmation email notification from<br\/>us. Plus, you will receive a welcome email with detailed<br\/>instructions and guidebooks on how to be a Pilgrim<br\/>Ambassador so that the process is smooth for you.<\/p>"}},"template--16796807069925__29b63952-544e-4240-b61a-3bdc80bd46f7-question-3":{"type":"question","settings":{"title":"Why didn't my profile get approved?","answer":"<p>There could be a variety of reasons why you may not have<br\/>been approved. It is usually because we were unable to verify<br\/>your information, or you may already have an account.<\/p>"}},"3e88c8f2-44d4-4c59-8f3f-64b78554fd11":{"type":"question","settings":{"title":"Can I apply again if I was rejected once?","answer":"<p>We are sorry :( We accept only one application per email<br\/>address. And rejected email addresses are not eligible to apply<br\/>again.<\/p>"}},"8ae6cedf-75e6-459e-916d-7b8f48e76b13":{"type":"question","settings":{"title":"Hey, my account's approved! What's next?","answer":"<p>Congratulations on becoming a Pilgrim Ambassador! After<br\/>your confirmation email, you will receive a welcome email with<br\/>detailed instructions and guidebooks on how to be a Pilgrim<br\/>Ambassador so that the process is smooth for you.<\/p>"}},"da2ea50e-3ec7-4700-8db8-3d43748a9bbe":{"type":"question","settings":{"title":"Will I get technical support as a Pilgrim Ambassador?","answer":"<p>Once you are on board, you will be able to access the Pilgrim<br\/>Affiliate dashboard. This is an easy platform to help you:<br\/>• Manage your account<br\/>• Monitor your performance reports<br\/>• Create a product page link you want to showcase<br\/>• Share these links across your social media channels<br\/>Promote your Pilgrim affiliate code\/links on<br\/>Facebook\/lnstagram posts, stories, reels, WhatsApp, YouTube<br\/>descriptions, and Telegram<\/p>"}},"01dedf22-f8b1-437d-936a-0626dea1f35b":{"type":"question","settings":{"title":"What kind of discount can I offer to my audience on Pilgrim products?","answer":"<p>As a Pilgrim Ambassador, you can offer your audience a 15%<br\/>OFF discount using your affiliate code while making a<br\/>purchase on <a href=\"https:\/\/discoverpilgrim.com\/\" title=\"Discover Pilgrim Website\">www.discoverpilgrim.com<\/a> website.<\/p>"}},"b9578e72-856c-449d-b0df-f9b5e9b3f8a5":{"type":"question","settings":{"title":"Where can I see order details that are placed using my affiliate code\/link?","answer":"<p>You can see it on your Pilgrim Affiliate dashboard! Simply go<br\/>to the analytics tab to track all the metrics related to all<br\/>activities carried out using your affiliate code\/links.<\/p>"}},"93fe0732-8a3e-47d8-9345-08258b90e89d":{"type":"question","settings":{"title":"How is my commission calculated?","answer":"<p>Your commission is calculated on the final order amount<br\/>placed (without shipping & tax) using your affiliate code\/link.<br\/>Please note that the final commission payout will be after<br\/>deducting TDS.<\/p>"}},"5659b61b-115b-4c2b-b076-1b13bfa9c27c":{"type":"question","settings":{"title":"Will I still get my commission if a customer returns or cancels the order?","answer":"<p>The commission would be calculated on every successful or<br\/>completed order placed by your audience only. If a customer's<br\/>order is unsuccessful\/returned\/rejected\/cancelled, the<br\/>commission earned for it would be cancelled.<\/p>"}},"461bd09b-548c-4de1-b3b4-349e1b6219d7":{"type":"question","settings":{"title":"I need to raise an invoice. What is your payment cycle?","answer":"<p>Here's the process for our payment cycle:<br\/>• You need a minimum commission amount of *3000 to raise<br\/>the invoice.<br\/>• The invoice needs to be raised before the 2nd of every month<br\/>for the commissions recorded in the previous month.<br\/>. Once you raise the invoice, process the in 30<br\/>days.<\/p>"}},"2198b99d-0c9e-460d-9800-565a05bf86c7":{"type":"question","settings":{"title":"What documents would be required to process the payment?","answer":"<p>We will require your bank details, PAN card, a cancelled<br\/>cheque\/passbook, and CST certificate if any.<\/p>"}},"73d87ba2-03fa-4bfb-8463-e0415d90d8b9":{"type":"question","settings":{"title":"The amount on my dashboard is not the same as my payout amount! What to do?","answer":"<p>If there is an amount difference, it could be for the following<br\/>reasons:<br\/>• The dashboard updates every 24-48 hours. Please wait for the<br\/>stipulated time period before checking an order update.<br\/>• If there is still a discrepancy, it could be because cancelled or<br\/>returned orders are not reflecting on the dashboard.<br\/>• Also, orders that have not yet been paid will show as pending<br\/>until the payment is done<\/p>"}},"5f4d74f9-c9c0-4538-9863-30440bffb37a":{"type":"question","settings":{"title":"Are the reports updated in real-time on the dashboard?","answer":"<p>It takes around 24 hours for the analytics to get updated.<\/p>"}},"28ad141d-ca09-45dc-8f87-0ba9e4824a55":{"type":"question","settings":{"title":"Whom do I contact if I need more information about the partnership?","answer":"<p>If you need assistance or additional information, please<br\/>contact us at <a href=\"mailto:affiliates@discoverpilgrim.com\" title=\"Discover Pilgrim Email\">affiliates@discoverpigrim.com.<\/a><\/p>"}},"d8505051-cf5f-4463-917d-160c3f1b989b":{"type":"category","settings":{"title":"Terms & Conditions"}},"b75a11a2-185e-47b0-8579-f3e7ebc4f463":{"type":"question","settings":{"title":"PILGRIM AFFILIATE PROGRAM","answer":"<p>The Pilgrim Ambassador program is Pilgrim's affiliate<br\/>program which is open to registered users on<br\/><a href=\"https:\/\/discoverpilgrim.com\/\" title=\"Discover Pilgrim \">discoverpilgrim.com<\/a> platform.<\/p>"}},"f453db63-899c-4ff6-916d-b37593e2ac36":{"type":"question","settings":{"title":"PILGRIM AMBASSADOR","answer":"<p>• The Pilgrim Ambassador is associated with the Company only for the particular<br\/>event\/period as stipulated in this Agreement. He\/She is not an employee of Pilgrim.<br\/>• The Pilgrim Ambassador will be given a commission on the actual net invoice value. The<br\/>returns will be accounted for as per the Company's policy.<br\/>• All commercials will be as per CST and tax laws.<br\/>• The Pilgrim Ambassador will be given a unique code offering of 15% discount to their<br\/>audience. The sales data for the UTM link & code will be accessible to the Pilgrim<br\/>Ambassador at all times for better transparency.<br\/>All information shared with the customers\/followers regarding the products & the brand<br\/>will be as per the guidelines given by the Company.<br\/>• The Pilgrim Ambassador will not solicit new business using the name of the brand or<br\/>the name of the Company unless written permission is granted by the Company to do so.<br\/>• The Company shall have the right to withhold payments post-issuance of the<br\/>termination notice to the Pilgrim Ambassador. The said withheld payments will only be<br\/>processed after any loss or liabilities if any occurred on the Company due to the Pilgrim<br\/>Ambassador are settled.<\/p>"}},"9851a659-e7e9-4040-aa50-cbce2c81137b":{"type":"question","settings":{"title":"PAYMENT TERMS","answer":"<p>The Company shall make the payment within 30 working days from the date of the<br\/>invoice being generated by the Pilgrim Ambassador by way of Bank Transfer.<\/p>"}},"784c4e3e-7afb-421b-bd62-22e0cc531b23":{"type":"question","settings":{"title":"CONFIDENTIALITY (Non-Disclosure Agreement)","answer":"<p>The Pilgrim Ambassador shall not disclose to any third party or use any Confidential<br\/>Information of the other Party (the \"Disclosing Party\") in any manner whatsoever. All<br\/>information exchanged of any nature whatsoever under this Agreement is confidential.<\/p>"}},"bd8de51e-672a-4db1-8e32-c915321e4c31":{"type":"question","settings":{"title":"AMENDMENT","answer":"<p>No change, amendment or modification of any provision of this Agreement shall be<br\/>valid unless outlined in a written instrument signed by both the parties. This Agreement<br\/>sets forth the entire agreement and supersedes any and all prior agreements, written or<br\/>oral, of the parties concerning the transactions set forth herein.<\/p>"}},"604c3aee-05dd-4eb2-bbe9-86331b3ebb89":{"type":"question","settings":{"title":"TERMINATION","answer":"<p>The Company shall have the right to terminate this Agreement in the following<br\/>circumstances:<br\/>• For breach of any of the terms of this Agreement (express or implied), a notice period of<br\/>5 days would be given by the Company prior to such termination;<br\/>• In cases where any act done by the Pilgrim Ambassador is prejudicial to the interest of<br\/>the Company and\/ or its associates\/affiliates and\/or the content and\/or is defamatory<br\/>under the laws of India, the Company shall have the right to terminate this Agreement<br\/>without notice.<br\/>• In the event of termination of this Agreement, the Pilgrim Ambassador shall return all<br\/>the Confidential Information to the Company and shall immediately cease to promote<br\/>the products of the Company.<\/p>"}}},"block_order":["template--16796807069925__29b63952-544e-4240-b61a-3bdc80bd46f7-category-1","template--16796807069925__29b63952-544e-4240-b61a-3bdc80bd46f7-question-1","template--16796807069925__29b63952-544e-4240-b61a-3bdc80bd46f7-question-2","32c21685-9e9b-4e42-89c8-874aeaf55e2f","42fd076e-c6db-4e66-bd51-43e791d7e236","template--16796807069925__29b63952-544e-4240-b61a-3bdc80bd46f7-question-3","3e88c8f2-44d4-4c59-8f3f-64b78554fd11","8ae6cedf-75e6-459e-916d-7b8f48e76b13","da2ea50e-3ec7-4700-8db8-3d43748a9bbe","01dedf22-f8b1-437d-936a-0626dea1f35b","b9578e72-856c-449d-b0df-f9b5e9b3f8a5","93fe0732-8a3e-47d8-9345-08258b90e89d","5659b61b-115b-4c2b-b076-1b13bfa9c27c","461bd09b-548c-4de1-b3b4-349e1b6219d7","2198b99d-0c9e-460d-9800-565a05bf86c7","73d87ba2-03fa-4bfb-8463-e0415d90d8b9","5f4d74f9-c9c0-4538-9863-30440bffb37a","28ad141d-ca09-45dc-8f87-0ba9e4824a55","d8505051-cf5f-4463-917d-160c3f1b989b","b75a11a2-185e-47b0-8579-f3e7ebc4f463","f453db63-899c-4ff6-916d-b37593e2ac36","9851a659-e7e9-4040-aa50-cbce2c81137b","784c4e3e-7afb-421b-bd62-22e0cc531b23","bd8de51e-672a-4db1-8e32-c915321e4c31","604c3aee-05dd-4eb2-bbe9-86331b3ebb89"],"settings":{"show_navigation":false,"title":"Affiliate Program","content":"","background":"rgba(0,0,0,0)","text_color":"rgba(0,0,0,0)"}},"8c89ced2-074c-4f4d-b607-1b24eab79336":{"type":"rich-text","settings":{"subheading":"","title":"","content":"<p>If you have any questions regarding these Terms & Conditions, please mail at <a href=\"mailto:affiliates@discoverpilgrim.com\"><span style=\"text-decoration:underline\">affiliates@discoverpilgrim.com<\/span><\/a><\/p>","button_text":"","button_link":"","background_type":"full_width","text_width":"medium","text_position":"center","text_alignment":"center","background":"rgba(0,0,0,0)","text_color":"rgba(0,0,0,0)","button_background":"rgba(0,0,0,0)","button_text_color":"rgba(0,0,0,0)"}}},"order":["main","dc12c967-e82d-4ec4-b285-a941f01458b0","208d5057-0fff-4be8-b98a-3c992a14cc49","3e47b5d3-ffac-48e4-bb60-cb9912d4857e","821ed383-e3c9-4662-9f44-991ee1df0787","1a171b69-ccb1-4fcf-8920-093647123196","6b8e092c-5ab7-498d-8e9c-9b65bd08d21f","d73dc053-c94d-4fcc-878b-c682b348746d","656a357d-c112-4392-9a87-3ce9abc1b2ed","3e3b017e-402c-4cfc-ba7e-db222a59153b","29b63952-544e-4240-b61a-3bdc80bd46f7","8c89ced2-074c-4f4d-b607-1b24eab79336"]}