{"sections":{"main":{"type":"main-page","disabled":true,"settings":{"show_title":true,"page_width":"medium"}},"dc12c967-e82d-4ec4-b285-a941f01458b0":{"type":"slideshow","blocks":{"image_86b4h8":{"type":"image","settings":{"image":"","mobile_image":"","text_position":"middle_center","subheading":"","title":"","button_1_text":"","button_1_link":"{{ page.metafields.custom.bannerurl.value }}","button_2_text":"","button_2_link":"","text_color":"#ffffff","button_background":"#ffffff","button_text_color":"#000000","overlay_color":"#000000","overlay_opacity":0}}},"block_order":["image_86b4h8"],"disabled":true,"settings":{"subheading":"","title":"","content":"","custom_class":"","scrollid":"","section_height":"auto","transition_type":"sweep","autoplay":true,"cycle_speed":5,"background":"rgba(0,0,0,0)","text_width":"medium","text_position":"center","text_alignment":"center"}},"3e47b5d3-ffac-48e4-bb60-cb9912d4857e":{"type":"rich-text","disabled":true,"settings":{"subheading":"","title":"","content":"","button_text":"Use Discount now","button_link":"shopify:\/\/collections\/all-products","button_control":"","custom_class":"","background_type":"full_width","text_width":"medium","text_position":"center","text_alignment":"center","background":"rgba(0,0,0,0)","text_color":"rgba(0,0,0,0)","button_background":"rgba(0,0,0,0)","button_text_color":"rgba(0,0,0,0)"}},"7e274d31-5cfe-4e1b-b5ce-43ac645cc980":{"type":"image-with-text","blocks":{"template--16776545403109__7e274d31-5cfe-4e1b-b5ce-43ac645cc980-16872693292f23052c-0":{"type":"item","settings":{"image":"shopify:\/\/shop_images\/PilgrimMILES.png","tab_label":"Item","subheading":"","title":"","content":"<p>Become a part of the growing <strong>PilgrimTRIBE<\/strong> that is excited to explore the globe for the world’s beauty. You have the opportunity to earn <strong>PilgrimMILES<\/strong> every time you shop for everything, every day, and redeem for your favourite products.<\/p><p>So, join the journey to access hidden beauty secrets and fill up your account!<br\/><br\/><em>Join Today! It's FREE!!!<\/em><\/p>","button_text":"JOIN NOW","button_link":"https:\/\/discoverpilgrim.com\/pages\/loyalty-program#smile-referral-program-details"}},"48a57918-ec73-4494-9bfa-76205c5c397c":{"type":"item","disabled":true,"settings":{"tab_label":"Item","subheading":"Subheading","title":"Image with text","content":"<p>Use image with text to give your customers insight into your brand. Select imagery and text that relates to your style and story.<\/p>","button_text":"","button_link":""}}},"block_order":["template--16776545403109__7e274d31-5cfe-4e1b-b5ce-43ac645cc980-16872693292f23052c-0","48a57918-ec73-4494-9bfa-76205c5c397c"],"settings":{"reveal_on_scroll":false,"background_type":"full_width","background_overlap":"image","image_position":"left","text_alignment":"center","cycle_speed":8,"accent_background":"rgba(0,0,0,0)","text_color":"rgba(0,0,0,0)","button_background":"rgba(0,0,0,0)","button_text_color":"rgba(0,0,0,0)"}},"1a171b69-ccb1-4fcf-8920-093647123196":{"type":"rich-text","settings":{"subheading":"","title":"","content":"<p>Already a Member?<\/p><p><a href=\"https:\/\/discoverpilgrim.com\/pages\/loyalty-program#smile-referral-program-details\" title=\"https:\/\/discoverpilgrim.com\/pages\/loyalty-program#smile-referral-program-details\">Sign In<\/a><\/p><p>Spend more on what you love, earn more of what you love. It’s that simple!<\/p><h3>Here’s How It Works!<\/h3><p>Each time you shop at Pilgrim, you automatically earn PilgrimMILES with our very generous no-strings-attached rewards program. <\/p><p>As a member, <strong>you earn 1 PilgrimMILE per ₹1 you spend<\/strong>, whether you purchase during a sale, buy a gift or a combo kit, or an individual product. You can then redeem PilgrimMILES for any product that you want to buy on our website.<\/p><p><strong>Spend ₹100 = Earn ₹10<\/strong><\/p><p><strong>Redeem 100 PilgrimMILES = ₹ 10<\/strong><\/p><p>PilgrimMILES expire at the end of 6 months from the date that they were earned by the member. So make the most of these beauty reward points!<\/p><p><\/p><p><\/p><p><\/p><p><\/p><h1>Benefits unlocked when you become a member!👇<\/h1>","button_text":"","button_link":"","button_control":"","custom_class":"","background_type":"full_width","text_width":"medium","text_position":"center","text_alignment":"center","background":"rgba(0,0,0,0)","text_color":"rgba(0,0,0,0)","button_background":"rgba(0,0,0,0)","button_text_color":"rgba(0,0,0,0)"}},"6b8e092c-5ab7-498d-8e9c-9b65bd08d21f":{"type":"slideshow","blocks":{"template--16796807069925__6b8e092c-5ab7-498d-8e9c-9b65bd08d21f-image-1":{"type":"image","settings":{"image":"shopify:\/\/shop_images\/Programs-1400px_1.jpg","mobile_image":"shopify:\/\/shop_images\/Programs-1080px_2_1.jpg","text_position":"middle_center","subheading":"","title":"","button_1_text":"","button_1_link":"","button_2_text":"","button_2_link":"","text_color":"#ffffff","button_background":"#ffffff","button_text_color":"#000000","overlay_color":"#000000","overlay_opacity":0}}},"block_order":["template--16796807069925__6b8e092c-5ab7-498d-8e9c-9b65bd08d21f-image-1"],"settings":{"subheading":"","title":"","content":"","custom_class":"","scrollid":"","section_height":"auto","transition_type":"sweep","autoplay":true,"cycle_speed":5,"background":"rgba(0,0,0,0)","text_width":"medium","text_position":"center","text_alignment":"center"}},"656a357d-c112-4392-9a87-3ce9abc1b2ed":{"type":"rich-text","settings":{"subheading":"","title":"","content":"<h3>PilgrimMILES Rewards Program<\/h3><p>Earning PilgrimMILES is so easy! Register for free and you can earn PilgrimMILES when you shop everything, every day. <\/p><p>The best part? The more you shop, the more your PilgrimMILES are worth. Redeem for your favourite products!<\/p><h3>Referral<\/h3><p>We love it when you share the Pilgrim Love! Click on the PilgrimTRIBE icon on discoverpilgrim.com homepage and log in to your account. Go to the “Refer your friends” section and share the created URL to give your friends the reward ₹250 OFF coupon. Once they register and complete their first purchase on the Pilgrim website, you will receive your very own ₹250 OFF coupon.<\/p>","button_text":"","button_link":"","button_control":"","custom_class":"","background_type":"full_width","text_width":"medium","text_position":"center","text_alignment":"center","background":"rgba(0,0,0,0)","text_color":"rgba(0,0,0,0)","button_background":"rgba(0,0,0,0)","button_text_color":"rgba(0,0,0,0)"}},"3e3b017e-402c-4cfc-ba7e-db222a59153b":{"type":"image-with-text","blocks":{"b0913fce-ab77-48ed-b06e-47e1d4caaf31":{"type":"item","settings":{"image":"shopify:\/\/shop_images\/Image-Banner-1080x1080_1.jpg","tab_label":"Item","subheading":"","title":"Different Ways You Can Earn PilgrimMILES","content":"<p><strong>When you sign up with us: <\/strong>On creating your Pilgrim account, 100 PilgrimMILES will be added automatically to your account.<\/p><p><strong>When you shop: <\/strong>For every ₹1 you spend on discoverpilgrim.com, you will earn 1 PilgrimMILE.<\/p><p><strong>When you place your first order: <\/strong>A welcome gift of 200 PilgrimMILES when you place your very first Pilgrim order on the website.<\/p><p><strong>When you follow us on Instagram:<\/strong> Connect with our growing Pilgrim Tribe community on instagram and get 500 PilgrimMILES!<\/p>","button_text":"","button_link":"https:\/\/discoverpilgrim.com\/pages\/loyalty-program#smile-referral-program-details"}},"d9899fd7-ad53-4cfc-87d9-d901a8d26b12":{"type":"item","disabled":true,"settings":{"tab_label":"Item","subheading":"Subheading","title":"Image with text","content":"<p>Use image with text to give your customers insight into your brand. Select imagery and text that relates to your style and story.<\/p>","button_text":"","button_link":""}}},"block_order":["b0913fce-ab77-48ed-b06e-47e1d4caaf31","d9899fd7-ad53-4cfc-87d9-d901a8d26b12"],"settings":{"reveal_on_scroll":false,"background_type":"full_width","background_overlap":"image","image_position":"left","text_alignment":"center","cycle_speed":8,"accent_background":"rgba(0,0,0,0)","text_color":"rgba(0,0,0,0)","button_background":"rgba(0,0,0,0)","button_text_color":"rgba(0,0,0,0)"}},"29b63952-544e-4240-b61a-3bdc80bd46f7":{"type":"faq","blocks":{"template--16796807069925__29b63952-544e-4240-b61a-3bdc80bd46f7-category-1":{"type":"category","disabled":true,"settings":{"title":"Shipping"}},"template--16796807069925__29b63952-544e-4240-b61a-3bdc80bd46f7-question-1":{"type":"question","settings":{"title":"How do I sign up?","answer":"<p>Just click on \"Join Now\" on the PilgrimMlLES page or the PilgrimTRlBE Icon on the homepage and follow the instructions to sign up for free.<\/p>"}},"template--16796807069925__29b63952-544e-4240-b61a-3bdc80bd46f7-question-2":{"type":"question","settings":{"title":"Why is it called PilgrimMILES?","answer":"<p>We are passionate about discovering world's beauty! Every time you buy our product, you have joined the journey to get the best of beauty. So what better way to show you the level of adventure and travel than PilgrimMlLES? The more you explore, the more you shop, the more you earn PilgrimMlLES!<\/p>"}},"template--16796807069925__29b63952-544e-4240-b61a-3bdc80bd46f7-question-3":{"type":"question","settings":{"title":"How to Earn PilgrimMILES?","answer":"<p>Check our \"Different Ways You Can Earn PilgrimMILES\" section for details.<\/p>"}},"b8f7f843-2c3e-4a23-baf1-858c6ee7ce1a":{"type":"question","settings":{"title":"What benefits will I receive through PilgrimMILES?","answer":"<p><strong>You automatically unlock several benefits when you sign up for PilgrimMILES:<\/strong><br\/>- 500 PilgrimMlLES when you sign up<br\/>- 200 PilgrimMlLES when place your first order<br\/>- Earn PilgrimMlLES each time you shop<br\/>- 500 PilgrimMlLES when you follow us on Instagram<br\/>- Special gift of 5000 PilgrimMILES on your birthday*<br\/>- A chance to earn Surprise Bonus PilgrimMlLES<br\/>- Access to exclusive members-only flash sales<br\/>- Exclusive pre-launch access to new products<\/p>"}},"84c969b0-02b5-42f6-9c86-2966f688a118":{"type":"question","settings":{"title":"What is the duration of my PilgrimMILES membership?","answer":"<p>Because we love you, you get a lifetime membership with us!<\/p>"}},"4fabe0a1-fa7f-4dbb-86f2-e69b04f0524a":{"type":"question","settings":{"title":"How do I redeem PilgrimMILES?","answer":"<p>It's super simple to redeem PilgrimMlLES.<br\/><strong>Step 1: <\/strong>Login to your account on our website.<br\/><strong>Step 2:<\/strong> Click on the PilgrimTRlBE icon on the homepage.<br\/><strong>Step 3:<\/strong> Go to 'My Rewards'. Click on 'Redeem points' and generate coupon code.<br\/><strong>Step 4:<\/strong> Add products to cart<br\/><strong>Step 5:<\/strong> Checkout and apply the code!<\/p>"}},"d7317088-87bc-4aa1-92a1-1912ae0acb0c":{"type":"question","settings":{"title":"For how long are my PilgrimMILES valid?","answer":"<p>PilgrimMILES expire at the end of 6 months from the date that they were earned by the member.<\/p>"}},"ce30b841-13e6-496a-b295-e00481a191c7":{"type":"question","settings":{"title":"PilgrimMILES Terms & Conditions","answer":"<p>PilgrimMILES is a free rewards program offered by Pilgrim to registered users on <a href=\"http:\/\/www.discoverpilgrim.com\/\"><span style=\"text-decoration:underline\">www.discoverpilgrim.com<\/span><\/a>. <\/p><p><strong>- Membership & Eligibility<\/strong><\/p><p><strong>Free Membership:<\/strong> No purchase is necessary to obtain membership in the PilgrimMILES program and get a PilgrimMILES account.<\/p><p><strong>Membership Account:<\/strong>You may enroll in the PilgrimMILES program through our Website. Registering for an account on our Website will also enroll you in the PilgrimMILES program. Once you are a registered user of the website, you may view a summary of your account on the website by simply clicking on the \"My Account\" link in the header of the website homepage. You may check your PilgrimMILES balance by clicking on the “My PilgrimMILES” option in your account. <\/p><p><strong>Eligibility:<\/strong>Only one PilgrimMILES account may be associated with a single email address. By enrolling for PilgrimMILES, you agree (or, if you are a Minor, your parent or legal guardian agrees) to be bound by these terms and conditions. To register with us, you must provide your first name, last name, mailing address, gender, and phone number and accept our Terms of Use and Privacy Policy.<\/p><p><strong>- Earning PilgrimMILES<\/strong><\/p><p><strong>General: <\/strong>Members can earn PilgrimMILES on the purchase of Pilgrim products online at <a href=\"http:\/\/www.discoverpilgrim.com\/\"><span style=\"text-decoration:underline\">www.discoverpilgrim.com<\/span><\/a>. For all online purchases, you must be a registered user of the Website and have linked your Account number with your Online account to PilgrimMILES for Online purchases. You must be signed in to this account to earn PilgrimMILES.<\/p><p><strong>Earning Rate:<\/strong>Members earn one (1) PilgrimMILE for every ₹ 1 spent when they purchase. For example, if you spend ₹ 850, you will earn 850 PilgrimMILES. <\/p><p><strong>Benefits:<\/strong><\/p><p>PilgrimMILES benefits are specially designed for registered members. Such benefits will be offered completely at the discretion of Pilgrim and are subject to update, cancellation, and change.<\/p><p><strong>Redeeming PilgrimMILES<\/strong><\/p><p><strong>General:<\/strong> Members may redeem their PilgrimMILES on any purchase made online at <a href=\"http:\/\/www.discoverpilgrim.com\/\"><span style=\"text-decoration:underline\">www.discoverpilgrim.com<\/span><\/a>. To redeem towards a purchase Online, a Member must be a registered user of the Website and must have linked their Account number with their Online account. <\/p><p><strong>Redemption Rate: <\/strong>Members can redeem hundred (100) PilgrimMILE for every ₹ 10 spent when they purchase. <\/p><p><strong>Eligibility: <\/strong>PilgrimMILES earned are not eligible for redemption for 24 hours once they are awarded. A maximum number of PilgrimMILES redeemable in a single transaction may apply. PilgrimMILES may be redeemed on the purchase price of qualifying products only and cannot be used towards the payment of sales tax or shipping and handling charges.<\/p><p><strong>PilgrimMILES Expiration <\/strong><\/p><p>PilgrimMILES expire at the end of 6 months from the date that they were earned by the member. <\/p><p><strong>Member Cancellation<\/strong><\/p><p>You may cancel your Pilgrim account at any time. Upon cancellation, any unused PilgrimMILES accrued in your account will be forfeited and cannot be redeemed.<\/p>"}}},"block_order":["template--16796807069925__29b63952-544e-4240-b61a-3bdc80bd46f7-category-1","template--16796807069925__29b63952-544e-4240-b61a-3bdc80bd46f7-question-1","template--16796807069925__29b63952-544e-4240-b61a-3bdc80bd46f7-question-2","template--16796807069925__29b63952-544e-4240-b61a-3bdc80bd46f7-question-3","b8f7f843-2c3e-4a23-baf1-858c6ee7ce1a","84c969b0-02b5-42f6-9c86-2966f688a118","4fabe0a1-fa7f-4dbb-86f2-e69b04f0524a","d7317088-87bc-4aa1-92a1-1912ae0acb0c","ce30b841-13e6-496a-b295-e00481a191c7"],"settings":{"show_navigation":false,"title":"FAQ","content":"","background":"rgba(0,0,0,0)","text_color":"rgba(0,0,0,0)"}}},"order":["main","dc12c967-e82d-4ec4-b285-a941f01458b0","3e47b5d3-ffac-48e4-bb60-cb9912d4857e","7e274d31-5cfe-4e1b-b5ce-43ac645cc980","1a171b69-ccb1-4fcf-8920-093647123196","6b8e092c-5ab7-498d-8e9c-9b65bd08d21f","656a357d-c112-4392-9a87-3ce9abc1b2ed","3e3b017e-402c-4cfc-ba7e-db222a59153b","29b63952-544e-4240-b61a-3bdc80bd46f7"]}