{"sections":{"main":{"type":"main-page","settings":{"show_title":false,"page_width":"medium"}},"slideshow_GJ6p8P":{"type":"slideshow","blocks":{"image_8nerqB":{"type":"image","settings":{"image":"shopify:\/\/shop_images\/Authenticity-Hair-Growth-Homepage-Banner-1920x520.jpg","mobile_image":"shopify:\/\/shop_images\/Authenticity-Hair-Growth-Homepage-Banner-800x1000.jpg","text_position":"middle_center","subheading":"","title":"","button_1_text":"","button_1_link":"","button_2_text":"","button_2_link":"","text_color":"#ffffff","button_background":"#ffffff","button_text_color":"#000000","overlay_color":"#000000","overlay_opacity":0}}},"block_order":["image_8nerqB"],"settings":{"subheading":"","title":"","content":"","custom_class":"","scrollid":"","section_height":"auto","transition_type":"sweep","autoplay":true,"cycle_speed":5,"background":"rgba(0,0,0,0)","text_width":"medium","text_position":"center","text_alignment":"center"}},"authentication_form_werG9e":{"type":"authentication-form","settings":{"title":"","content":"<p>Check for your Product Authenticity<\/p>","text_1_heading":"","text_1_text":"","text_2_heading":"","text_2_text":"","background":"rgba(0,0,0,0)","text_color":"rgba(0,0,0,0)","button_background":"rgba(0,0,0,0)","button_text_color":"rgba(0,0,0,0)"}}},"order":["main","slideshow_GJ6p8P","authentication_form_werG9e"]}