{"sections":{"slideshow_xb4h7n":{"type":"slideshow","blocks":{"image_WfPCKb":{"type":"image","settings":{"image":"shopify:\/\/shop_images\/Offer-Banner-800px.jpg","mobile_image":"shopify:\/\/shop_images\/Offer-Banner-800px.jpg","text_position":"middle_center","subheading":"","title":"","button_1_text":"","button_1_link":"","button_2_text":"","button_2_link":"","text_color":"#ffffff","button_background":"#ffffff","button_text_color":"#000000","overlay_color":"#ffffff","overlay_opacity":30}}},"block_order":["image_WfPCKb"],"settings":{"subheading":"","title":"","content":"","custom_class":"rounded_slideshow_banner_hidden swipeable_slideshow","scrollid":"","section_height":"auto","transition_type":"sweep","autoplay":true,"cycle_speed":5,"background":"rgba(0,0,0,0)","text_width":"medium","text_position":"center","text_alignment":"center"}}},"order":["slideshow_xb4h7n"]}