{"type":"custom.overlay","name":"Overlay group","sections":{"newsletter-popup":{"type":"newsletter-popup","settings":{"apparition_delay":5,"show_only_on_index":true,"show_only_for_visitors":false,"show_only_once":true,"image_position":"left","title":"Subscribe to our newsletter","content":"<p>Subscribe to get early access for our sales, new launches, and discounts<\/p>"}},"privacy-banner":{"type":"privacy-banner","disabled":true,"settings":{"cookie_bar_title":"Cookie policy","cookie_bar_content":"<p>I agree to the processing of my data in accordance with the conditions set out in the policy of Privacy.<\/p>"}}},"order":["newsletter-popup","privacy-banner"]}