{"sections":{"5a8aaa18-95dd-40c2-891a-ed122e0e5032":{"type":"slider","blocks":{"template--16646557270245__5a8aaa18-95dd-40c2-891a-ed122e0e5032-1669023118d694de23-2":{"type":"slider_item","settings":{"background":"shopify:\/\/shop_images\/kalki_top_picks_22_2.png","mb_background":"shopify:\/\/shop_images\/kalki_top_picks_22_2.png","image_alignment":"center","content_in_container":true,"content_position":"center middle","text_alignment":"center","text_size":"medium","text_color":"black","subheading":"","title":"","description":"","image_link":"","banner_name":"","banner_category":"","banner_offer":"","button_text":"","button_link":"","button_style":"sf__btn-primary","button_size":"","show_footer":false,"footer_alignment":"end","footer_text":"New Collection","footer_button":"Shop Now","footer_link":""}}},"block_order":["template--16646557270245__5a8aaa18-95dd-40c2-891a-ed122e0e5032-1669023118d694de23-2"],"settings":{"container":"w-full","slideshow_height":"adapt","show_overlay":false,"dots_position":"bottom","dots_color":"dark","show_dots":true,"show_arrows":true,"autorotate":false,"autorotate_speed":5,"use_content_above":false,"custom_class":""}},"d1de205f-b6fa-49de-a0dc-161554681f12":{"type":"featured-collection","settings":{"heading":"","subheading":"","description":"","header_alignment":"center","container":"container-fluid","background_color":"rgba(0,0,0,0)","collection":"kalki-vino-1","enable_flashsale":false,"show_countdown":false,"product_to_show":4,"items_per_row":4,"item_gap":0,"pcard_layout":"4","pcard_image_ratio":"1\/1","show_vendor":false,"hide_title":false,"enable_slider":false,"show_pagination":true,"show_navigation":false,"button_type":"link","button_text":"","button_style":"sf__btn-primary","button_size":"","infinite_load":false,"max_page_load":3,"use_scroll_mobile":false,"item_gap_mobile":16,"custom_class":""}},"6e2512c5-c8b7-4479-8498-6665685ce3bb":{"type":"slider","blocks":{"template--16646557270245__6e2512c5-c8b7-4479-8498-6665685ce3bb-1669023118d694de23-0":{"type":"slider_item","settings":{"background":"shopify:\/\/shop_images\/Interspersed_banner-1.png","mb_background":"shopify:\/\/shop_images\/Interspersed_banner-mobile_size_5x3_1.jpg","image_alignment":"center","content_in_container":false,"content_position":"center middle","text_alignment":"center","text_size":"medium","text_color":"black","subheading":"","title":"","description":"","image_link":"","banner_name":"","banner_category":"","banner_offer":"","button_text":"","button_link":"","button_style":"sf__btn-primary","button_size":"","show_footer":false,"footer_alignment":"end","footer_text":"New Collection","footer_button":"Shop Now","footer_link":""}}},"block_order":["template--16646557270245__6e2512c5-c8b7-4479-8498-6665685ce3bb-1669023118d694de23-0"],"settings":{"container":"w-full","slideshow_height":"adapt","show_overlay":false,"dots_position":"bottom","dots_color":"dark","show_dots":true,"show_arrows":false,"autorotate":false,"autorotate_speed":5,"use_content_above":false,"custom_class":"kalki"}},"main":{"type":"main-collection-product-grid","disabled":true,"blocks":{"26ef6509-772d-4c44-bd90-efc089bd9355":{"type":"filter","settings":{"design_filtergroup":"button","title":"Size","filtergroup":"XS,S,M,L,XL","show_label":false,"use_accordion":false,"open_filtergroup":true}},"e12de6da-eab8-4abe-967c-06d0d959a18a":{"type":"filter","settings":{"design_filtergroup":"color","title":"Colors","filtergroup":"Blue, Red, White ,Black ,Pink ,Silver,Purple,Brown,Yellow,Grey,Green,Tan,Violet,Dark Grey,Beige,Light Blue, Dark Blue, Light Grey, Light Pink, Mint, Rose Gold, Night Blue, Copper, Coral, Rosy Brown","show_label":false,"use_accordion":false,"open_filtergroup":true}},"fa31a837-9c99-4c92-8cfe-0527ffbe7b15":{"type":"filter","settings":{"design_filtergroup":"default","title":"Prices","filtergroup":"$0-$50,$50-$100,$100-$150,$150-$200,$200-$300,$300-$400","show_label":false,"use_accordion":false,"open_filtergroup":true}},"4903963a-90f0-4fe1-be23-ee4f8749e483":{"type":"filter","settings":{"design_filtergroup":"inrow","title":"Brands","filtergroup":"Minimog,Retrolie,Abby,Brook,Learts,Vagabond","show_label":false,"use_accordion":false,"open_filtergroup":true}},"00b3badd-1613-4230-85d8-f87f04306aaa":{"type":"filter","settings":{"design_filtergroup":"inrow","title":"Tags","filtergroup":"Dress,Tops,Shirts,Fashion,Hats,Sandal,Belt,Bags,Snacker,Denim,Minimog,Vagabond,Sunglasses, Beachwear,Vintage","show_label":false,"use_accordion":true,"open_filtergroup":true}}},"block_order":["26ef6509-772d-4c44-bd90-efc089bd9355","e12de6da-eab8-4abe-967c-06d0d959a18a","fa31a837-9c99-4c92-8cfe-0527ffbe7b15","4903963a-90f0-4fe1-be23-ee4f8749e483","00b3badd-1613-4230-85d8-f87f04306aaa"],"settings":{"container":"container-fluid","grid_layout":"grid","grid_columns":"4","show_columns_switcher":true,"show_sorting":true,"show_filter":true,"filters_type":"tags_filter","sidebar":"leftColumn","sidebar_title":"Filters","limit_height_widget":false,"limit_height":300,"change_product_variant_on_fitlering":true,"pagination_limit":12,"paginate_type":"paginate"}},"1f979c51-fd18-4e26-b7fa-02219d804acc":{"type":"featured-collection","settings":{"heading":"","subheading":"","description":"","header_alignment":"center","container":"container-fluid","background_color":"rgba(0,0,0,0)","collection":"kalki-vino-2","enable_flashsale":false,"show_countdown":false,"product_to_show":4,"items_per_row":4,"item_gap":30,"pcard_layout":"4","pcard_image_ratio":"1\/1","show_vendor":false,"hide_title":false,"enable_slider":false,"show_pagination":false,"show_navigation":false,"button_type":"link","button_text":"","button_style":"sf__btn-primary","button_size":"","infinite_load":false,"max_page_load":3,"use_scroll_mobile":false,"item_gap_mobile":16,"custom_class":""}},"collection-header":{"type":"collection-page-header","disabled":true,"settings":{"container":"container","layout":"inside","header_height":"small","text_alignment":"center","vertical_alignment":"center","text_color":"dark","bg_color":"#ffffff","enable_parallax":false,"upper_title":false,"show_desc":false,"collection_all_desc":""}},"af213424-5580-4715-a618-0b3cc48e9445":{"type":"slider","blocks":{"template--16646557270245__af213424-5580-4715-a618-0b3cc48e9445-1669023118d694de23-0":{"type":"slider_item","settings":{"background":"shopify:\/\/shop_images\/Interspersed_banner-Recovered_2.png","mb_background":"shopify:\/\/shop_images\/Interspersed_banner-mobile_size_5x3_2.jpg","image_alignment":"center","content_in_container":true,"content_position":"center middle","text_alignment":"center","text_size":"medium","text_color":"black","subheading":"","title":"","description":"","image_link":"","banner_name":"","banner_category":"","banner_offer":"","button_text":"","button_link":"","button_style":"sf__btn-primary","button_size":"","show_footer":false,"footer_alignment":"end","footer_text":"New Collection","footer_button":"Shop Now","footer_link":""}}},"block_order":["template--16646557270245__af213424-5580-4715-a618-0b3cc48e9445-1669023118d694de23-0"],"settings":{"container":"w-full","slideshow_height":"adapt","show_overlay":false,"dots_position":"bottom","dots_color":"dark","show_dots":true,"show_arrows":false,"autorotate":false,"autorotate_speed":5,"use_content_above":false,"custom_class":"kalki"}},"f18e4c2e-ea6c-42a4-8dc8-f7db924fa5ab":{"type":"featured-collection","settings":{"heading":"","subheading":"","description":"","header_alignment":"center","container":"container-fluid","background_color":"rgba(0,0,0,0)","collection":"kalki-vino-3","enable_flashsale":false,"show_countdown":false,"product_to_show":4,"items_per_row":4,"item_gap":30,"pcard_layout":"","pcard_image_ratio":"1\/1","show_vendor":false,"hide_title":false,"enable_slider":false,"show_pagination":false,"show_navigation":false,"button_type":"link","button_text":"","button_style":"sf__btn-primary","button_size":"","infinite_load":false,"max_page_load":3,"use_scroll_mobile":false,"item_gap_mobile":16,"custom_class":""}},"79edd307-371f-4902-be60-33a35631badc":{"type":"slider","blocks":{"template--16646557270245__79edd307-371f-4902-be60-33a35631badc-1669023118d694de23-0":{"type":"slider_item","settings":{"background":"shopify:\/\/shop_images\/Interspersed_banner-Recovered_3.png","mb_background":"shopify:\/\/shop_images\/Interspersed_banner-mobile_size_5x3_3.jpg","image_alignment":"center","content_in_container":true,"content_position":"center middle","text_alignment":"center","text_size":"medium","text_color":"black","subheading":"","title":"","description":"","image_link":"","banner_name":"","banner_category":"","banner_offer":"","button_text":"","button_link":"","button_style":"sf__btn-primary","button_size":"","show_footer":false,"footer_alignment":"end","footer_text":"New Collection","footer_button":"Shop Now","footer_link":""}}},"block_order":["template--16646557270245__79edd307-371f-4902-be60-33a35631badc-1669023118d694de23-0"],"settings":{"container":"w-full","slideshow_height":"adapt","show_overlay":false,"dots_position":"bottom","dots_color":"dark","show_dots":true,"show_arrows":false,"autorotate":false,"autorotate_speed":5,"use_content_above":false,"custom_class":"kalki"}},"f4d7bb9e-63d8-4a82-8f12-611c7e4f08ac":{"type":"featured-collection","settings":{"heading":"","subheading":"","description":"","header_alignment":"center","container":"container-fluid","background_color":"rgba(0,0,0,0)","collection":"kalki-vino-4","enable_flashsale":false,"show_countdown":false,"product_to_show":4,"items_per_row":4,"item_gap":30,"pcard_layout":"","pcard_image_ratio":"1\/1","show_vendor":false,"hide_title":false,"enable_slider":false,"show_pagination":false,"show_navigation":false,"button_type":"link","button_text":"","button_style":"sf__btn-primary","button_size":"","infinite_load":false,"max_page_load":3,"use_scroll_mobile":false,"item_gap_mobile":16,"custom_class":""}},"recent-viewed":{"type":"recent-viewed-products","disabled":true,"settings":{"container":"container","heading":"Recently Viewed Products","limit":8,"columns":4,"column_gap":30,"enable_slider":true}},"f718c1d6-8e06-47e4-836f-7d731ed71663":{"type":"slider","disabled":true,"blocks":{"0f8d0a70-f502-4e24-aa77-b6677b4b8ab4":{"type":"video_slide","settings":{"video":"https:\/\/www.youtube.com\/watch?v=M0cYDYzleUc","content_in_container":false,"content_position":"center middle","text_alignment":"center","text_size":"medium","text_color":"black","subheading":"","title":"","description":"","image_link":"","button_text":"","button_link":"","button_style":"sf__btn-primary","button_size":"","show_footer":false,"footer_alignment":"end","footer_text":"New Collection","footer_button":"Shop Now","footer_link":""}}},"block_order":["0f8d0a70-f502-4e24-aa77-b6677b4b8ab4"],"settings":{"container":"w-full","slideshow_height":"adapt","show_overlay":false,"dots_position":"bottom","dots_color":"dark","show_dots":true,"show_arrows":false,"autorotate":false,"autorotate_speed":5,"use_content_above":false,"custom_class":""}},"ef74b9c8-c023-46c3-985c-4c336b80d889":{"type":"video","settings":{"container":"container-fluid","background_color":"","video_link":"https:\/\/www.youtube.com\/watch?v=M0cYDYzleUc","ratio":"16:9","video_title":"","text_size":"medium","text_color":"white","play_style":"solid","play_size":"medium","width":"800px","autoplay":true,"loop":true,"custom_class":""}},"56a13ea4-0c77-4ef2-81f0-0ad436599ea8":{"type":"slider","blocks":{"template--16646557270245__56a13ea4-0c77-4ef2-81f0-0ad436599ea8-1669190418fd411aa6-0":{"type":"slider_item","settings":{"background":"shopify:\/\/shop_images\/Interspersed_banner-Recovered_4_248f549f-bf73-4dc6-be7e-8bc54c61d6fb.png","mb_background":"shopify:\/\/shop_images\/Interspersed_banner-mobile_size_5x3_4_96400748-3fb1-43a0-850a-beba3b5b46b3.jpg","image_alignment":"center","content_in_container":false,"content_position":"center middle","text_alignment":"center","text_size":"medium","text_color":"black","subheading":"","title":"","description":"","image_link":"","banner_name":"","banner_category":"","banner_offer":"","button_text":"","button_link":"","button_style":"sf__btn-primary","button_size":"","show_footer":false,"footer_alignment":"end","footer_text":"","footer_button":"","footer_link":""}},"template--16646557270245__56a13ea4-0c77-4ef2-81f0-0ad436599ea8-1669190418fd411aa6-1":{"type":"slider_item","disabled":true,"settings":{"image_alignment":"center","content_in_container":false,"content_position":"center middle","text_alignment":"center","text_size":"medium","text_color":"black","subheading":"","title":"New Collection","description":"<p>Tell your campaign through images<\/p>","image_link":"","banner_name":"","banner_category":"","banner_offer":"","button_text":"Shop now","button_link":"","button_style":"sf__btn-primary","button_size":"","show_footer":false,"footer_alignment":"end","footer_text":"New Collection","footer_button":"Shop Now","footer_link":""}},"template--16646557270245__56a13ea4-0c77-4ef2-81f0-0ad436599ea8-1669190418fd411aa6-2":{"type":"slider_item","disabled":true,"settings":{"image_alignment":"center","content_in_container":false,"content_position":"center middle","text_alignment":"center","text_size":"medium","text_color":"black","subheading":"","title":"New Collection","description":"<p>Tell your campaign through images<\/p>","image_link":"","banner_name":"","banner_category":"","banner_offer":"","button_text":"Shop now","button_link":"","button_style":"sf__btn-primary","button_size":"","show_footer":false,"footer_alignment":"end","footer_text":"New Collection","footer_button":"Shop Now","footer_link":""}}},"block_order":["template--16646557270245__56a13ea4-0c77-4ef2-81f0-0ad436599ea8-1669190418fd411aa6-0","template--16646557270245__56a13ea4-0c77-4ef2-81f0-0ad436599ea8-1669190418fd411aa6-1","template--16646557270245__56a13ea4-0c77-4ef2-81f0-0ad436599ea8-1669190418fd411aa6-2"],"settings":{"container":"w-full","slideshow_height":"adapt","show_overlay":false,"dots_position":"bottom","dots_color":"dark","show_dots":true,"show_arrows":false,"autorotate":false,"autorotate_speed":5,"use_content_above":false,"custom_class":"kalki"}}},"order":["5a8aaa18-95dd-40c2-891a-ed122e0e5032","d1de205f-b6fa-49de-a0dc-161554681f12","6e2512c5-c8b7-4479-8498-6665685ce3bb","main","1f979c51-fd18-4e26-b7fa-02219d804acc","collection-header","af213424-5580-4715-a618-0b3cc48e9445","f18e4c2e-ea6c-42a4-8dc8-f7db924fa5ab","79edd307-371f-4902-be60-33a35631badc","f4d7bb9e-63d8-4a82-8f12-611c7e4f08ac","recent-viewed","f718c1d6-8e06-47e4-836f-7d731ed71663","ef74b9c8-c023-46c3-985c-4c336b80d889","56a13ea4-0c77-4ef2-81f0-0ad436599ea8"]}