{"sections":{"main":{"type":"main-product","blocks":{"388503a5-89b5-47fb-9e89-0a96d1d8d5a1":{"type":"custom_liquid","disabled":true,"settings":{"custom_liquid":"<div class=\"B1G1\" style=\"width:20%;\">B1G1<\/div>"}},"6fdcc8bc-3d20-4ef3-975e-f5b408078378":{"type":"badge","settings":{}},"title":{"type":"title","settings":{}},"9254da6c-36a5-481b-967a-e8316a844800":{"type":"text","settings":{"text":"{{ product.metafields.my_fields.after_atc_single_line_text.value }}","text_style":"subtitle"}},"a20214b2-e575-4f81-bc15-48a5a3829364":{"type":"custom_text","disabled":true,"settings":{"content":"<p><strong>Range: <\/strong>{{ product.metafields.my_fields.product_range.value }}<\/p>"}},"72692ee8-3aee-4218-82bb-10d1a44571a6":{"type":"meta","settings":{"show_collections":false,"show_vendor":false,"show_type":false,"show_availability":true,"show_sku":false}},"fc817cd4-5da6-4582-9ea9-f38d291462e4":{"type":"text","settings":{"text":"MRP:","text_style":"uppercase"}},"price":{"type":"price","settings":{"show_saving":true}},"b90547e3-4ff9-4c96-8e29-ba62028f3c33":{"type":"text","settings":{"text":"Inclusive of all taxes.","text_style":"subtitle"}},"f006d778-9a1d-4f2c-8137-aab35ef4ab4f":{"type":"foxkit_countdown_timer","settings":{}},"variant_picker":{"type":"variant_picker","settings":{"size_title":"Style"}},"2a3fe451-4b2e-4cff-85e5-3bc0a34ac193":{"type":"custom_liquid","disabled":true,"settings":{"custom_liquid":"<script>\nasync function fetchAsync () {\npin=document.getElementById(\"pincode\").value;\nif(pin.length!=6){\ndocument.getElementById(\"pinlist\").innerHTML=\"<font color='red'>Please enter correct Pincode<\/font>\";\nreturn;}\n\/\/alert(pin.length);\nurl='https:\/\/staging-admin.discoverpilgrim.com\/rest\/V1\/growisto-pincode\/pincodelist?pincode='+pin;\n  let response = await fetch(url);\n  let data = await response.json();\nconsole.log(data);\nif(data[0].duration){console.log('Data fetched')}\nelse{\ndocument.getElementById(\"pinlist\").innerHTML=\"<font color='red'> Pincode not serviceable<\/font>\";\nreturn;\n};\ntxt='';\ncod='';\nif(data[0].cod==true){\ncod=\"\";\n}\nelse{\ncod=\"\";\n}\nnow = new Date(data[0].duration);\nconsole.log(now);\nvar months = ['January', 'February', 'March', 'April', 'May', 'June', 'July', 'August', 'September', 'October', 'November', 'December'];\nconsole.log(now.getDate(),months[now.getMonth()]);\nedate=now.getDate()+\" \"+months[now.getMonth()];\nconsole.log(edate);\n\ntxt=txt+\"✔️ Delivery to \"+data[0].city+\", India<\/br>\";\ntxt=txt+\"📅 Get Delivery By <font color='green'> \"+edate+\"<\/font><\/br>\";\ntxt=txt+\" <font color='green'> \"+cod+\"<\/font><\/br>\";\n\n\ndocument.getElementById(\"pinlist\").innerHTML=txt;\n}\n<\/script>\n<input type=\"text\" id=\"pincode\" class=\"form-control\" placeholder=\"Enter Pincode\" maxlength=\"6\"><button type=\"button\" onclick=\"fetchAsync();\" name=\"add\" class=\"delivery-check-button\">\n <span>Check<br><\/span>\n<\/button>\n<p style=\"font-size:16px;color:#888888;\" id=\"pinlist\"><\/p>"}},"69c66ebd-3bef-4c30-8100-5a4d3ec72fe7":{"type":"custom_text","settings":{"content":"<p><strong>Suitable for: <\/strong>{{ product.metafields.my_fields.rich_text_skin_type_batc.value }}<strong> <br\/><\/strong>{{ product.metafields.my_fields.product_size.value }}<\/p>"}},"96e0d497-691e-47b4-9bb9-77c4efa475c2":{"type":"custom_text","disabled":true,"settings":{"content":"<p><strong>Size: <\/strong>{{ product.metafields.my_fields.product_size.value }}<\/p>"}},"59a28a0b-8f3a-4f74-8dbc-253db809c3bc":{"type":"custom_text","disabled":true,"settings":{"content":"<p><strong>Limited Period Offer:<\/strong><\/p><p><strong>Buy 2 Get 2 Free<\/strong> | Add 4 to Cart to get 2 of them free. <\/p><p>Shop skincare worth ₹2999 to get a <strong>FREE Pilgrim Vanity Bag<\/strong>. <\/p>"}},"ed6a5f5a-6faa-419f-a05d-b41cb8c3f7f8":{"type":"text","disabled":true,"settings":{"text":"{{ product.metafields.my_fields.after_atc_long_text | metafield_text }}","text_style":"body"}},"d35a65db-29b2-4f88-9303-213016244070":{"type":"foxkit_stock_countdown","settings":{}},"buy_buttons":{"type":"buy_buttons","settings":{"show_quantity_selector":false,"show_atc_button":true,"show_dynamic_checkout":false}},"85665f30-103d-4fba-891a-cb651ef3829f":{"type":"image","settings":{"image":"shopify:\/\/shop_images\/Advanced-Hair-Growth-Serum-Trust-Badges-800.jpg","image_link":"","image_width":100,"image_alignment":"start"}},"3c252586-d180-470f-bc03-521a714f69e4":{"type":"image","disabled":true,"settings":{"image":"shopify:\/\/shop_images\/mobileBanner.png","image_link":"","image_width":100,"image_alignment":"center"}},"38e7d337-e4ba-495f-9b6a-d96e01e39337":{"type":"custom_liquid","disabled":true,"settings":{"custom_liquid":"<div id=\"razorpay-affordability-widget\"> <\/div>\n<div><\/div>\n<script>\nconst key = \"rzp_live_x69ujJvrmmHsh2\";\nconst amount = {{ product.price }};\n\nwindow.onload = function() {\n const widgetConfig = {\n\t\"key\": key,\n\t\"amount\": amount,\n };\n const rzpAffordabilitySuite = new RazorpayAffordabilitySuite(widgetConfig);\n rzpAffordabilitySuite.render();\n}\n<\/script>"}}},"block_order":["388503a5-89b5-47fb-9e89-0a96d1d8d5a1","6fdcc8bc-3d20-4ef3-975e-f5b408078378","title","9254da6c-36a5-481b-967a-e8316a844800","a20214b2-e575-4f81-bc15-48a5a3829364","72692ee8-3aee-4218-82bb-10d1a44571a6","fc817cd4-5da6-4582-9ea9-f38d291462e4","price","b90547e3-4ff9-4c96-8e29-ba62028f3c33","f006d778-9a1d-4f2c-8137-aab35ef4ab4f","variant_picker","2a3fe451-4b2e-4cff-85e5-3bc0a34ac193","69c66ebd-3bef-4c30-8100-5a4d3ec72fe7","96e0d497-691e-47b4-9bb9-77c4efa475c2","59a28a0b-8f3a-4f74-8dbc-253db809c3bc","ed6a5f5a-6faa-419f-a05d-b41cb8c3f7f8","d35a65db-29b2-4f88-9303-213016244070","buy_buttons","85665f30-103d-4fba-891a-cb651ef3829f","3c252586-d180-470f-bc03-521a714f69e4","38e7d337-e4ba-495f-9b6a-d96e01e39337"],"settings":{"container":"container","layout":"layout-4","show_atwl":false,"enable_history_state":true,"show_zoom_button":true,"enable_video_autoplay":false,"show_nav_media_mobile":true,"show_pagination_mobile":false,"use_sticky_atc":true,"use_sticky_atc_on_mobile":true,"enable_dynamic_checkout":false,"sticky_atc_wishtlist":false,"sticky_atc_compare":false}},"fec15757-b83b-470d-a60f-4b4b46d749cc":{"type":"slider","disabled":true,"blocks":{"template--16664983830757__fec15757-b83b-470d-a60f-4b4b46d749cc-1670927423c09afdb6-0":{"type":"slider_item","settings":{"background":"shopify:\/\/shop_images\/Advanced-Hair-Growth-Serum-Trust-Badges-800.jpg","mb_background":"shopify:\/\/shop_images\/Advanced-Hair-Growth-Serum-Trust-Badges-800.jpg","image_alignment":"center","content_in_container":false,"content_position":"center middle","text_alignment":"center","text_size":"medium","text_color":"black","subheading":"","title":"","description":"","image_link":"","banner_name":"","banner_category":"","banner_offer":"","button_text":"","button_link":"","button_style":"sf__btn-primary","button_size":"","show_footer":false,"footer_alignment":"end","footer_text":"New Collection","footer_button":"Shop Now","footer_link":""}}},"block_order":["template--16664983830757__fec15757-b83b-470d-a60f-4b4b46d749cc-1670927423c09afdb6-0"],"settings":{"container":"w-full","slideshow_height":"adapt","show_overlay":false,"dots_position":"bottom","dots_color":"dark","show_dots":true,"show_arrows":false,"autorotate":false,"autorotate_speed":5,"use_content_above":false,"custom_class":""}},"c024180b-8e16-4e79-b621-287a13e2e5fb":{"type":"collapsible-tabs","blocks":{"template--16664983830757__c024180b-8e16-4e79-b621-287a13e2e5fb-1670931007d585673a-0":{"type":"item","settings":{"header":"How does it work?","content":"<p>Advanced Hair Growth Serum is a concentrated serum with Global Award winning Dual technologies of Redensyl and AnaGain at the maximal dosage strength of 3% and 4% respectively, making it the best-in-class hair serum for hair loss in men and women. An ultra-light, water-based formula that absorbs easily is enriched with pro-vitamin B5\/ Panthenol for soothing hydration of the scalp.<\/p><p>This plant-based, vegan, cruelty-free, and gluten-free hair loss serum can be used daily for promoting new hair growth and reducing hair fall for visibly denser, fuller thicker hair in just three months.<\/p>","content_page":"","open":false}},"template--16664983830757__c024180b-8e16-4e79-b621-287a13e2e5fb-1670931007d585673a-1":{"type":"item","settings":{"header":"For whom?","content":"<p>Anyone experiencing<\/p><ul><li><strong>Hair Loss<\/strong><\/li><li><strong>Hair thinning<\/strong><\/li><li><strong>Loss of Hair Volume<\/strong><\/li><\/ul>","content_page":"","open":false}},"b1e3bcc5-2014-49e6-9fac-dddef919300e":{"type":"item","settings":{"header":"How to use?","content":"<p>1. <strong>Use once daily<\/strong>. Ideally 1-2 hrs before going to bed.<\/p><p>2. Take a generous amount of hair growth serum and apply it to a <strong>clean, dry scalp<\/strong>. Focus on areas where there is hair loss.<\/p><p>3. <strong>Massage the serum<\/strong> well into the scalp using your fingertips for <strong>1-2 minutes<\/strong> for enhanced absorption.<\/p><p>4. This is a <strong>water-based leave-on\/ in formula<\/strong>. Scalp or hair should not be washed after application. <strong>Leave overnight for best results.<\/strong><\/p>","content_page":"","open":false}}},"block_order":["template--16664983830757__c024180b-8e16-4e79-b621-287a13e2e5fb-1670931007d585673a-0","template--16664983830757__c024180b-8e16-4e79-b621-287a13e2e5fb-1670931007d585673a-1","b1e3bcc5-2014-49e6-9fac-dddef919300e"],"settings":{"container":"container"}},"165233526202ef3ffb":{"type":"brands-list","disabled":true,"blocks":{"16523352625088d8c4-0":{"type":"image","settings":{"image_by_url":"{{ product.metafields.my_fields.ingredients1_url.value }}","image_link":"","max_width":"350px"}},"16523352625088d8c4-1":{"type":"image","settings":{"image_by_url":"{{ product.metafields.my_fields.ingredients2_url.value }}","image_link":"","max_width":"350px"}},"16523352625088d8c4-2":{"type":"image","settings":{"image_by_url":"{{ product.metafields.my_fields.ingredients3_url.value }}","image_link":"","max_width":"350px"}}},"block_order":["16523352625088d8c4-0","16523352625088d8c4-1","16523352625088d8c4-2"],"settings":{"heading":"Powered By Breakthrough Ingredients","subheading":"","header_alignment":"center","container":"container","background_color":"rgba(0,0,0,0)","item_per_row":3,"enable_slider":true,"autorotate":true,"autorotate_speed":3,"custom_class":""}},"1662813704875e4cfe":{"type":"custom-content","blocks":{"1662813704ff7a8b8f-0":{"type":"text","settings":{"title":"","subheading":"","text":"<p><strong>RedensylTM (Givaudan<\/strong>)<\/p><p>The ultimate catalyst for hair growth that improves hair growth by reactivating hair follicle stem cells. <\/p><p>Proven and backed by Science and controlled clinical studies, redensyl is fast emerging as a natural alternative to drugs like Minoxidil and Fenastride and procedures like Hair Transplants. Certain studies have indicated the gain of up to 25,800 new hair* over a 3-month study period with consistent use.<\/p>","width":"50%","alignment":"center","align_text":"left","text_size":"medium","text_color":"black","button_label":"","button_link":"","button_style":"sf__btn-primary","button_size":"","block_custom_class":""}},"0b1bb6b5-7d7c-40ae-9859-eeab1a056156":{"type":"image","settings":{"image":"shopify:\/\/shop_images\/7.png","link":"","width":"50%","alignment":"center","block_custom_class":""}},"d919f027-f207-4b32-843c-1620d2d0bec3":{"type":"text","settings":{"title":"","subheading":"","text":"<p><strong>AnaGainTM (Mibelle Biochemistry)<\/strong><\/p><p>Rebalancing the Hair Life Cycle with an Organic Pea Sprout Extract, AnaGainTM stops hair loss by causing dermal papilla cells to reactivate.<\/p><p>Unbalanced hair growth cycles are associated with hair loss. According to clinical research, AnaGainTM activates signal molecules in the dermal papilla. These signal molecules kickstart the hair growth in the follicle.<\/p>","width":"50%","alignment":"center","align_text":"left","text_size":"medium","text_color":"black","button_label":"","button_link":"","button_style":"sf__btn-primary","button_size":"","block_custom_class":""}},"55e2aa4e-9e6f-4a80-ac7b-889b3294dbae":{"type":"image","settings":{"image":"shopify:\/\/shop_images\/4.png","link":"","width":"50%","alignment":"center","block_custom_class":""}}},"block_order":["1662813704ff7a8b8f-0","0b1bb6b5-7d7c-40ae-9859-eeab1a056156","d919f027-f207-4b32-843c-1620d2d0bec3","55e2aa4e-9e6f-4a80-ac7b-889b3294dbae"],"settings":{"heading":"Powerful Ingredients","subheading":"","description":"","header_alignment":"center","container":"container-fluid","background_color":"","gap":30,"use_scroll_mobile":false,"gap_mobile":16,"custom_class":""}},"8831dd51-1d3c-4b5b-85c6-71b9034ff209":{"type":"custom-content","blocks":{"template--16664983830757__8831dd51-1d3c-4b5b-85c6-71b9034ff209-1670926499e6119b57-0":{"type":"text","disabled":true,"settings":{"title":"","subheading":"","text":"<p>Anyone experiencing <\/p><ul><li>Hair Loss<\/li><li>Hair thinning<\/li><li>Loss of Hair Volume<\/li><\/ul>","width":"50%","alignment":"center","align_text":"left","text_size":"medium","text_color":"black","button_label":"","button_link":"","button_style":"sf__btn-primary","button_size":"","block_custom_class":""}}},"block_order":["template--16664983830757__8831dd51-1d3c-4b5b-85c6-71b9034ff209-1670926499e6119b57-0"],"settings":{"heading":"Looking for Specific Info?","subheading":"","description":"Customer Questions, Reviews","header_alignment":"center","container":"container-fluid","background_color":"","gap":30,"use_scroll_mobile":false,"gap_mobile":16,"custom_class":""}},"e18cba7b-7250-4494-ba33-495520e07370":{"type":"collapsible-tabs","blocks":{"template--16664983830757__e18cba7b-7250-4494-ba33-495520e07370-167093179752b6efce-0":{"type":"item","settings":{"header":"I am a man in my 30s and my hair have fallen off from top of head and back. Will this help?","content":"<p>Yes, this is a hair growth serum for men and women that can help with hair loss. (Will write more)<\/p>","content_page":"","open":false}},"template--16664983830757__e18cba7b-7250-4494-ba33-495520e07370-167093179752b6efce-1":{"type":"item","settings":{"header":"I am a man in my 30s and my hair have fallen off from top of head and back. Will this help?","content":"<p>Yes, this is a hair growth serum for men and women that can help with hair loss. (Will write more)<\/p>","content_page":"","open":false}},"a979e5e3-ce81-4432-b1f9-e4c8ca749510":{"type":"item","settings":{"header":"I am a man in my 30s and my hair have fallen off from top of head and back. Will this help?","content":"<p>Shipping cost is based on weight. Just add products to your cart and use the Shipping Calculator to see the shipping price.<\/p><p>We want you to be 100% satisfied with your purchase. Items can be returned or exchanged within 30 days of delivery.<\/p>","content_page":"","open":false}},"09341316-2150-414d-ba57-d85664d9949b":{"type":"item","settings":{"header":"I am a man in my 30s and my hair have fallen off from top of head and back. Will this help?","content":"<p>Shipping cost is based on weight. Just add products to your cart and use the Shipping Calculator to see the shipping price.<\/p><p>We want you to be 100% satisfied with your purchase. Items can be returned or exchanged within 30 days of delivery.<\/p>","content_page":"","open":false}},"909a1272-4e80-4bca-a5cb-3873a9fea3d8":{"type":"item","settings":{"header":"I am a man in my 30s and my hair have fallen off from top of head and back. Will this help?","content":"<p>Shipping cost is based on weight. Just add products to your cart and use the Shipping Calculator to see the shipping price.<\/p><p>We want you to be 100% satisfied with your purchase. Items can be returned or exchanged within 30 days of delivery.<\/p>","content_page":"","open":false}}},"block_order":["template--16664983830757__e18cba7b-7250-4494-ba33-495520e07370-167093179752b6efce-0","template--16664983830757__e18cba7b-7250-4494-ba33-495520e07370-167093179752b6efce-1","a979e5e3-ce81-4432-b1f9-e4c8ca749510","09341316-2150-414d-ba57-d85664d9949b","909a1272-4e80-4bca-a5cb-3873a9fea3d8"],"settings":{"container":"container"}},"c0b7e9e2-ae57-4ba2-b0e7-33a9160d36ca":{"type":"custom-content","blocks":{"template--16664983830757__c0b7e9e2-ae57-4ba2-b0e7-33a9160d36ca-1670926499e6119b57-0":{"type":"text","settings":{"title":"What does it do?","subheading":"","text":"<p>Losing more than 50-100 day hair per day can lead to hair loss. It can be due to many factors like hereditary (Androgentic alopecia), nutritional deficiencies, hormonal, or even ceratin hairstyles (Traction alopecia) and medications. Redensyl and AnaGain are hair growth galvanizers that can help in reversing and arresting this loss of hair.<\/p>","width":"50%","alignment":"center","align_text":"left","text_size":"medium","text_color":"black","button_label":"","button_link":"","button_style":"sf__btn-primary","button_size":"","block_custom_class":""}},"template--16664983830757__c0b7e9e2-ae57-4ba2-b0e7-33a9160d36ca-1670926499e6119b57-1":{"type":"image","settings":{"image":"shopify:\/\/shop_images\/2.png","link":"","width":"50%","alignment":"center","block_custom_class":""}},"c266d0a0-ef41-4b31-8893-67ea57d560cd":{"type":"text","settings":{"title":"","subheading":"","text":"","width":"50%","alignment":"center","align_text":"left","text_size":"medium","text_color":"black","button_label":"","button_link":"","button_style":"sf__btn-primary","button_size":"","block_custom_class":""}},"eee355b7-a862-4d8b-9023-e38f8897f653":{"type":"text","settings":{"title":"What it can't do?","subheading":"","text":"<p>Revive dead or lost hair follicles<\/p><p>Instantly stop hair loss<\/p>","width":"50%","alignment":"center","align_text":"left","text_size":"medium","text_color":"black","button_label":"","button_link":"","button_style":"sf__btn-primary","button_size":"","block_custom_class":""}}},"block_order":["template--16664983830757__c0b7e9e2-ae57-4ba2-b0e7-33a9160d36ca-1670926499e6119b57-0","template--16664983830757__c0b7e9e2-ae57-4ba2-b0e7-33a9160d36ca-1670926499e6119b57-1","c266d0a0-ef41-4b31-8893-67ea57d560cd","eee355b7-a862-4d8b-9023-e38f8897f653"],"settings":{"heading":"","subheading":"","description":"","header_alignment":"center","container":"container-fluid","background_color":"","gap":30,"use_scroll_mobile":false,"gap_mobile":16,"custom_class":""}},"a3196013-7821-42a7-91c9-8700e9ff6b3d":{"type":"custom-content","blocks":{"template--16664983830757__a3196013-7821-42a7-91c9-8700e9ff6b3d-1670926499e6119b57-0":{"type":"text","settings":{"title":"How can it be used?","subheading":"","text":"<p>All over the head for an overall increase in hair density and volume<\/p><p>As a spot treatment (Receding hair line and bald patches)<\/p>","width":"50%","alignment":"center","align_text":"left","text_size":"medium","text_color":"black","button_label":"","button_link":"","button_style":"sf__btn-primary","button_size":"","block_custom_class":""}},"template--16664983830757__a3196013-7821-42a7-91c9-8700e9ff6b3d-1670926499e6119b57-1":{"type":"image","disabled":true,"settings":{"link":"","width":"50%","alignment":"center","block_custom_class":""}}},"block_order":["template--16664983830757__a3196013-7821-42a7-91c9-8700e9ff6b3d-1670926499e6119b57-0","template--16664983830757__a3196013-7821-42a7-91c9-8700e9ff6b3d-1670926499e6119b57-1"],"settings":{"heading":"","subheading":"","description":"","header_alignment":"center","container":"container-fluid","background_color":"","gap":30,"use_scroll_mobile":false,"gap_mobile":16,"custom_class":""}},"96c240a8-bdf7-4021-aa8f-3608ce01141a":{"type":"custom-content","blocks":{"template--16664983830757__96c240a8-bdf7-4021-aa8f-3608ce01141a-1670926499e6119b57-1":{"type":"image","settings":{"image":"shopify:\/\/shop_images\/day_1_to_90_img.png","link":"","width":"50%","alignment":"center","block_custom_class":""}},"template--16664983830757__96c240a8-bdf7-4021-aa8f-3608ce01141a-1670926499e6119b57-0":{"type":"text","settings":{"title":"5 Essential hair-growth Guidelines","subheading":"","text":"<p><strong>#1<\/strong> Time is of the essence: 84 days of consistent use for visible results<\/p><p><strong>#2<\/strong> Evidence is in the science and numbers: Claims backed by Clinical studies<\/p><p><strong>#3<\/strong> Instant result promises are not true: Regrowing hair biologically takes time<\/p><p><strong>#4 <\/strong>Dosage of Actives matter: 3% Redensyl and 4% AnaGain are the highest dosage strength on which clinical studies have shown results<\/p><p><strong>#5<\/strong>  Award-winning ingredients from Europe: Because you deserve the best!<\/p>","width":"50%","alignment":"center","align_text":"left","text_size":"medium","text_color":"black","button_label":"","button_link":"","button_style":"sf__btn-primary","button_size":"","block_custom_class":""}},"5f413d1d-6777-4c40-ab9f-f951ade644b1":{"type":"text","settings":{"title":"What it doesn't have?","subheading":"","text":"<p>It's a concentrated formula that is free of (Selective list of toxic 20) and is vegan, gluten-free, and cruelty-free with less than 1% fragrance.<\/p>","width":"50%","alignment":"center","align_text":"left","text_size":"medium","text_color":"black","button_label":"","button_link":"","button_style":"sf__btn-primary","button_size":"","block_custom_class":""}},"1db9d056-2fa5-4689-9478-1c378490160d":{"type":"text","settings":{"title":"Redensyl Vs Minoxidil","subheading":"","text":"","width":"50%","alignment":"center","align_text":"center","text_size":"medium","text_color":"black","button_label":"","button_link":"","button_style":"sf__btn-primary","button_size":"","block_custom_class":""}},"f263d7aa-eb56-4fef-a24e-fe824b6ac3b1":{"type":"image","settings":{"image":"shopify:\/\/shop_images\/Minoxidil_vs_Redensyl_2.2.png","link":"","width":"50%","alignment":"center","block_custom_class":""}},"343160b8-9322-4c68-81be-3fe0d2932457":{"type":"image","settings":{"image":"shopify:\/\/shop_images\/hair_transplant.png","link":"","width":"50%","alignment":"center","block_custom_class":""}},"a313acfe-97fb-4740-a03f-96145c6b68f9":{"type":"image","settings":{"image":"shopify:\/\/shop_images\/better_than_other_Brands.png","link":"","width":"50%","alignment":"center","block_custom_class":""}}},"block_order":["template--16664983830757__96c240a8-bdf7-4021-aa8f-3608ce01141a-1670926499e6119b57-1","template--16664983830757__96c240a8-bdf7-4021-aa8f-3608ce01141a-1670926499e6119b57-0","5f413d1d-6777-4c40-ab9f-f951ade644b1","1db9d056-2fa5-4689-9478-1c378490160d","f263d7aa-eb56-4fef-a24e-fe824b6ac3b1","343160b8-9322-4c68-81be-3fe0d2932457","a313acfe-97fb-4740-a03f-96145c6b68f9"],"settings":{"heading":"","subheading":"","description":"","header_alignment":"center","container":"container-fluid","background_color":"","gap":30,"use_scroll_mobile":false,"gap_mobile":16,"custom_class":""}},"164915271427f815ac":{"type":"brands-list","disabled":true,"blocks":{"16491527141a61a323-0":{"type":"image","settings":{"image_by_url":"{{ product.metafields.my_fields.test_benefit_url.value }}","image_link":"","max_width":""}},"16491527141a61a323-1":{"type":"image","settings":{"image_by_url":"{{ product.metafields.my_fields.after_atc_benefit2_url.value }}","image_link":"","max_width":""}},"16491527141a61a323-2":{"type":"image","settings":{"image_by_url":"{{ product.metafields.my_fields.after_atc_benefit3_url.value }}","image_link":"","max_width":""}}},"block_order":["16491527141a61a323-0","16491527141a61a323-1","16491527141a61a323-2"],"settings":{"heading":"","subheading":"","header_alignment":"center","container":"container","background_color":"rgba(0,0,0,0)","item_per_row":3,"enable_slider":true,"autorotate":false,"autorotate_speed":4,"custom_class":""}},"16494867301842afff":{"type":"collapsible-tabs","disabled":true,"blocks":{"16494867307dbee142-0":{"type":"item","settings":{"header":"See All Ingredients","content":"<p>{{ product.metafields.my_fields.after_atc_test_ingrdients.value }}<\/p>","content_page":"","open":false}}},"block_order":["16494867307dbee142-0"],"settings":{"container":"container-narrow"}},"166359462697be1e51":{"type":"slider","disabled":true,"blocks":{"1663594625190209cf-0":{"type":"slider_item","settings":{"background":"{{ product.metafields.custom.percentage_wheel_img_file.value }}","mb_background":"{{ product.metafields.custom.percentage_wheel_img_file.value }}","image_alignment":"center","content_in_container":false,"content_position":"center middle","text_alignment":"center","text_size":"medium","text_color":"black","subheading":"","title":"","description":"","image_link":"","banner_name":"","banner_category":"","banner_offer":"","button_text":"","button_link":"","button_style":"sf__btn-primary","button_size":"","show_footer":false,"footer_alignment":"end","footer_text":"New Collection","footer_button":"Shop Now","footer_link":""}}},"block_order":["1663594625190209cf-0"],"settings":{"container":"w-full","slideshow_height":"adapt","show_overlay":false,"dots_position":"bottom","dots_color":"dark","show_dots":true,"show_arrows":false,"autorotate":false,"autorotate_speed":5,"use_content_above":false,"custom_class":""}},"1662814976595b997b":{"type":"custom-liquid","disabled":true,"settings":{"custom_liquid":"{{ product.metafields.my_fields.product_percentage_wheel.value }}","custom_class":"container"}},"1662802383cd7a3a34":{"type":"custom-content","disabled":true,"blocks":{"61e87804-6787-488f-b13a-a79739e9aaed":{"type":"text","settings":{"title":"","subheading":"","text":"<p><strong>Targets Concerns Such As:<\/strong><\/p><p>{{ product.metafields.custom.target_skin_concerns.value }}<\/p>","width":"50%","alignment":"center","align_text":"left","text_size":"medium","text_color":"black","button_label":"","button_link":"","button_style":"sf__btn-primary","button_size":"","block_custom_class":""}},"9287a4d8-eb40-4ae1-8d72-8f5f51e976db":{"type":"text","settings":{"title":"","subheading":"","text":"<p><strong>SAFETY:<\/strong> {{ product.metafields.custom.product_safety_instructions | metafield_tag }}<\/p>","width":"50%","alignment":"center","align_text":"left","text_size":"medium","text_color":"black","button_label":"","button_link":"","button_style":"sf__btn-primary","button_size":"","block_custom_class":""}},"f565c691-3211-4964-ae32-8c7e0db51740":{"type":"product_form","settings":{"product":"{{ product.metafields.custom.same_product_atc_button.value }}","show_quantity_selector":false,"show_vendor":false,"show_price":true,"show_add_to_cart":true,"show_product_review":false,"enable_payment_button":false,"width":"50%","alignment":"center","block_custom_class":""}},"9a1ebb29-4bdb-4fca-be81-381452428263":{"type":"text","settings":{"title":"","subheading":"","text":"<p><strong>Consumer study results:<\/strong><\/p><p>{{ product.metafields.custom.consumer_claims.value }}<\/p>","width":"50%","alignment":"center","align_text":"left","text_size":"medium","text_color":"black","button_label":"","button_link":"","button_style":"sf__btn-primary","button_size":"","block_custom_class":""}},"1a546d40-6814-4dac-ae24-78bedf8fab7e":{"type":"text","settings":{"title":"","subheading":"","text":"<p><strong>How To Use:<\/strong><\/p><p>{{ product.metafields.my_fields.how_to_use | metafield_tag }}<\/p>","width":"50%","alignment":"center","align_text":"left","text_size":"medium","text_color":"black","button_label":"","button_link":"","button_style":"sf__btn-primary","button_size":"","block_custom_class":""}},"fe08d60c-17cb-4953-b388-340323c7e2bf":{"type":"image","settings":{"image":"{{ product.metafields.custom.when_to_use_img_file.value }}","link":"","width":"50%","alignment":"center","block_custom_class":""}},"16628023831eed3198-0":{"type":"text","disabled":true,"settings":{"title":"","subheading":"","text":"<p><strong>Targets Skin Concerns Such As: <\/strong>Dull Skin ·Uneven Skin Tone & Texture · Hyperpigmentation  · Dark Spots · Fine Lines \/ Wrinkles<\/p>","width":"50%","alignment":"center","align_text":"left","text_size":"medium","text_color":"black","button_label":"","button_link":"","button_style":"sf__btn-primary","button_size":"","block_custom_class":""}},"30ab004f-09c1-46c3-a206-d58c6642eac6":{"type":"text","disabled":true,"settings":{"title":"","subheading":"","text":"<p><strong>pH:<\/strong> 3.8 - 4.0<\/p>","width":"50%","alignment":"center","align_text":"left","text_size":"medium","text_color":"black","button_label":"","button_link":"","button_style":"sf__btn-primary","button_size":"","block_custom_class":""}},"b327e243-af04-42ea-9ece-53485c6d9f49":{"type":"text","disabled":true,"settings":{"title":"","subheading":"","text":"<p><strong>SAFETY: <\/strong>WASH OFF WITHIN 10 MINS. Patch test is advised. Avoid applying to eye area and on wet skin. May experience <em>tingling<\/em>. Discontinue use if irritation persists. During daytime, use SPF 30+ while using this product. Not recommended for sensitive, very dry, compromised and peeling skin. <\/p>","width":"50%","alignment":"center","align_text":"left","text_size":"medium","text_color":"black","button_label":"","button_link":"","button_style":"sf__btn-primary","button_size":"","block_custom_class":""}},"70307ca9-f0bc-4827-a0a4-0a75cb71742c":{"type":"text","disabled":true,"settings":{"title":"","subheading":"","text":"<p><strong>Consumer study results:<br\/><\/strong><\/p><p><strong>90% <\/strong>said skin was brighter in 2 applications.<\/p><p><strong>91% <\/strong>saw reduction in skin blemishes and spots after 6 applications.<\/p><p><strong>86% <\/strong>confirmed visibly smaller pores in 4 applications.<\/p>","width":"50%","alignment":"center","align_text":"left","text_size":"medium","text_color":"black","button_label":"","button_link":"","button_style":"sf__btn-primary","button_size":"","block_custom_class":""}},"4c64777c-141d-435f-b3df-5fc55082a193":{"type":"html","settings":{"code":"","width":"50%","block_custom_class":""}}},"block_order":["61e87804-6787-488f-b13a-a79739e9aaed","9287a4d8-eb40-4ae1-8d72-8f5f51e976db","f565c691-3211-4964-ae32-8c7e0db51740","9a1ebb29-4bdb-4fca-be81-381452428263","1a546d40-6814-4dac-ae24-78bedf8fab7e","fe08d60c-17cb-4953-b388-340323c7e2bf","16628023831eed3198-0","30ab004f-09c1-46c3-a206-d58c6642eac6","b327e243-af04-42ea-9ece-53485c6d9f49","70307ca9-f0bc-4827-a0a4-0a75cb71742c","4c64777c-141d-435f-b3df-5fc55082a193"],"settings":{"heading":"","subheading":"","description":"","header_alignment":"center","container":"container-fluid","background_color":"","gap":30,"use_scroll_mobile":false,"gap_mobile":16,"custom_class":""}},"1662981384fd879096":{"type":"new-featured-product","disabled":true,"blocks":{"1662981384431571e0-1":{"type":"price","settings":{}},"1662981384431571e0-0":{"type":"title","settings":{}},"1662981384431571e0-2":{"type":"variant_picker","disabled":true,"settings":{}},"50985ba9-1026-43b1-ac13-3385de5f14c5":{"type":"custom_text","settings":{"content":"<p>{{ section.settings.featured_product.metafields.custom.ritual_contains | metafield_tag }}<\/p>"}},"1662981384431571e0-3":{"type":"buy_buttons","settings":{"show_quantity_selector":false,"show_atc_button":true,"show_dynamic_checkout":false}}},"block_order":["1662981384431571e0-1","1662981384431571e0-0","1662981384431571e0-2","50985ba9-1026-43b1-ac13-3385de5f14c5","1662981384431571e0-3"],"settings":{"container":"container","background_color":"#fff7e5","featured_product":"{{ product.metafields.custom.featured_product_final.value }}","column_gap":100,"column_gap_mobile":30,"image_placement":"left","custom_class":""}},"1648124814f79336e0":{"type":"collection-list","disabled":true,"blocks":{"16481248138709d903-0":{"type":"collection_block","settings":{"collection":"","title":"Step 1","item_image":"shopify:\/\/shop_images\/LANEIGE_WSM_HowToUse_242x242-1alt_240x240_crop_center_ada43e4e-2300-4787-a9e1-78ef28bedea0.gif"}},"16481248138709d903-1":{"type":"collection_block","settings":{"collection":"","title":"Step 2","item_image":"shopify:\/\/shop_images\/LANEIGE_WSM_HowToUse_242x242-2_240x240_crop_center_1d71a59e-dc60-4938-976d-91148b105b35.gif"}},"16481248138709d903-2":{"type":"collection_block","settings":{"collection":"","title":"Step 3","item_image":"shopify:\/\/shop_images\/LANEIGE_WSM_HowToUse_242x242-3_240x240_crop_center_d27e728c-84f6-4a19-9fd6-be09be96766d.gif"}}},"block_order":["16481248138709d903-0","16481248138709d903-1","16481248138709d903-2"],"settings":{"heading":"How to use?","subheading":"","description":"","header_alignment":"center","container":"container-fluid","background_color":"","layout":"grid","card_style":"standard","text_alignment":"left","hover_effect":"scaling-down","show_product_count":true,"count_inline_title":true,"image_rounded":false,"items_per_row":3,"item_gap":30,"enable_slider":true,"show_pagination":false,"show_navigation":false,"autorotate":false,"autorotate_speed":5,"use_scroll_mobile":true,"mobile_gap":26,"hidden_slide_control_mobile":false,"custom_class":""}},"16603138547230ec98":{"type":"image-with-text-2","disabled":true,"settings":{"container":"w-full","hero_size":"adapt","show_overlay":false,"image":"shopify:\/\/shop_images\/desktop-pdp-pilgrim-code_2.png","bg_position":"center","image_link":"","parallax":false,"content_in_container":false,"content_position":"center middle","text_alignment":"center","text_size":"medium","text_color":"white","title":"","subtitle":"","text":"","button_label":"","button_link":"","button_style":"sf__btn-primary","button_size":"","mb_image":"shopify:\/\/shop_images\/pdp-pilgrim-code-mobile-1_2.png","use_content_above":false,"custom_class":""}},"1650100479e3b0d30f":{"type":"apps","blocks":{"ab29edfc-7cf1-483e-9317-54020e9f736c":{"type":"shopify:\/\/apps\/judge-me-product-reviews\/blocks\/review_widget\/61ccd3b1-a9f2-4160-9fe9-4fec8413e5d8","settings":{}}},"block_order":["ab29edfc-7cf1-483e-9317-54020e9f736c"],"settings":{"heading":"","subheading":"","header_alignment":"center","container":"container","background_color":"","custom_class":""}},"1651576694774d624e":{"type":"collapsible-tabs","blocks":{"16515766949eabb77e-0":{"type":"item","settings":{"header":"Additional Information","content":"<p>{{ product.metafields.my_fields.additional_information | metafield_tag }}<\/p>","content_page":"","open":false}},"16515766949eabb77e-1":{"type":"item","disabled":true,"settings":{"header":"How to Use","content":"<p>{{ product.metafields.my_fields.how_to_use | metafield_tag }}<\/p>","content_page":"","open":true}},"38f9beb2-573f-4112-b464-81ea872eff23":{"type":"liquid","disabled":true,"settings":{"header":"{{ product.metafields.my_fields.product_range.value }}","custom_liquid":"{{ product.metafields.my_fields.faq_products.value }}"}}},"block_order":["16515766949eabb77e-0","16515766949eabb77e-1","38f9beb2-573f-4112-b464-81ea872eff23"],"settings":{"container":"container-narrow"}},"1651935717456da1da":{"type":"custom-content","blocks":{"1651935716b1cc0b7b-0":{"type":"text","settings":{"title":"","subheading":"","text":"","width":"50%","alignment":"center","align_text":"left","text_size":"medium","text_color":"black","button_label":"","button_link":"","button_style":"sf__btn-primary","button_size":"","block_custom_class":"faq-header"}}},"block_order":["1651935716b1cc0b7b-0"],"settings":{"heading":"Frequently Asked","subheading":"","description":"","header_alignment":"center","container":"w-full","background_color":"","gap":30,"use_scroll_mobile":false,"gap_mobile":16,"custom_class":""}},"1651929136acb2fa69":{"type":"collapsible-tabs","blocks":{"16519291366d4bcadb-0":{"type":"item","settings":{"header":"• {{ product.metafields.my_fields.question1.value }}","content":"<p>» {{ product.metafields.my_fields.answer1 | metafield_tag }}<\/p>","content_page":"","open":false}},"16519291366d4bcadb-1":{"type":"item","settings":{"header":"• {{ product.metafields.my_fields.question2.value }}","content":"<p>» {{ product.metafields.my_fields.answer2 | metafield_tag }}<\/p>","content_page":"","open":false}},"98ffb8ef-7cdf-4787-bf8e-ef73a005dfc3":{"type":"item","settings":{"header":"• {{ product.metafields.my_fields.question3.value }}","content":"<p>» {{ product.metafields.my_fields.answer3 | metafield_tag }}<\/p>","content_page":"","open":false}},"961cea91-f9cb-4d3a-a1bc-0ace5e6ae223":{"type":"item","settings":{"header":"• {{ product.metafields.my_fields.question4.value }}","content":"<p>» {{ product.metafields.my_fields.answer4 | metafield_tag }}<\/p>","content_page":"","open":false}},"02916977-e9f2-4d67-8206-b72aa4149767":{"type":"item","disabled":true,"settings":{"header":"• {{ product.metafields.my_fields.question5.value }}","content":"<p>» {{ product.metafields.my_fields.answer5 | metafield_tag }}<\/p>","content_page":"","open":false}},"62f2c1f7-1bd5-4835-a645-c7e10a147359":{"type":"item","settings":{"header":"• {{ product.metafields.my_fields.question6.value }}","content":"<p>» {{ product.metafields.my_fields.answer6 | metafield_tag }}<\/p>","content_page":"","open":false}},"07f5802c-4cfc-4b4c-88a8-1471cf84367f":{"type":"item","settings":{"header":"• {{ product.metafields.my_fields.question7.value }}","content":"<p>» {{ product.metafields.my_fields.answer7 | metafield_tag }} <\/p>","content_page":"","open":false}},"1527e8c4-8573-41ff-882f-8eecca1eb443":{"type":"item","settings":{"header":"• {{ product.metafields.my_fields.question8.value }}","content":"<p>» {{ product.metafields.my_fields.answer8 | metafield_tag }}<\/p>","content_page":"","open":false}},"7e4929fd-561d-4088-99c6-e76439bd6fcc":{"type":"item","settings":{"header":"• {{ product.metafields.my_fields.question9.value }}","content":"<p>» {{ product.metafields.my_fields.answer9 | metafield_tag }}<\/p>","content_page":"","open":false}},"1a8d4444-d96c-49c1-8c2e-34b537101fe7":{"type":"item","disabled":true,"settings":{"header":"• {{ product.metafields.my_fields.question10.value }}","content":"<p>» {{ product.metafields.my_fields.answer10 | metafield_tag }} <\/p>","content_page":"","open":false}}},"block_order":["16519291366d4bcadb-0","16519291366d4bcadb-1","98ffb8ef-7cdf-4787-bf8e-ef73a005dfc3","961cea91-f9cb-4d3a-a1bc-0ace5e6ae223","02916977-e9f2-4d67-8206-b72aa4149767","62f2c1f7-1bd5-4835-a645-c7e10a147359","07f5802c-4cfc-4b4c-88a8-1471cf84367f","1527e8c4-8573-41ff-882f-8eecca1eb443","7e4929fd-561d-4088-99c6-e76439bd6fcc","1a8d4444-d96c-49c1-8c2e-34b537101fe7"],"settings":{"container":"container"}},"product-details-tabs":{"type":"product-details-tabs","disabled":true,"blocks":{"e3684d89-7992-4811-98a0-4e38529b4fbb":{"type":"reviews","disabled":true,"settings":{"header":"Customer Reviews","container":"container-fluid","custom_liquid":""}},"tab":{"type":"tab","disabled":true,"settings":{"header":"Shipping & Return","content":"","content_page":"shipping-returns"}},"description":{"type":"description","disabled":true,"settings":{"header":"Know more about {{ product.title }}"}}},"block_order":["e3684d89-7992-4811-98a0-4e38529b4fbb","tab","description"],"settings":{"container":"container","bg_color":"","default_open":false}},"1663146775d729900f":{"type":"custom-liquid","settings":{"custom_liquid":"","custom_class":""}}},"order":["main","fec15757-b83b-470d-a60f-4b4b46d749cc","c024180b-8e16-4e79-b621-287a13e2e5fb","165233526202ef3ffb","1662813704875e4cfe","8831dd51-1d3c-4b5b-85c6-71b9034ff209","e18cba7b-7250-4494-ba33-495520e07370","c0b7e9e2-ae57-4ba2-b0e7-33a9160d36ca","a3196013-7821-42a7-91c9-8700e9ff6b3d","96c240a8-bdf7-4021-aa8f-3608ce01141a","164915271427f815ac","16494867301842afff","166359462697be1e51","1662814976595b997b","1662802383cd7a3a34","1662981384fd879096","1648124814f79336e0","16603138547230ec98","1650100479e3b0d30f","1651576694774d624e","1651935717456da1da","1651929136acb2fa69","product-details-tabs","1663146775d729900f"]}