{"sections":{"main":{"type":"page","disabled":true,"settings":{}},"16552160555c16b3ed":{"type":"slider","disabled":true,"blocks":{"16552160554dbc8290-0":{"type":"slider_item","disabled":true,"settings":{"background":"shopify:\/\/shop_images\/happy-young-girls-different-nationalities-white-shirts-stretch-their-hands-camera-beige-background_a2e0ca90-b5f5-4fc9-891c-62a339cb504a.png","image_alignment":"center","content_in_container":false,"content_position":"center middle","text_alignment":"center","text_size":"medium","text_color":"black","subheading":"","title":"","description":"","image_link":"","banner_name":"","banner_category":"","banner_offer":"","button_text":"","button_link":"","button_style":"sf__btn-primary","button_size":"","show_footer":false,"footer_alignment":"end","footer_text":"New Collection","footer_button":"","footer_link":""}}},"block_order":["16552160554dbc8290-0"],"settings":{"container":"w-full","slideshow_height":"adapt","show_overlay":false,"dots_position":"bottom","dots_color":"dark","show_dots":true,"show_arrows":false,"autorotate":false,"autorotate_speed":5,"use_content_above":false,"custom_class":""}},"165521694436ab16bf":{"type":"custom-content","blocks":{"e6113acb-bd60-45b6-be79-65b1f0df4347":{"type":"image","settings":{"image":"shopify:\/\/shop_images\/Offer-Creative-650x400_a97fe9af-19be-478c-8525-53dce8436185.jpg","link":"","width":"50%","alignment":"center","block_custom_class":""}},"165521694444e1ed27-1":{"type":"image","settings":{"image":"shopify:\/\/shop_images\/Offer-Creative-650x400-2_0438a311-0efa-4d0f-bccb-6f1f2fff6aa8.jpg","link":"","width":"50%","alignment":"center","block_custom_class":""}}},"block_order":["e6113acb-bd60-45b6-be79-65b1f0df4347","165521694444e1ed27-1"],"settings":{"heading":"Offers of the week!","subheading":"","description":"","header_alignment":"center","container":"container-fluid","background_color":"","gap":30,"use_scroll_mobile":false,"gap_mobile":16,"custom_class":""}},"1655216920b032378a":{"type":"custom-content","blocks":{"165521692069893cc4-1":{"type":"image","settings":{"image":"shopify:\/\/shop_images\/1st_1_80adc365-51d5-4ed6-9449-c128b69322e7.png","link":"","width":"33%","alignment":"center","block_custom_class":""}},"c22c2993-747a-431a-a207-d435b5696ad5":{"type":"image","settings":{"image":"shopify:\/\/shop_images\/2nd_1_b5e7ed7f-6f6f-4a14-99c9-c321fb86b9b1.png","link":"","width":"33%","alignment":"center","block_custom_class":""}},"204974f5-bba1-4b0c-ac5f-218a836ad79f":{"type":"image","settings":{"image":"shopify:\/\/shop_images\/3rd_1_592685d9-c48f-4d5c-b790-378e0cc9456d.png","link":"","width":"33%","alignment":"center","block_custom_class":""}}},"block_order":["165521692069893cc4-1","c22c2993-747a-431a-a207-d435b5696ad5","204974f5-bba1-4b0c-ac5f-218a836ad79f"],"settings":{"heading":"","subheading":"","description":"","header_alignment":"center","container":"container-fluid","background_color":"","gap":30,"use_scroll_mobile":false,"gap_mobile":16,"custom_class":""}}},"order":["main","16552160555c16b3ed","165521694436ab16bf","1655216920b032378a"]}