{"sections":{"f4a70583-2a61-4855-9849-20a6d4d5108e":{"type":"custom-content","disabled":true,"settings":{"heading":"","subheading":"","description":"","header_alignment":"left","container":"container-fluid","background_color":"","gap":30,"use_scroll_mobile":false,"gap_mobile":16,"custom_class":""}},"5d6e7b86-ac97-42d1-963a-d9590773bdcd":{"type":"slider","blocks":{"template--16652728959205__5d6e7b86-ac97-42d1-963a-d9590773bdcd-1669634629e82910be-0":{"type":"slider_item","settings":{"background":"shopify:\/\/shop_images\/World-Beauty-Mega-Sale-B1G1-FREE-Homepage-Banner-1920x520.jpg","mb_background":"shopify:\/\/shop_images\/World-Beauty-Mega-Sale-B1G1-FREE-Homepage-Banner-800x1000.jpg","image_alignment":"center","content_in_container":false,"content_position":"center middle","text_alignment":"center","text_size":"medium","text_color":"black","subheading":"","title":"","description":"","image_link":"","banner_name":"","banner_category":"","banner_offer":"","button_text":"","button_link":"","button_style":"sf__btn-primary","button_size":"","show_footer":false,"footer_alignment":"end","footer_text":"","footer_button":"","footer_link":""}},"template--16652728959205__5d6e7b86-ac97-42d1-963a-d9590773bdcd-1669634629e82910be-1":{"type":"slider_item","disabled":true,"settings":{"image_alignment":"center","content_in_container":false,"content_position":"center middle","text_alignment":"center","text_size":"medium","text_color":"black","subheading":"","title":"New Collection","description":"<p>Tell your campaign through images<\/p>","image_link":"","banner_name":"","banner_category":"","banner_offer":"","button_text":"Shop now","button_link":"","button_style":"sf__btn-primary","button_size":"","show_footer":false,"footer_alignment":"end","footer_text":"New Collection","footer_button":"Shop Now","footer_link":""}},"template--16652728959205__5d6e7b86-ac97-42d1-963a-d9590773bdcd-1669634629e82910be-2":{"type":"slider_item","disabled":true,"settings":{"image_alignment":"center","content_in_container":false,"content_position":"center middle","text_alignment":"center","text_size":"medium","text_color":"black","subheading":"","title":"New Collection","description":"<p>Tell your campaign through images<\/p>","image_link":"","banner_name":"","banner_category":"","banner_offer":"","button_text":"Shop now","button_link":"","button_style":"sf__btn-primary","button_size":"","show_footer":false,"footer_alignment":"end","footer_text":"New Collection","footer_button":"Shop Now","footer_link":""}}},"block_order":["template--16652728959205__5d6e7b86-ac97-42d1-963a-d9590773bdcd-1669634629e82910be-0","template--16652728959205__5d6e7b86-ac97-42d1-963a-d9590773bdcd-1669634629e82910be-1","template--16652728959205__5d6e7b86-ac97-42d1-963a-d9590773bdcd-1669634629e82910be-2"],"settings":{"container":"w-full","slideshow_height":"adapt","show_overlay":false,"dots_position":"bottom","dots_color":"dark","show_dots":true,"show_arrows":false,"autorotate":true,"autorotate_speed":5,"use_content_above":false,"custom_class":"world-beauty-carnival"}},"d80a1894-25ba-4d76-bb25-e8b655129917":{"type":"brands-list","disabled":true,"settings":{"heading":"FLASH SALES","subheading":"","header_alignment":"center","container":"w-full","background_color":"rgba(0,0,0,0)","item_per_row":4,"enable_slider":true,"autorotate":true,"autorotate_speed":3,"custom_class":""}},"01a1fdfa-9eca-42a0-998b-bf8cfa1d9b0f":{"type":"slider","disabled":true,"blocks":{"template--16655961358565__01a1fdfa-9eca-42a0-998b-bf8cfa1d9b0f-1669903324be1a9c9d-0":{"type":"slider_item","settings":{"background":"shopify:\/\/shop_images\/2.jpg","mb_background":"shopify:\/\/shop_images\/2.jpg","image_alignment":"center","content_in_container":false,"content_position":"center middle","text_alignment":"center","text_size":"medium","text_color":"black","subheading":"","title":"","description":"","image_link":"","banner_name":"","banner_category":"","banner_offer":"","button_text":"","button_link":"","button_style":"sf__btn-primary","button_size":"","show_footer":false,"footer_alignment":"end","footer_text":"","footer_button":"","footer_link":""}}},"block_order":["template--16655961358565__01a1fdfa-9eca-42a0-998b-bf8cfa1d9b0f-1669903324be1a9c9d-0"],"settings":{"container":"w-full","slideshow_height":"adapt","show_overlay":false,"dots_position":"bottom","dots_color":"dark","show_dots":true,"show_arrows":false,"autorotate":false,"autorotate_speed":5,"use_content_above":false,"custom_class":"world-beauty-carnival"}},"b896fab9-c80e-4197-85f0-30ceb7d93010":{"type":"slider","blocks":{"template--16652728959205__b896fab9-c80e-4197-85f0-30ceb7d93010-1669634629e82910be-2":{"type":"slider_item","settings":{"background":"shopify:\/\/shop_images\/Products-Homepage-Banner-1920x655.jpg","mb_background":"shopify:\/\/shop_images\/Products-Homepage-Banner-800x1075.jpg","image_alignment":"center","content_in_container":false,"content_position":"center middle","text_alignment":"center","text_size":"medium","text_color":"black","subheading":"","title":"","description":"","image_link":"","banner_name":"","banner_category":"","banner_offer":"","button_text":"","button_link":"","button_style":"sf__btn-primary","button_size":"","show_footer":false,"footer_alignment":"end","footer_text":"","footer_button":"","footer_link":""}}},"block_order":["template--16652728959205__b896fab9-c80e-4197-85f0-30ceb7d93010-1669634629e82910be-2"],"settings":{"container":"w-full","slideshow_height":"adapt","show_overlay":false,"dots_position":"bottom","dots_color":"dark","show_dots":true,"show_arrows":false,"autorotate":true,"autorotate_speed":4,"use_content_above":false,"custom_class":"world-beauty-carnivaL"}},"d1463fc1-5665-4e81-a115-4d47125764fe":{"type":"slider","blocks":{"template--16655961358565__d1463fc1-5665-4e81-a115-4d47125764fe-1669910289ff4a2cbf-0":{"type":"slider_item","settings":{"background":"shopify:\/\/shop_images\/Rs1-Homepage-Banner-1920x520.jpg","mb_background":"shopify:\/\/shop_images\/Rs1-Homepage-Banner-800x895.jpg","image_alignment":"center","content_in_container":true,"content_position":"center bottom","text_alignment":"center","text_size":"medium","text_color":"black","subheading":"","title":"","description":"","image_link":"","banner_name":"","banner_category":"","banner_offer":"","button_text":"","button_link":"","button_style":"sf__btn-secondary","button_size":"","show_footer":false,"footer_alignment":"end","footer_text":"","footer_button":"","footer_link":""}},"template--16655961358565__d1463fc1-5665-4e81-a115-4d47125764fe-1669910289ff4a2cbf-1":{"type":"slider_item","disabled":true,"settings":{"image_alignment":"center","content_in_container":false,"content_position":"center middle","text_alignment":"center","text_size":"medium","text_color":"black","subheading":"","title":"New Collection","description":"<p>Tell your campaign through images<\/p>","image_link":"","banner_name":"","banner_category":"","banner_offer":"","button_text":"Shop now","button_link":"","button_style":"sf__btn-primary","button_size":"","show_footer":false,"footer_alignment":"end","footer_text":"New Collection","footer_button":"Shop Now","footer_link":""}},"template--16655961358565__d1463fc1-5665-4e81-a115-4d47125764fe-1669910289ff4a2cbf-2":{"type":"slider_item","disabled":true,"settings":{"image_alignment":"center","content_in_container":false,"content_position":"center middle","text_alignment":"center","text_size":"medium","text_color":"black","subheading":"","title":"New Collection","description":"<p>Tell your campaign through images<\/p>","image_link":"","banner_name":"","banner_category":"","banner_offer":"","button_text":"Shop now","button_link":"","button_style":"sf__btn-primary","button_size":"","show_footer":false,"footer_alignment":"end","footer_text":"New Collection","footer_button":"Shop Now","footer_link":""}}},"block_order":["template--16655961358565__d1463fc1-5665-4e81-a115-4d47125764fe-1669910289ff4a2cbf-0","template--16655961358565__d1463fc1-5665-4e81-a115-4d47125764fe-1669910289ff4a2cbf-1","template--16655961358565__d1463fc1-5665-4e81-a115-4d47125764fe-1669910289ff4a2cbf-2"],"settings":{"container":"w-full","slideshow_height":"adapt","show_overlay":false,"dots_position":"bottom","dots_color":"dark","show_dots":true,"show_arrows":false,"autorotate":false,"autorotate_speed":5,"use_content_above":false,"custom_class":"world-beauty-carnival"}},"eb0477b3-16c8-467f-a992-500e0bdd985e":{"type":"newsletter","settings":{"container":"container","background_color":"","form_layout":"horizontal","form_design":"1","heading":"Set a Reminder for Flash Sale","description":"","email_placeholder":"Enter your Email ID","submit_button":"Set a Reminder","text_color":"black","show_icon":true,"icon_img_width":"30","show_agreement":false}},"5867ca87-5a28-41d1-8b73-9f4e7a28ae37":{"type":"slider","blocks":{"template--16655961358565__5867ca87-5a28-41d1-8b73-9f4e7a28ae37-1669910289ff4a2cbf-0":{"type":"slider_item","settings":{"background":"shopify:\/\/shop_images\/Gift-Card-Homepage-Banner-1920x500_1.jpg","image_alignment":"center","content_in_container":false,"content_position":"center middle","text_alignment":"center","text_size":"medium","text_color":"black","subheading":"","title":"","description":"","image_link":"","banner_name":"","banner_category":"","banner_offer":"","button_text":"","button_link":"","button_style":"sf__btn-primary","button_size":"","show_footer":false,"footer_alignment":"end","footer_text":"","footer_button":"","footer_link":""}},"template--16655961358565__5867ca87-5a28-41d1-8b73-9f4e7a28ae37-1669910289ff4a2cbf-1":{"type":"slider_item","disabled":true,"settings":{"image_alignment":"center","content_in_container":false,"content_position":"center middle","text_alignment":"center","text_size":"medium","text_color":"black","subheading":"","title":"New Collection","description":"<p>Tell your campaign through images<\/p>","image_link":"","banner_name":"","banner_category":"","banner_offer":"","button_text":"Shop now","button_link":"","button_style":"sf__btn-primary","button_size":"","show_footer":false,"footer_alignment":"end","footer_text":"New Collection","footer_button":"Shop Now","footer_link":""}},"template--16655961358565__5867ca87-5a28-41d1-8b73-9f4e7a28ae37-1669910289ff4a2cbf-2":{"type":"slider_item","disabled":true,"settings":{"image_alignment":"center","content_in_container":false,"content_position":"center middle","text_alignment":"center","text_size":"medium","text_color":"black","subheading":"","title":"New Collection","description":"<p>Tell your campaign through images<\/p>","image_link":"","banner_name":"","banner_category":"","banner_offer":"","button_text":"Shop now","button_link":"","button_style":"sf__btn-primary","button_size":"","show_footer":false,"footer_alignment":"end","footer_text":"New Collection","footer_button":"Shop Now","footer_link":""}}},"block_order":["template--16655961358565__5867ca87-5a28-41d1-8b73-9f4e7a28ae37-1669910289ff4a2cbf-0","template--16655961358565__5867ca87-5a28-41d1-8b73-9f4e7a28ae37-1669910289ff4a2cbf-1","template--16655961358565__5867ca87-5a28-41d1-8b73-9f4e7a28ae37-1669910289ff4a2cbf-2"],"settings":{"container":"w-full","slideshow_height":"adapt","show_overlay":false,"dots_position":"bottom","dots_color":"dark","show_dots":true,"show_arrows":false,"autorotate":false,"autorotate_speed":5,"use_content_above":false,"custom_class":"world-beauty-carnival"}},"d5475a0c-184b-4c25-965b-00c6a6945b1b":{"type":"slider","blocks":{"template--16660343029989__d5475a0c-184b-4c25-965b-00c6a6945b1b-16705690982b3a51a8-2":{"type":"slider_item","settings":{"background":"shopify:\/\/shop_images\/Influencers-Homepage-Banner-1920x520._v2.jpg","mb_background":"shopify:\/\/shop_images\/Influencers-Homepage-Banner-800x895_.v2_1.jpg","image_alignment":"center","content_in_container":false,"content_position":"center middle","text_alignment":"center","text_size":"medium","text_color":"black","subheading":"","title":"","description":"","image_link":"","banner_name":"","banner_category":"","banner_offer":"","button_text":"","button_link":"","button_style":"sf__btn-primary","button_size":"","show_footer":false,"footer_alignment":"end","footer_text":"New Collection","footer_button":"Shop Now","footer_link":""}}},"block_order":["template--16660343029989__d5475a0c-184b-4c25-965b-00c6a6945b1b-16705690982b3a51a8-2"],"settings":{"container":"w-full","slideshow_height":"adapt","show_overlay":false,"dots_position":"bottom","dots_color":"dark","show_dots":true,"show_arrows":false,"autorotate":false,"autorotate_speed":5,"use_content_above":false,"custom_class":""}},"collection-header":{"type":"collection-page-header","disabled":true,"settings":{"container":"container","layout":"inside","header_height":"small","text_alignment":"center","vertical_alignment":"center","text_color":"dark","bg_color":"#ffffff","enable_parallax":false,"upper_title":false,"show_desc":false,"collection_all_desc":""}},"main":{"type":"main-collection-product-grid","disabled":true,"blocks":{"26ef6509-772d-4c44-bd90-efc089bd9355":{"type":"filter","settings":{"design_filtergroup":"button","title":"Size","filtergroup":"XS,S,M,L,XL","show_label":false,"use_accordion":false,"open_filtergroup":true}},"e12de6da-eab8-4abe-967c-06d0d959a18a":{"type":"filter","settings":{"design_filtergroup":"color","title":"Colors","filtergroup":"Blue, Red, White ,Black ,Pink ,Silver,Purple,Brown,Yellow,Grey,Green,Tan,Violet,Dark Grey,Beige,Light Blue, Dark Blue, Light Grey, Light Pink, Mint, Rose Gold, Night Blue, Copper, Coral, Rosy Brown","show_label":false,"use_accordion":false,"open_filtergroup":true}},"fa31a837-9c99-4c92-8cfe-0527ffbe7b15":{"type":"filter","settings":{"design_filtergroup":"default","title":"Prices","filtergroup":"$0-$50,$50-$100,$100-$150,$150-$200,$200-$300,$300-$400","show_label":false,"use_accordion":false,"open_filtergroup":true}},"4903963a-90f0-4fe1-be23-ee4f8749e483":{"type":"filter","settings":{"design_filtergroup":"inrow","title":"Brands","filtergroup":"Minimog,Retrolie,Abby,Brook,Learts,Vagabond","show_label":false,"use_accordion":false,"open_filtergroup":true}},"00b3badd-1613-4230-85d8-f87f04306aaa":{"type":"filter","settings":{"design_filtergroup":"inrow","title":"Tags","filtergroup":"Dress,Tops,Shirts,Fashion,Hats,Sandal,Belt,Bags,Snacker,Denim,Minimog,Vagabond,Sunglasses, Beachwear,Vintage","show_label":false,"use_accordion":true,"open_filtergroup":true}}},"block_order":["26ef6509-772d-4c44-bd90-efc089bd9355","e12de6da-eab8-4abe-967c-06d0d959a18a","fa31a837-9c99-4c92-8cfe-0527ffbe7b15","4903963a-90f0-4fe1-be23-ee4f8749e483","00b3badd-1613-4230-85d8-f87f04306aaa"],"settings":{"container":"container-fluid","grid_layout":"grid","grid_columns":"4","show_columns_switcher":true,"show_sorting":true,"show_filter":true,"filters_type":"tags_filter","sidebar":"leftColumn","sidebar_title":"Filters","limit_height_widget":false,"limit_height":300,"change_product_variant_on_fitlering":true,"pagination_limit":12,"paginate_type":"paginate"}},"23bbc8f3-e1ea-49d9-aa0b-82f22c05b7f1":{"type":"countdown-timer","settings":{"container":"w-full","section_height":"small","align":"center","background_color":"#ffffff","heading":"From 19th - 23rd April","time":"2023-04-19 00:00:00","button_label":"","button_link":"","button_style":"sf__btn-secondary","button_size":"sf__btn-large","custom_class":""}},"1747bdb2-ebbf-4cc7-ab7f-3ba951a8ee5c":{"type":"slider","blocks":{"template--16655961358565__1747bdb2-ebbf-4cc7-ab7f-3ba951a8ee5c-1669903324be1a9c9d-0":{"type":"slider_item","disabled":true,"settings":{"background":"shopify:\/\/shop_images\/Vanity-Bag-Homepage-Banner-1920x500.jpg","mb_background":"shopify:\/\/shop_images\/Vanity-Bag-Homepage-Banner-800x300.jpg","image_alignment":"center","content_in_container":false,"content_position":"center middle","text_alignment":"center","text_size":"medium","text_color":"black","subheading":"","title":"","description":"","image_link":"","banner_name":"","banner_category":"","banner_offer":"","button_text":"","button_link":"","button_style":"sf__btn-primary","button_size":"","show_footer":false,"footer_alignment":"end","footer_text":"","footer_button":"","footer_link":""}}},"block_order":["template--16655961358565__1747bdb2-ebbf-4cc7-ab7f-3ba951a8ee5c-1669903324be1a9c9d-0"],"settings":{"container":"w-full","slideshow_height":"adapt","show_overlay":false,"dots_position":"bottom","dots_color":"dark","show_dots":true,"show_arrows":false,"autorotate":false,"autorotate_speed":5,"use_content_above":false,"custom_class":"world-beauty-carnival"}},"90015b8c-1e9b-411f-9c1d-db9085374bca":{"type":"slider","disabled":true,"blocks":{"template--16655961358565__90015b8c-1e9b-411f-9c1d-db9085374bca-1669907890c65c734f-0":{"type":"slider_item","settings":{"background":"shopify:\/\/shop_images\/Mystery-Products-Homepage-Banner-1920x500.jpg","mb_background":"shopify:\/\/shop_images\/Mystery-Products-Homepage-Banner-1920x500.jpg","image_alignment":"center","content_in_container":false,"content_position":"center middle","text_alignment":"center","text_size":"medium","text_color":"black","subheading":"","title":"","description":"","image_link":"","banner_name":"","banner_category":"","banner_offer":"","button_text":"","button_link":"","button_style":"sf__btn-primary","button_size":"","show_footer":false,"footer_alignment":"end","footer_text":"","footer_button":"","footer_link":""}}},"block_order":["template--16655961358565__90015b8c-1e9b-411f-9c1d-db9085374bca-1669907890c65c734f-0"],"settings":{"container":"w-full","slideshow_height":"adapt","show_overlay":false,"dots_position":"bottom","dots_color":"dark","show_dots":true,"show_arrows":false,"autorotate":false,"autorotate_speed":5,"use_content_above":false,"custom_class":"world-beauty-carnival"}},"695eda4e-5c39-4659-9737-984383f83a50":{"type":"custom-liquid","disabled":true,"settings":{"custom_liquid":"<a href=http:\/\/bit.ly\/3H5DfH5><button style=\"background-color: #ffc105; width: 100%;  border: 0px; padding-right: 30px; padding-left: 30px; padding-top: 15px; padding-bottom: 15px; font-family: Montserrat; align-content: center;\" type=\"button\"><strong>SHARE WITH YOUR FRIENDS<\/strong><\/button><\/a>","custom_class":""}}},"order":["f4a70583-2a61-4855-9849-20a6d4d5108e","5d6e7b86-ac97-42d1-963a-d9590773bdcd","d80a1894-25ba-4d76-bb25-e8b655129917","01a1fdfa-9eca-42a0-998b-bf8cfa1d9b0f","b896fab9-c80e-4197-85f0-30ceb7d93010","d1463fc1-5665-4e81-a115-4d47125764fe","eb0477b3-16c8-467f-a992-500e0bdd985e","5867ca87-5a28-41d1-8b73-9f4e7a28ae37","d5475a0c-184b-4c25-965b-00c6a6945b1b","collection-header","main","23bbc8f3-e1ea-49d9-aa0b-82f22c05b7f1","1747bdb2-ebbf-4cc7-ab7f-3ba951a8ee5c","90015b8c-1e9b-411f-9c1d-db9085374bca","695eda4e-5c39-4659-9737-984383f83a50"]}