{"sections":{"main":{"type":"page","disabled":true,"settings":{}},"725f5bc1-08e6-4d8e-abc6-49514585fa5c":{"type":"slider","blocks":{"template--16704641630437__725f5bc1-08e6-4d8e-abc6-49514585fa5c-1675874837a3f09afd-0":{"type":"slider_item","settings":{"background":"shopify:\/\/shop_images\/Vitamin-C-Range-Website-Page-Mobile-1080px-V3_01.jpg","mb_background":"shopify:\/\/shop_images\/Vitamin-C-Range-Website-Page-Mobile-1080px-V3_01.jpg","image_alignment":"center","content_in_container":false,"content_position":"center middle","text_alignment":"center","text_size":"medium","text_color":"black","subheading":"","title":"","description":"","image_link":"https:\/\/discoverpilgrim.com\/collections\/secrets-of-a-beauty-australia-vitamin-c","banner_name":"","banner_category":"","banner_offer":"","button_text":"","button_link":"","button_style":"sf__btn-primary","button_size":"","show_footer":false,"footer_alignment":"end","footer_text":"","footer_button":"","footer_link":""}}},"block_order":["template--16704641630437__725f5bc1-08e6-4d8e-abc6-49514585fa5c-1675874837a3f09afd-0"],"settings":{"container":"w-full","slideshow_height":"adapt","show_overlay":false,"dots_position":"bottom","dots_color":"dark","show_dots":true,"show_arrows":false,"autorotate":false,"autorotate_speed":5,"use_content_above":false,"custom_class":""}},"cf81bbf9-8cd0-4cc2-a33e-570991f43a12":{"type":"slider","blocks":{"template--16704641630437__cf81bbf9-8cd0-4cc2-a33e-570991f43a12-1675874837a3f09afd-0":{"type":"slider_item","settings":{"background":"shopify:\/\/shop_images\/Vitamin-C-Range-Website-Page-Mobile-1080px-V3_02.jpg","mb_background":"shopify:\/\/shop_images\/Vitamin-C-Range-Website-Page-Mobile-1080px-V3_02.jpg","image_alignment":"center","content_in_container":false,"content_position":"center middle","text_alignment":"center","text_size":"medium","text_color":"black","subheading":"","title":"","description":"","image_link":"","banner_name":"","banner_category":"","banner_offer":"","button_text":"","button_link":"","button_style":"sf__btn-primary","button_size":"","show_footer":false,"footer_alignment":"end","footer_text":"","footer_button":"","footer_link":""}}},"block_order":["template--16704641630437__cf81bbf9-8cd0-4cc2-a33e-570991f43a12-1675874837a3f09afd-0"],"settings":{"container":"w-full","slideshow_height":"adapt","show_overlay":false,"dots_position":"bottom","dots_color":"dark","show_dots":false,"show_arrows":false,"autorotate":false,"autorotate_speed":5,"use_content_above":true,"custom_class":""}},"0a70b151-684d-41aa-acd8-e520e4354aed":{"type":"slider","blocks":{"template--16704641630437__0a70b151-684d-41aa-acd8-e520e4354aed-1675874837a3f09afd-0":{"type":"slider_item","settings":{"background":"shopify:\/\/shop_images\/Vitamin-C-Range-Website-Page-Mobile-1080px-V3_03.jpg","mb_background":"shopify:\/\/shop_images\/Vitamin-C-Range-Website-Page-Mobile-1080px-V3_03.jpg","image_alignment":"center","content_in_container":false,"content_position":"center middle","text_alignment":"center","text_size":"medium","text_color":"black","subheading":"","title":"","description":"","image_link":"#","banner_name":"","banner_category":"","banner_offer":"","button_text":"","button_link":"","button_style":"sf__btn-primary","button_size":"","show_footer":false,"footer_alignment":"end","footer_text":"new","footer_button":"","footer_link":""}}},"block_order":["template--16704641630437__0a70b151-684d-41aa-acd8-e520e4354aed-1675874837a3f09afd-0"],"settings":{"container":"w-full","slideshow_height":"adapt","show_overlay":false,"dots_position":"bottom","dots_color":"dark","show_dots":true,"show_arrows":false,"autorotate":false,"autorotate_speed":5,"use_content_above":false,"custom_class":""}},"c106a867-3e6b-48e4-8b2b-c16161428fc4":{"type":"slider","blocks":{"template--16704641630437__c106a867-3e6b-48e4-8b2b-c16161428fc4-1675874837a3f09afd-0":{"type":"slider_item","settings":{"background":"shopify:\/\/shop_images\/Vitamin-C-Range-Website-Page-Mobile-1080px-V3_04.jpg","mb_background":"shopify:\/\/shop_images\/Vitamin-C-Range-Website-Page-Mobile-1080px-V3_04.jpg","image_alignment":"center","content_in_container":false,"content_position":"center middle","text_alignment":"center","text_size":"medium","text_color":"black","subheading":"","title":"","description":"","image_link":"#","banner_name":"","banner_category":"","banner_offer":"","button_text":"","button_link":"","button_style":"sf__btn-primary","button_size":"","show_footer":false,"footer_alignment":"end","footer_text":"","footer_button":"","footer_link":""}}},"block_order":["template--16704641630437__c106a867-3e6b-48e4-8b2b-c16161428fc4-1675874837a3f09afd-0"],"settings":{"container":"w-full","slideshow_height":"adapt","show_overlay":false,"dots_position":"bottom","dots_color":"dark","show_dots":true,"show_arrows":false,"autorotate":false,"autorotate_speed":5,"use_content_above":false,"custom_class":""}},"6e1e72c1-20c1-425c-925c-8b839ba1d586":{"type":"slider","blocks":{"template--16704641630437__6e1e72c1-20c1-425c-925c-8b839ba1d586-1675874837a3f09afd-0":{"type":"slider_item","settings":{"background":"shopify:\/\/shop_images\/Vitamin-C-Range-Website-Page-Mobile-1080px-V3_05.jpg","mb_background":"shopify:\/\/shop_images\/Vitamin-C-Range-Website-Page-Mobile-1080px-V3_05.jpg","image_alignment":"center","content_in_container":false,"content_position":"center middle","text_alignment":"center","text_size":"medium","text_color":"black","subheading":"","title":"","description":"","image_link":"","banner_name":"","banner_category":"","banner_offer":"","button_text":"","button_link":"","button_style":"sf__btn-primary","button_size":"","show_footer":false,"footer_alignment":"end","footer_text":"","footer_button":"","footer_link":""}}},"block_order":["template--16704641630437__6e1e72c1-20c1-425c-925c-8b839ba1d586-1675874837a3f09afd-0"],"settings":{"container":"w-full","slideshow_height":"adapt","show_overlay":false,"dots_position":"bottom","dots_color":"dark","show_dots":true,"show_arrows":false,"autorotate":false,"autorotate_speed":5,"use_content_above":false,"custom_class":""}},"af8c84ef-4633-4a25-a2cf-6de21978ba79":{"type":"slider","blocks":{"template--16704641630437__af8c84ef-4633-4a25-a2cf-6de21978ba79-1675874837a3f09afd-0":{"type":"slider_item","settings":{"background":"shopify:\/\/shop_images\/Vitamin-C-Range-Website-Page-Mobile-1080px-V3_06.jpg","mb_background":"shopify:\/\/shop_images\/Vitamin-C-Range-Website-Page-Mobile-1080px-V3_06.jpg","image_alignment":"center","content_in_container":false,"content_position":"center middle","text_alignment":"center","text_size":"medium","text_color":"black","subheading":"","title":"","description":"","image_link":"https:\/\/discoverpilgrim.com\/products\/vitamin-c-gel-face-wash","banner_name":"","banner_category":"","banner_offer":"","button_text":"","button_link":"","button_style":"sf__btn-primary","button_size":"","show_footer":false,"footer_alignment":"end","footer_text":"","footer_button":"","footer_link":""}}},"block_order":["template--16704641630437__af8c84ef-4633-4a25-a2cf-6de21978ba79-1675874837a3f09afd-0"],"settings":{"container":"w-full","slideshow_height":"adapt","show_overlay":false,"dots_position":"bottom","dots_color":"dark","show_dots":true,"show_arrows":false,"autorotate":false,"autorotate_speed":5,"use_content_above":false,"custom_class":""}},"fdf42ebf-2326-403f-97ae-22e22028f7ab":{"type":"slider","blocks":{"template--16704641630437__fdf42ebf-2326-403f-97ae-22e22028f7ab-1675874837a3f09afd-0":{"type":"slider_item","settings":{"background":"shopify:\/\/shop_images\/Vitamin-C-Range-Website-Page-Mobile-1080px-V3_07.jpg","mb_background":"shopify:\/\/shop_images\/Vitamin-C-Range-Website-Page-Mobile-1080px-V3_07.jpg","image_alignment":"center","content_in_container":false,"content_position":"center middle","text_alignment":"center","text_size":"medium","text_color":"black","subheading":"","title":"","description":"","image_link":"https:\/\/discoverpilgrim.com\/products\/1-vitamin-c-toner","banner_name":"","banner_category":"","banner_offer":"","button_text":"","button_link":"","button_style":"sf__btn-primary","button_size":"","show_footer":false,"footer_alignment":"end","footer_text":"","footer_button":"","footer_link":""}}},"block_order":["template--16704641630437__fdf42ebf-2326-403f-97ae-22e22028f7ab-1675874837a3f09afd-0"],"settings":{"container":"w-full","slideshow_height":"adapt","show_overlay":false,"dots_position":"bottom","dots_color":"dark","show_dots":true,"show_arrows":false,"autorotate":false,"autorotate_speed":5,"use_content_above":false,"custom_class":""}},"de8be897-233d-440e-84cc-27b07f8df78b":{"type":"slider","blocks":{"template--16704641630437__de8be897-233d-440e-84cc-27b07f8df78b-1675874837a3f09afd-0":{"type":"slider_item","settings":{"background":"shopify:\/\/shop_images\/Vitamin-C-Range-Website-Page-Mobile-1080px-V3_08.jpg","mb_background":"shopify:\/\/shop_images\/Vitamin-C-Range-Website-Page-Mobile-1080px-V3_08.jpg","image_alignment":"center","content_in_container":false,"content_position":"center middle","text_alignment":"center","text_size":"medium","text_color":"black","subheading":"","title":"","description":"","image_link":"https:\/\/discoverpilgrim.com\/products\/2-vitamin-c-oil-free-moisturizer","banner_name":"","banner_category":"","banner_offer":"","button_text":"","button_link":"","button_style":"sf__btn-primary","button_size":"","show_footer":false,"footer_alignment":"end","footer_text":"","footer_button":"","footer_link":""}}},"block_order":["template--16704641630437__de8be897-233d-440e-84cc-27b07f8df78b-1675874837a3f09afd-0"],"settings":{"container":"w-full","slideshow_height":"adapt","show_overlay":false,"dots_position":"bottom","dots_color":"dark","show_dots":true,"show_arrows":false,"autorotate":false,"autorotate_speed":5,"use_content_above":false,"custom_class":""}},"68f6a616-8bdc-4db7-9f2d-13456377dd07":{"type":"slider","blocks":{"template--16704641630437__68f6a616-8bdc-4db7-9f2d-13456377dd07-1675874837a3f09afd-0":{"type":"slider_item","settings":{"background":"shopify:\/\/shop_images\/Vitamin-C-Range-Website-Page-Mobile-1080px-V3_09.jpg","mb_background":"shopify:\/\/shop_images\/Vitamin-C-Range-Website-Page-Mobile-1080px-V3_09.jpg","image_alignment":"center","content_in_container":false,"content_position":"center middle","text_alignment":"center","text_size":"medium","text_color":"black","subheading":"","title":"","description":"","image_link":"https:\/\/discoverpilgrim.com\/products\/vitamin-c-body-serum-lotion-kakadu-plum-lime-pearl","banner_name":"","banner_category":"","banner_offer":"","button_text":"","button_link":"","button_style":"sf__btn-primary","button_size":"","show_footer":false,"footer_alignment":"end","footer_text":"","footer_button":"","footer_link":""}}},"block_order":["template--16704641630437__68f6a616-8bdc-4db7-9f2d-13456377dd07-1675874837a3f09afd-0"],"settings":{"container":"w-full","slideshow_height":"adapt","show_overlay":false,"dots_position":"bottom","dots_color":"dark","show_dots":true,"show_arrows":false,"autorotate":false,"autorotate_speed":5,"use_content_above":false,"custom_class":""}},"928ced96-b37f-4f64-8167-ebfa32f02e91":{"type":"slider","blocks":{"template--16704641630437__928ced96-b37f-4f64-8167-ebfa32f02e91-1675874837a3f09afd-0":{"type":"slider_item","settings":{"background":"shopify:\/\/shop_images\/Vitamin-C-Range-Website-Page-Mobile-1080px-V3_10.jpg","mb_background":"shopify:\/\/shop_images\/Vitamin-C-Range-Website-Page-Mobile-1080px-V3_10.jpg","image_alignment":"center","content_in_container":false,"content_position":"center middle","text_alignment":"center","text_size":"medium","text_color":"black","subheading":"","title":"","description":"","image_link":"#","banner_name":"","banner_category":"","banner_offer":"","button_text":"","button_link":"","button_style":"sf__btn-primary","button_size":"","show_footer":false,"footer_alignment":"end","footer_text":"","footer_button":"","footer_link":""}}},"block_order":["template--16704641630437__928ced96-b37f-4f64-8167-ebfa32f02e91-1675874837a3f09afd-0"],"settings":{"container":"w-full","slideshow_height":"adapt","show_overlay":false,"dots_position":"bottom","dots_color":"dark","show_dots":true,"show_arrows":false,"autorotate":false,"autorotate_speed":5,"use_content_above":false,"custom_class":""}},"f14d5065-3383-47e9-b276-cabd263696b6":{"type":"slider","blocks":{"template--16704641630437__f14d5065-3383-47e9-b276-cabd263696b6-1675874837a3f09afd-0":{"type":"slider_item","settings":{"background":"shopify:\/\/shop_images\/Vitamin-C-Range-Website-Page-Mobile-1080px-V3_11.jpg","mb_background":"shopify:\/\/shop_images\/Vitamin-C-Range-Website-Page-Mobile-1080px-V3_11.jpg","image_alignment":"center","content_in_container":false,"content_position":"center middle","text_alignment":"center","text_size":"medium","text_color":"black","subheading":"","title":"","description":"","image_link":"","banner_name":"","banner_category":"","banner_offer":"","button_text":"","button_link":"","button_style":"sf__btn-primary","button_size":"","show_footer":false,"footer_alignment":"end","footer_text":"","footer_button":"","footer_link":""}}},"block_order":["template--16704641630437__f14d5065-3383-47e9-b276-cabd263696b6-1675874837a3f09afd-0"],"settings":{"container":"w-full","slideshow_height":"adapt","show_overlay":false,"dots_position":"bottom","dots_color":"dark","show_dots":false,"show_arrows":false,"autorotate":false,"autorotate_speed":5,"use_content_above":false,"custom_class":""}},"faa02e9e-846e-4870-bd06-779bb1362e32":{"type":"slider","blocks":{"template--16704641630437__faa02e9e-846e-4870-bd06-779bb1362e32-1675874837a3f09afd-0":{"type":"slider_item","settings":{"background":"shopify:\/\/shop_images\/Vitamin-C-Range-Website-Page-Mobile-1080px-V3_12.jpg","mb_background":"shopify:\/\/shop_images\/Vitamin-C-Range-Website-Page-Mobile-1080px-V3_12.jpg","image_alignment":"center","content_in_container":false,"content_position":"center middle","text_alignment":"center","text_size":"medium","text_color":"black","subheading":"","title":"","description":"","image_link":"https:\/\/discoverpilgrim.com\/collections\/secrets-of-a-beauty-australia-vitamin-c","banner_name":"","banner_category":"","banner_offer":"","button_text":"","button_link":"","button_style":"sf__btn-primary","button_size":"","show_footer":false,"footer_alignment":"end","footer_text":"","footer_button":"","footer_link":""}}},"block_order":["template--16704641630437__faa02e9e-846e-4870-bd06-779bb1362e32-1675874837a3f09afd-0"],"settings":{"container":"w-full","slideshow_height":"adapt","show_overlay":false,"dots_position":"bottom","dots_color":"dark","show_dots":true,"show_arrows":false,"autorotate":false,"autorotate_speed":5,"use_content_above":false,"custom_class":""}}},"order":["main","725f5bc1-08e6-4d8e-abc6-49514585fa5c","cf81bbf9-8cd0-4cc2-a33e-570991f43a12","0a70b151-684d-41aa-acd8-e520e4354aed","c106a867-3e6b-48e4-8b2b-c16161428fc4","6e1e72c1-20c1-425c-925c-8b839ba1d586","af8c84ef-4633-4a25-a2cf-6de21978ba79","fdf42ebf-2326-403f-97ae-22e22028f7ab","de8be897-233d-440e-84cc-27b07f8df78b","68f6a616-8bdc-4db7-9f2d-13456377dd07","928ced96-b37f-4f64-8167-ebfa32f02e91","f14d5065-3383-47e9-b276-cabd263696b6","faa02e9e-846e-4870-bd06-779bb1362e32"]}