{"sections":{"main":{"type":"page-faqs","blocks":{"c38a0941-42c9-40cf-874e-5cdb0a9423d1":{"type":"content","settings":{"content":"<h2 style=\"font-size:vw;\">Orders<\/h2>"}},"22fba691-3251-4b32-89d4-e6c5b0715be5":{"type":"accordion","settings":{"title":"How do I know that my order is confirmed?","content":"<p>- As soon as you place the order, you will receive <strong>a confirmation SMS<\/strong> and email with the order number and the estimated time of delivery.<\/p>","open":true}},"ddc179f1-141c-4d3a-ac50-467f906dd690":{"type":"accordion","settings":{"title":"Can I modify my order after placing it?","content":"<p>- An order cannot be modified once it has been placed. However, you can contact us via <strong>email (hello@discoverpilgrim.com)<\/strong> or contact our customer delight team <strong>(WhatsApp: 74000 97974)<\/strong> and we will do our best to assist you.<\/p>","open":false}},"a2d8b198-e3d7-46cb-81ff-bb57bd693593":{"type":"accordion","settings":{"title":"How can I track my order\/When will I receive my order?","content":"<p>- We aim to ensure that you receive your order as quickly as possible. Once your order is shipped, you will receive an email with the required information to track your order.<\/p>","open":false}},"b6728891-0b96-47aa-84f3-2dca0b8d90a8":{"type":"accordion","settings":{"title":"Will I have to bear the shipping charges?","content":"<p>- We offer free shipping for all orders above a certain value, which is notified from time to time. We also offer Cash-On-Delivery to many locations at no additional charge. Please consider the shipping rates shown at the time of check-out to be final.<\/p>","open":false}},"e117bae4-82a2-4842-9be5-d8f5ae33ca7b":{"type":"accordion","settings":{"title":"Do you have Cash On Delivery (COD) facility?","content":"<p>- <strong>Yes, <\/strong>we do have Cash On Delivery facility for all our orders.<\/p>","open":false}},"7d110688-3297-4f5d-8040-22f430c27063":{"type":"accordion","settings":{"title":"What are the different ways I can order Pilgrim products?","content":"<p>- You can order Pilgrim products online from various stores including <a href=\"https:\/\/www.discoverpilgrim.com\" target=\"_blank\" title=\"https:\/\/www.discoverpilgrim.com\">www.discoverpilgrim.com<\/a>, Amazon, Flipkart, Myntra and Nykaa. In case you want to place a bulk order via email or call, please contact our customer care at hello@discoverpilgrim.com or Mobile: 74000 97974 for assistance. If you want to sell Pilgrim products from your store or website, please contact us at hello@discoverpilgrim.com or +91 7400097974<\/p>","open":false}},"d6063299-e885-41f1-871b-48298f8c61dc":{"type":"accordion","settings":{"title":"How much time does it take for the order to be delivered?","content":"<p>- Once you place the order, it is shipped within 2 business days (Mostly same day) and you can expect it to be delivered within 4-5 business days. Please note that our standard delivery times are estimates and may vary due to external factors including unexpected weather conditions, remote locations, and natural calamities.<\/p>","open":false}},"0ffdf00a-c4ae-4b7e-8cba-80476094790c":{"type":"accordion","settings":{"title":"Can the billing address be different from the shipping address?","content":"<p>- Yes, the billing and shipping addresses can be different.<\/p>","open":false}},"b043c9cb-014d-4f52-8d6e-4282ad7408fa":{"type":"accordion","settings":{"title":"Do you ship outside India?","content":"<p>- No. We currently ship in India only.<\/p>","open":false}},"30242809-20b8-4304-a548-c446174e76e7":{"type":"content","settings":{"content":"<h2 style=\"font-size:vw;\">Payments<\/h2>"}},"054b49c5-8483-419c-b8fa-4d933ad3f828":{"type":"accordion","settings":{"title":"What do I do if I’m having trouble making payments online?","content":"<p>- Kindly contact us at <strong>hello@discoverpilgrim.com<\/strong> or <strong>WhatsApp us at +91 7400097974 <\/strong>and we will assist you in making the online payment.<\/p>","open":true}},"1794c4ea-a471-48af-bb2a-58b7c678ee46":{"type":"content","settings":{"content":"<h2 style=\"font-size:vw;\">Returns<\/h2>"}},"23e154bb-eb4e-462a-a6c5-7460c6964ac8":{"type":"accordion","settings":{"title":"By when can I return a product I haven't used? Do you cater to returns? What if I don't like the product and want to return it?","content":"<p>Kindly refer to our <a href=\"\/pages\/shipping-returns\" title=\"Shipping & Returns\"><span style=\"text-decoration:underline\">Shipping & Returns Policy<\/span>.<\/a><\/p>","open":true}},"f7d6c5f2-4b8a-4e04-9467-5d6105e273ae":{"type":"content","settings":{"content":"<h2 style=\"font-size:vw;\">PilgrimTRIBE Loyalty Program<\/h2>"}},"73e40abd-bbe2-496a-9a95-c79f03be8170":{"type":"accordion","settings":{"title":"How do I redeem my PilgrimMILES?","content":"<p>It’s super simple to redeem PilgrimMILES. <\/p><p><strong>Step 1:<\/strong> Login to your account on our website. <\/p><p><strong>Step 2:<\/strong> Click on the PilgrimTRIBE icon on the homepage. or <a href=\"https:\/\/discoverpilgrim.myshopify.com\/pages\/loyalty-program#smile-referral-program-details\" title=\"#smile-referral-program-details\"><em><strong>click here<\/strong><\/em><\/a><\/p><p><strong>Step 3:<\/strong> Go to 'My Rewards'. Click on 'Redeem points' and generate coupon code. <br\/><br\/><strong>Step 4:<\/strong> Add products to cart<\/p><p><strong>Step 5: <\/strong>Checkout and apply the code!<\/p>","open":true}},"c8ddb837-010f-4d72-9c47-ad19d1669989":{"type":"content","settings":{"content":"<h2 style=\"font-size:vw;\">Contact Us<\/h2>"}},"c310f8eb-ba45-4a32-8425-d800a3751b0b":{"type":"accordion","settings":{"title":"How can I get in touch with Pilgrim?","content":"<p>We would love to hear from you. Please get in touch at <strong>hello@discoverpilgrim.com<\/strong> or <strong>WhatsApp +91 7400097974<\/strong>.<\/p><p><span style=\"text-decoration:underline\"><strong>Grievance officer<\/strong><\/span><strong>: <\/strong>The name and contact details of the Grievance Officer to handle any complaints in relation to the sale of Products or use of this Website are provided below:<br\/><br\/><strong>Deepali Shelatkar<\/strong><\/p><p>(Grievance Officer)<br\/>Heavenly Secrets Private Limited<br\/>405 & 406, Corporate Centre, Marol Pipeline Rd, Ajit Nagar, J B Nagar, Andheri East, Mumbai, Maharashtra 400059<\/p><p>India<br\/>Email id –hello@discoverpilgrim.com and deepali@discoverpilgrim.com<br\/>Monday - Friday 10AM - 6PM<\/p>","open":true}},"e5b2d336-c425-40da-9dea-3c8e30bd3372":{"type":"content","settings":{"content":"<h2 style=\"font-size:vw;\">Ingredients<\/h2>"}},"03a8174d-1575-4ff2-ae06-090c1cd0278f":{"type":"accordion","settings":{"title":"What is THE PILGRIM CODE?","content":"<p>- All our products are made keeping in mind The Pilgrim Code, a set of values that we deeply believe in. Crafted with love, all Pilgrim products are <strong>FDA-approved <\/strong>and <strong>free from toxins <\/strong>like parabens, sulfates, and mineral oils – common offenders on beauty product labels. We are <strong>PETA-certified vegan <\/strong>and <strong>cruelty-free <\/strong>- no animal has been harmed in the manufacturing or testing of the products. <\/p><p><\/p><p>Pilgrim is also proud to be <strong>“Plastic-Positive”<\/strong> as the company recycles more plastic than it uses for packaging purposes, showing its commitment to the environment. <\/p>","open":true}},"41f86238-5931-4f4e-851c-0c6e000e54cf":{"type":"accordion","settings":{"title":"What is the Toxic 20?","content":"<p>The ubiquitous Toxic 20 chemicals are often the root cause of imbalance in our skin-hair health. When eliminated from our products altogether (\"clean break\"), our body has the ability to reset and return to its natural & healthy state. To know more, <a href=\"https:\/\/www.discoverpilgrim.com\/notoxic20\"><span style=\"text-decoration:underline\">please click here<\/span><\/a>.<\/p>","open":false}},"f5eac9c7-85bd-4648-890a-07189ea3dc02":{"type":"accordion","settings":{"title":"Are you a clean brand?","content":"<p>- <strong>Yes, and we are proud of it :) <\/strong>We follow The Pilgrim Code, a set of values that we deeply believe in. Crafted with love, all Pilgrim products are FDA-approved and free from toxins like parabens, sulfates, and mineral oils – common offenders on beauty product labels. To know more about the toxins we absolutely don’t use, <a href=\"\/pages\/the-toxic-20\" title=\"The Toxic 20\"><span style=\"text-decoration:underline\">please click here<\/span>.<\/a><\/p>","open":false}},"b56fee8f-b53b-483a-8540-c2ee47cc1bcc":{"type":"accordion","settings":{"title":"Do you use sulfates or parabens in your products?","content":"<p>- No, we are very choosy when it comes to ingredients selection, and are strictly against using any harmful chemicals including parabens and sulfates (both SLS & SLES). You can read more about our code of conduct, <a href=\"\/pages\/the-toxic-20\" title=\"The Toxic 20\"><span style=\"text-decoration:underline\">The Pilgrim Code, here<\/span>.<\/a> NOTE: Be careful while buying sulfate-free products. There are brands which tell you the half-truth and say they don't use SLS, while sulfates include both SLS and SLES.<\/p>","open":false}},"395f8efe-beb1-4acd-970b-49c31f2747c2":{"type":"accordion","settings":{"title":"For how long are the products safe to use?","content":"<p>We recommend that you check the Period After Opening (PAO) mentioned on our packaging, or up to the best before date, whichever is earlier.<\/p>","open":false}},"6ade924b-6642-4824-8b04-4182d9dd7f96":{"type":"accordion","settings":{"title":"Do Pilgrim products contain fragrance?","content":"<p>Yes, some of our products contain fragrance and are clearly stated in our ingredients as ‘Parfum’ or ‘Perfume’. Products which mention “Artificial Fragrance” on the package contain fragrant essential oils that are suitable for the skin while products that mention “Fragrance-free” on the package mean the product contains no perfumes or fragrances.<\/p>","open":false}},"f9abf863-da78-4120-a504-d9830f973d5a":{"type":"content","settings":{"content":"<h2 style=\"font-size:vw;\">Animal Testing<\/h2>"}},"81509b6d-10cb-4c8c-b765-77c562a8dd96":{"type":"accordion","settings":{"title":"Do you test your products on animals?","content":"<p>- No, we are strictly against animal testing and we have been so since the inception of the brand. We are proud to be <strong>PETA-certified cruelty-free <\/strong>and<strong> vegan<\/strong>. <\/p>","open":true}},"7a86c4a0-a8f2-4b3f-8af5-0ead9acecd8b":{"type":"content","settings":{"content":"<h2 style=\"font-size:vw;\">Products<\/h2>"}},"41c5767b-ab6a-4983-af08-8d1bb55bb7f9":{"type":"accordion","settings":{"title":"Are your products 100% natural?","content":"<p>- We believe that whether natural or synthetic, the ingredients should be biocompatible with your skin. Not all ingredients that are natural are good for your skin\/hair and not all chemical ingredients are bad. Most of the ingredients we use are natural and have been carefully selected. To read about the toxic 20 ingredients that we absolutely avoid, <a href=\"\/pages\/the-toxic-20\" title=\"The Toxic 20\"><span style=\"text-decoration:underline\">please click here<\/span>.<\/a><\/p>","open":true}},"79c35eab-9307-4e32-8e28-4a23527ac1cd":{"type":"accordion","settings":{"title":"Are your products vegan\/vegetarian?","content":"<p>Yes, we are proud to be a vegan beauty brand! <\/p>","open":false}}},"block_order":["c38a0941-42c9-40cf-874e-5cdb0a9423d1","22fba691-3251-4b32-89d4-e6c5b0715be5","ddc179f1-141c-4d3a-ac50-467f906dd690","a2d8b198-e3d7-46cb-81ff-bb57bd693593","b6728891-0b96-47aa-84f3-2dca0b8d90a8","e117bae4-82a2-4842-9be5-d8f5ae33ca7b","7d110688-3297-4f5d-8040-22f430c27063","d6063299-e885-41f1-871b-48298f8c61dc","0ffdf00a-c4ae-4b7e-8cba-80476094790c","b043c9cb-014d-4f52-8d6e-4282ad7408fa","30242809-20b8-4304-a548-c446174e76e7","054b49c5-8483-419c-b8fa-4d933ad3f828","1794c4ea-a471-48af-bb2a-58b7c678ee46","23e154bb-eb4e-462a-a6c5-7460c6964ac8","f7d6c5f2-4b8a-4e04-9467-5d6105e273ae","73e40abd-bbe2-496a-9a95-c79f03be8170","c8ddb837-010f-4d72-9c47-ad19d1669989","c310f8eb-ba45-4a32-8425-d800a3751b0b","e5b2d336-c425-40da-9dea-3c8e30bd3372","03a8174d-1575-4ff2-ae06-090c1cd0278f","41f86238-5931-4f4e-851c-0c6e000e54cf","f5eac9c7-85bd-4648-890a-07189ea3dc02","b56fee8f-b53b-483a-8540-c2ee47cc1bcc","395f8efe-beb1-4acd-970b-49c31f2747c2","6ade924b-6642-4824-8b04-4182d9dd7f96","f9abf863-da78-4120-a504-d9830f973d5a","81509b6d-10cb-4c8c-b765-77c562a8dd96","7a86c4a0-a8f2-4b3f-8af5-0ead9acecd8b","41c5767b-ab6a-4983-af08-8d1bb55bb7f9","79c35eab-9307-4e32-8e28-4a23527ac1cd"],"settings":{"container":"container","menu":""}}},"order":["main"]}