{"sections":{"category_section_qr83Gc":{"type":"category_section","blocks":{"category_nav_FWeyFc":{"type":"category_nav","settings":{"cat_image":"shopify:\/\/shop_images\/Face-200x280_1.png","cat_title":"Skincare","cat_link":"shopify:\/\/pages\/skincare-homepage"}},"category_nav_kJp3A3":{"type":"category_nav","settings":{"cat_image":"shopify:\/\/shop_images\/WhatsApp_Image_2024-01-08_at_3.23.21_PM.jpg","cat_title":"Makeup","cat_link":"shopify:\/\/pages\/makeup-homepage"}},"category_nav_tphrbU":{"type":"category_nav","settings":{"cat_image":"shopify:\/\/shop_images\/WhatsApp_Image_2024-01-08_at_3.23.20_PM_2.jpg","cat_title":"Haircare","cat_link":"shopify:\/\/pages\/haircare-homepage"}}},"block_order":["category_nav_FWeyFc","category_nav_kJp3A3","category_nav_tphrbU"],"settings":{}},"slideshow":{"type":"slideshow","blocks":{"image_6qyQhh":{"type":"image","settings":{"image":"shopify:\/\/shop_images\/Buy-3-At-_899-_Homepage-Desktop-Banner_-_1920x520_-min.gif","mobile_image":"shopify:\/\/shop_images\/Buy-3-At-_899-_Homepage-Mobile-Banner_-_1000x650_-min.gif","text_position":"middle_center","subheading":"","title":"","button_1_text":"","button_1_link":"https:\/\/discoverpilgrim.com\/collections\/buy-3-at-899?ref=offerbannerhomepage","button_2_text":"","button_2_link":"","text_color":"#ffffff","button_background":"#ffffff","button_text_color":"#000000","overlay_color":"#000000","overlay_opacity":0}},"slide-1":{"type":"image","disabled":true,"settings":{"image":"shopify:\/\/shop_images\/Find_Your_Perfect_Cleanse_Purifying_Face_Washes_For_All_Skin_Type_Homepage_Desktop_Banner_1920x520_1.jpg","mobile_image":"shopify:\/\/shop_images\/Find_Your_Perfect_Cleanse_Purifying_Face_Washes_For_All_Skin_Type_Homepage_Mobile_Banner_1000x650_1.jpg","text_position":"middle_center","subheading":"","title":"","button_1_text":"","button_1_link":"https:\/\/discoverpilgrim.com\/collections\/face-washes?ref=offerhomepagebanner","button_2_text":"","button_2_link":"","text_color":"#ffffff","button_background":"#ffffff","button_text_color":"#000000","overlay_color":"#000000","overlay_opacity":0}},"slide-2":{"type":"image","disabled":true,"settings":{"image":"shopify:\/\/shop_images\/Protect_your_skin_from_harmful_UV_rays_with_our_broad-spectrum_sunscreens_Homepage_Desktop_Banner_1.jpg","mobile_image":"shopify:\/\/shop_images\/Protect_your_skin_from_harmful_UV_rays_with_our_broad-spectrum_sunscreens_Mobile_Banner_1000x650_1.jpg","text_position":"middle_center","subheading":"","title":"","button_1_text":"","button_1_link":"https:\/\/discoverpilgrim.com\/collections\/sunscreen?ref=hompage","button_2_text":"","button_2_link":"","text_color":"#ffffff","button_background":"#ffffff","button_text_color":"#000000","overlay_color":"#000000","overlay_opacity":0}},"image_GrzFe4":{"type":"image","disabled":true,"settings":{"image":"shopify:\/\/shop_images\/26th-29th_Jan_Homepage_2_1.jpg","mobile_image":"shopify:\/\/shop_images\/Liquid-Lipsticks-Homepage-Banner-1000x650_2.jpg","text_position":"middle_center","subheading":"","title":"","button_1_text":"","button_1_link":"shopify:\/\/pages\/makeup","button_2_text":"","button_2_link":"","text_color":"#ffffff","button_background":"#ffffff","button_text_color":"#000000","overlay_color":"#000000","overlay_opacity":0}},"image_ihgbUz":{"type":"image","disabled":true,"settings":{"image":"shopify:\/\/shop_images\/Kojic-Acid-Serum-Homepage-Banner-1920x520_1_1.jpg","mobile_image":"shopify:\/\/shop_images\/Kojic-Acid-Serum-Homepage-Banner-1000x650_1_e22b39ee-67ce-4505-b0d5-245919b4aacf.jpg","text_position":"middle_center","subheading":"","title":"","button_1_text":"","button_1_link":"https:\/\/discoverpilgrim.com\/products\/2-kojic-acid-serum?ref=hompage","button_2_text":"","button_2_link":"","text_color":"#ffffff","button_background":"#ffffff","button_text_color":"#000000","overlay_color":"#000000","overlay_opacity":0}}},"block_order":["image_6qyQhh","slide-1","slide-2","image_GrzFe4","image_ihgbUz"],"custom_css":[".rounded_slideshow_banner_hidden {margin-top: -15px !important; margin-bottom: -10px;}"],"settings":{"subheading":"","title":"","content":"","custom_class":"rounded_slideshow_banner_hidden swipeable_slideshow","scrollid":"","section_height":"auto","transition_type":"sweep","autoplay":true,"cycle_speed":8,"background":"rgba(0,0,0,0)","text_width":"medium","text_position":"center","text_alignment":"center"}},"countdown_timer_rYht43":{"type":"Countdown-Timer","disabled":true,"custom_css":[".flash_sale_banner_timer {position: relative; width: 100%; z-index: 3; background-color: transparent;}",".flash_sale_banner_timer .section__color-wrapper {background-color: transparent;}",".flash_sale_banner_timer #countdown-container {border: 1px solid #0000001a; font-size: 12px; font-weight: 500; line-height: 20px; padding: 4px 8px; text-transform: uppercase; width: fit-content;}"],"settings":{"subheading":"Your subheading","ending_text":"Ending In:","enddate":"2024-03-12 23:59:59","hours":10,"minutes":5,"seconds":30,"background_color":"#de2a2a","text_color":"#ffffff","custom_class":"flash_sale_banner_timer"}},"93630722-48bd-4afc-bd75-f0335269807d":{"type":"multi-column","blocks":{"7244dbd7-b688-44b8-a29b-ab5b62b68d93":{"type":"item","disabled":true,"settings":{"image":"shopify:\/\/shop_images\/Face-Care-400x560-1.png","image_by_url":"","image_width":100,"image_border":"rgba(0,0,0,0)","image_background":"rgba(0,0,0,0)","title":"","content":"","link_text":"","link_url":"","link_style":"link","text_alignment":"center","vertical_alignment":"start"}},"item_zQ8AwF":{"type":"item","disabled":true,"settings":{"image":"shopify:\/\/shop_images\/Valentines-Gifting-200x280.png","image_by_url":"","image_width":100,"image_border":"rgba(0,0,0,0)","image_background":"rgba(0,0,0,0)","title":"","content":"","link_text":"","link_url":"shopify:\/\/collections\/gifting","link_style":"link","text_alignment":"center","vertical_alignment":"start"}},"d448a8ca-a65e-4d2a-981c-84dfdde5b27e":{"type":"item","settings":{"image":"shopify:\/\/shop_images\/WhatsApp_Image_2024-01-08_at_3.23.21_PM.jpg","image_by_url":"","image_width":100,"image_border":"rgba(0,0,0,0)","image_background":"rgba(0,0,0,0)","title":"","content":"","link_text":"","link_url":"https:\/\/discoverpilgrim.com\/pages\/makeup","link_style":"link","text_alignment":"center","vertical_alignment":"start"}},"template--16781155565797__93630722-48bd-4afc-bd75-f0335269807d-item-1":{"type":"item","settings":{"image":"shopify:\/\/shop_images\/New-Launch-400x560_1.png","image_by_url":"","image_width":100,"image_border":"rgba(0,0,0,0)","image_background":"rgba(0,0,0,0)","title":"","content":"","link_text":"","link_url":"shopify:\/\/collections\/new-launch","link_style":"link","text_alignment":"center","vertical_alignment":"start"}},"afc5563b-923c-4619-b816-f9d74f2e0731":{"type":"item","settings":{"image":"shopify:\/\/shop_images\/Face-Care-400x560_1.png","image_by_url":"","image_width":100,"image_border":"rgba(0,0,0,0)","image_background":"rgba(0,0,0,0)","title":"","content":"","link_text":"","link_url":"shopify:\/\/collections\/face-care","link_style":"link","text_alignment":"center","vertical_alignment":"start"}},"16a91e2a-4d9a-40dd-888c-cc528898b0b4":{"type":"item","settings":{"image":"shopify:\/\/shop_images\/Summer-Essentials-400x560_1.png","image_by_url":"","image_width":100,"image_border":"rgba(0,0,0,0)","image_background":"rgba(0,0,0,0)","title":"","content":"","link_text":"","link_url":"shopify:\/\/collections\/summer-essentials","link_style":"link","text_alignment":"center","vertical_alignment":"start"}},"0ebfb5a0-6952-483f-927c-127043b2df04":{"type":"item","settings":{"image":"shopify:\/\/shop_images\/WhatsApp_Image_2024-01-08_at_3.23.20_PM_2.jpg","image_by_url":"","image_width":100,"image_border":"rgba(0,0,0,0)","image_background":"rgba(0,0,0,0)","title":"","content":"","link_text":"","link_url":"shopify:\/\/collections\/hair-care","link_style":"link","text_alignment":"center","vertical_alignment":"start"}},"7893e11a-7ba0-4c1f-a2b7-97de4f5760ea":{"type":"item","settings":{"image":"shopify:\/\/shop_images\/Fragrances-400x560_1.png","image_by_url":"","image_width":100,"image_border":"rgba(0,0,0,0)","image_background":"rgba(0,0,0,0)","title":"","content":"","link_text":"","link_url":"shopify:\/\/collections\/fragrances","link_style":"link","text_alignment":"center","vertical_alignment":"start"}},"6e8563ad-43d1-4959-8cac-e05a16ddab32":{"type":"item","disabled":true,"settings":{"image":"shopify:\/\/shop_images\/Shop_By_Category_7.png","image_by_url":"","image_width":100,"image_border":"rgba(0,0,0,0)","image_background":"rgba(0,0,0,0)","title":"","content":"","link_text":"","link_url":"shopify:\/\/collections\/body-care","link_style":"link","text_alignment":"center","vertical_alignment":"start"}}},"block_order":["7244dbd7-b688-44b8-a29b-ab5b62b68d93","item_zQ8AwF","d448a8ca-a65e-4d2a-981c-84dfdde5b27e","template--16781155565797__93630722-48bd-4afc-bd75-f0335269807d-item-1","afc5563b-923c-4619-b816-f9d74f2e0731","16a91e2a-4d9a-40dd-888c-cc528898b0b4","0ebfb5a0-6952-483f-927c-127043b2df04","7893e11a-7ba0-4c1f-a2b7-97de4f5760ea","6e8563ad-43d1-4959-8cac-e05a16ddab32"],"custom_css":[".flash_sale_collections {margin-top: 30px;}"],"settings":{"reveal_on_scroll":true,"stack_items":true,"subheading":"","title":"","content":"","button_text":"View all products  ➔","button_link":"shopify:\/\/collections\/all-products","scrollid":"","custom_class":"flash_sale_collections","column_alignment":"center","mobile_item_size":"small","desktop_item_size":"small","spacing":"tight","background":"rgba(0,0,0,0)","text_color":"rgba(0,0,0,0)"}},"featured-collections":{"type":"featured-collections","blocks":{"f6554865-09b3-4b56-b47a-b1f0c675727b":{"type":"collection","disabled":true,"settings":{"collection":"all-products","label":"","button_text":"View All","button_url":"https:\/\/discoverpilgrim.com\/collections\/all-products?ref=offerbannerhomepage"}},"collection-1":{"type":"collection","settings":{"collection":"bestsellers","label":"All Bestsellers","button_text":"View All","button_url":"shopify:\/\/collections\/bestsellers"}},"90f52ce2-0846-49b1-926c-c9592fe7f753":{"type":"collection","settings":{"collection":"face-care","label":"Face Care","button_text":"View All","button_url":"shopify:\/\/collections\/face-care"}},"dabc762c-5891-483b-87d4-fcc24141ca47":{"type":"collection","settings":{"collection":"makeup","label":"","button_text":"","button_url":"shopify:\/\/collections\/makeup"}},"e4a63e7b-823b-4d28-b2ba-e1f003e01111":{"type":"collection","settings":{"collection":"hair-care","label":"Hair Care","button_text":"View All","button_url":"shopify:\/\/collections\/hair-care"}}},"block_order":["f6554865-09b3-4b56-b47a-b1f0c675727b","collection-1","90f52ce2-0846-49b1-926c-c9592fe7f753","dabc762c-5891-483b-87d4-fcc24141ca47","e4a63e7b-823b-4d28-b2ba-e1f003e01111"],"settings":{"subheading":"Customer favourites","title":"In the Spotlight","content":"","scrollid":"","products_count":8,"products_per_row":4,"stack_products":false,"show_cta":true,"background":"rgba(0,0,0,0)","text_color":"rgba(0,0,0,0)","button_background":"rgba(0,0,0,0)","button_text_color":"rgba(0,0,0,0)"}},"5f83d0f8-4a11-4d46-a5f5-8dc2b86c49c3":{"type":"featured-collections","blocks":{"template--16781155565797__5f83d0f8-4a11-4d46-a5f5-8dc2b86c49c3-collection-1":{"type":"collection","settings":{"collection":"top-picks-for-you","label":"","button_text":"View all products","button_url":"shopify:\/\/collections\/all-products"}}},"block_order":["template--16781155565797__5f83d0f8-4a11-4d46-a5f5-8dc2b86c49c3-collection-1"],"disabled":true,"settings":{"subheading":"","title":"Top Selling","content":"","scrollid":"","products_count":8,"products_per_row":4,"stack_products":true,"show_cta":true,"background":"rgba(0,0,0,0)","text_color":"rgba(0,0,0,0)","button_background":"rgba(0,0,0,0)","button_text_color":"rgba(0,0,0,0)"}},"slideshow_6RaU6N":{"type":"slideshow","blocks":{"image_Daca6Q":{"type":"image","settings":{"image":"shopify:\/\/shop_images\/Perfume-Gifting-Gold-Valentine-For-Him-_-For-Her-Homepage-Banner-1920x520_2_1.jpg","mobile_image":"shopify:\/\/shop_images\/Perfume-Gifting-Gold-Valentine-For-Him-_-For-Her-Homepage-Banner-1000x650_2_1.jpg","text_position":"middle_center","subheading":"","title":"","button_1_text":"","button_1_link":"https:\/\/discoverpilgrim.com\/collections\/gifts-for-him?ref=offerhomepagebanner","button_2_text":"","button_2_link":"https:\/\/discoverpilgrim.com\/collections\/gifts-for-her?ref=offerhomepagebanner","text_color":"#ffffff","button_background":"#ffffff","button_text_color":"#000000","overlay_color":"#000000","overlay_opacity":0}}},"block_order":["image_Daca6Q"],"disabled":true,"settings":{"subheading":"","title":"","content":"","custom_class":"rounded_slideshow_banner_hidden","scrollid":"","section_height":"auto","transition_type":"sweep","autoplay":true,"cycle_speed":4,"background":"rgba(0,0,0,0)","text_width":"medium","text_position":"center","text_alignment":"center"}},"featured_collections_MthyXN":{"type":"featured-collections","blocks":{"collection_JxyaQE":{"type":"collection","settings":{"collection":"gifts-for-him","label":"","button_text":"","button_url":""}}},"block_order":["collection_JxyaQE"],"disabled":true,"settings":{"subheading":"Valentine's Special","title":"Gifts for Him","content":"","scrollid":"","products_count":50,"products_per_row":4,"stack_products":false,"show_cta":true,"background":"rgba(0,0,0,0)","text_color":"rgba(0,0,0,0)","button_background":"rgba(0,0,0,0)","button_text_color":"rgba(0,0,0,0)"}},"e8d49807-eddd-4ab2-89f4-8d24663644d6":{"type":"featured-collections","blocks":{"template--17009093050597__e8d49807-eddd-4ab2-89f4-8d24663644d6-collection-1":{"type":"collection","settings":{"collection":"makeup","label":"","button_text":"","button_url":""}}},"block_order":["template--17009093050597__e8d49807-eddd-4ab2-89f4-8d24663644d6-collection-1"],"settings":{"subheading":"Skincare Infused","title":"Makeup","content":"","scrollid":"","products_count":50,"products_per_row":4,"stack_products":false,"show_cta":true,"background":"rgba(0,0,0,0)","text_color":"rgba(0,0,0,0)","button_background":"rgba(0,0,0,0)","button_text_color":"rgba(0,0,0,0)"}},"featured_collections_DtEX97":{"type":"featured-collections","blocks":{"collection_xVmxTT":{"type":"collection","settings":{"collection":"summer-essentials","label":"","button_text":"","button_url":""}}},"block_order":["collection_xVmxTT"],"settings":{"subheading":"","title":"☀️Summer Ready Skin☀️","content":"","scrollid":"","products_count":50,"products_per_row":4,"stack_products":false,"show_cta":true,"background":"rgba(0,0,0,0)","text_color":"rgba(0,0,0,0)","button_background":"rgba(0,0,0,0)","button_text_color":"rgba(0,0,0,0)"}},"featured_collections_fUbfnt":{"type":"featured-collections","blocks":{"collection_cg97Gw":{"type":"collection","settings":{"collection":"steal-deals-minimum-50-off","label":"","button_text":"","button_url":"shopify:\/\/collections\/steal-deals-minimum-50-off"}}},"block_order":["collection_cg97Gw"],"disabled":true,"settings":{"subheading":"Minimum 50% OFF on Combos","title":"⚡Discover Steal Deals⚡","content":"","scrollid":"","products_count":4,"products_per_row":4,"stack_products":false,"show_cta":true,"background":"rgba(0,0,0,0)","text_color":"rgba(0,0,0,0)","button_background":"rgba(0,0,0,0)","button_text_color":"rgba(0,0,0,0)"}},"cd261a55-209e-4d4f-8fa9-b50a823bded7":{"type":"multi-column","blocks":{"template--16770957181157__cd261a55-209e-4d4f-8fa9-b50a823bded7-16856224205e98be32-3":{"type":"item","settings":{"image":"shopify:\/\/shop_images\/Hair-Care-400x560-1.png","image_by_url":"","image_width":80,"image_border":"rgba(0,0,0,0)","image_background":"rgba(0,0,0,0)","title":"","content":"","link_text":"","link_url":"\/collections\/hair-care\/?ref=shopbycategoryhomepage","link_style":"link","text_alignment":"center","vertical_alignment":"start"}},"a5001f54-95ad-4a15-b926-81c7d5a56dd0":{"type":"item","settings":{"image":"shopify:\/\/shop_images\/Hair-Serums-400x560-2.png","image_by_url":"","image_width":80,"image_border":"rgba(0,0,0,0)","image_background":"rgba(0,0,0,0)","title":"","content":"","link_text":"","link_url":"shopify:\/\/collections\/hair-serums","link_style":"link","text_alignment":"center","vertical_alignment":"start"}},"1fb86a5f-af59-418a-b300-52c13fdd2c67":{"type":"item","settings":{"image":"shopify:\/\/shop_images\/Shampoos-400x560-4.png","image_by_url":"","image_width":80,"image_border":"rgba(0,0,0,0)","image_background":"rgba(0,0,0,0)","title":"","content":"","link_text":"","link_url":"shopify:\/\/collections\/shampoos","link_style":"link","text_alignment":"center","vertical_alignment":"start"}},"fa6f0c82-a302-4ff0-b039-9084cd90998e":{"type":"item","settings":{"image":"shopify:\/\/shop_images\/Conditioners-400x560-5.png","image_by_url":"","image_width":80,"image_border":"rgba(0,0,0,0)","image_background":"rgba(0,0,0,0)","title":"","content":"","link_text":"","link_url":"shopify:\/\/collections\/hair-conditioner","link_style":"link","text_alignment":"center","vertical_alignment":"start"}},"49f7909a-c749-47da-8835-ef8f27a3faa1":{"type":"item","settings":{"image":"shopify:\/\/shop_images\/Hair-Masks-400x560-3.png","image_by_url":"","image_width":80,"image_border":"rgba(0,0,0,0)","image_background":"rgba(0,0,0,0)","title":"","content":"","link_text":"","link_url":"shopify:\/\/collections\/hair-masks","link_style":"link","text_alignment":"center","vertical_alignment":"start"}}},"block_order":["template--16770957181157__cd261a55-209e-4d4f-8fa9-b50a823bded7-16856224205e98be32-3","a5001f54-95ad-4a15-b926-81c7d5a56dd0","1fb86a5f-af59-418a-b300-52c13fdd2c67","fa6f0c82-a302-4ff0-b039-9084cd90998e","49f7909a-c749-47da-8835-ef8f27a3faa1"],"settings":{"reveal_on_scroll":true,"stack_items":false,"subheading":"All your beauty essentials, sorted!","title":"Shop by category","content":"","button_text":"","button_link":"","scrollid":"shop-by-category-1","custom_class":"shop_by_category","column_alignment":"center","mobile_item_size":"medium","desktop_item_size":"small","spacing":"tight","background":"rgba(0,0,0,0)","text_color":"rgba(0,0,0,0)"}},"fe8581c2-8137-4a2f-bff0-c632be0a782f":{"type":"multi-column","blocks":{"f65788b1-4817-464b-96ae-9177e1005387":{"type":"item","settings":{"image":"shopify:\/\/shop_images\/Face-Care-400x560-1_067de600-03b6-402f-9920-5408dfa24165.png","image_by_url":"","image_width":80,"image_border":"rgba(0,0,0,0)","image_background":"rgba(0,0,0,0)","title":"","content":"","link_text":"","link_url":"\/collections\/face-care\/?ref=shopbycategoryhomepage","link_style":"link","text_alignment":"center","vertical_alignment":"start"}},"18580da5-c974-485e-b158-e94e331d7a21":{"type":"item","settings":{"image":"shopify:\/\/shop_images\/Sunscreens-400x560-5.png","image_by_url":"","image_width":80,"image_border":"rgba(0,0,0,0)","image_background":"rgba(0,0,0,0)","title":"","content":"","link_text":"","link_url":"shopify:\/\/collections\/sunscreen","link_style":"link","text_alignment":"center","vertical_alignment":"start"}},"773cbf4f-5732-4ff0-8ef3-4417cf711875":{"type":"item","settings":{"image":"shopify:\/\/shop_images\/Face-Creams-400x560-4.png","image_by_url":"","image_width":80,"image_border":"rgba(0,0,0,0)","image_background":"rgba(0,0,0,0)","title":"","content":"","link_text":"","link_url":"shopify:\/\/collections\/day-creams","link_style":"link","text_alignment":"center","vertical_alignment":"start"}},"62aa40a6-5402-4096-97a3-b391e2f2c492":{"type":"item","settings":{"image":"shopify:\/\/shop_images\/Face-Serums-400x560-3.png","image_by_url":"","image_width":80,"image_border":"rgba(0,0,0,0)","image_background":"rgba(0,0,0,0)","title":"","content":"","link_text":"","link_url":"shopify:\/\/collections\/face-serums","link_style":"link","text_alignment":"center","vertical_alignment":"start"}},"d62b3730-92b9-4bc0-a886-dbb5c2cbd273":{"type":"item","settings":{"image":"shopify:\/\/shop_images\/Face-Washes-400x560-2.png","image_by_url":"","image_width":80,"image_border":"rgba(0,0,0,0)","image_background":"rgba(0,0,0,0)","title":"","content":"","link_text":"","link_url":"shopify:\/\/collections\/face-washes","link_style":"link","text_alignment":"center","vertical_alignment":"start"}}},"block_order":["f65788b1-4817-464b-96ae-9177e1005387","18580da5-c974-485e-b158-e94e331d7a21","773cbf4f-5732-4ff0-8ef3-4417cf711875","62aa40a6-5402-4096-97a3-b391e2f2c492","d62b3730-92b9-4bc0-a886-dbb5c2cbd273"],"settings":{"reveal_on_scroll":true,"stack_items":false,"subheading":"","title":"","content":"","button_text":"","button_link":"","scrollid":"","custom_class":"shop_by_category","column_alignment":"center","mobile_item_size":"medium","desktop_item_size":"small","spacing":"tight","background":"rgba(0,0,0,0)","text_color":"rgba(0,0,0,0)"}},"bc2db000-b21c-4ea5-bd2f-fca16108bdba":{"type":"multi-column","blocks":{"f9d49ea5-f9c7-48dd-ac72-9a29f5dbbcf7":{"type":"item","settings":{"image":"shopify:\/\/shop_images\/Make-Up-200x280.png","image_by_url":"","image_width":80,"image_border":"rgba(0,0,0,0)","image_background":"rgba(0,0,0,0)","title":"","content":"","link_text":"","link_url":"shopify:\/\/collections\/makeup","link_style":"link","text_alignment":"center","vertical_alignment":"start"}},"fd68c3a7-b942-4555-a8cd-46b5a63541f2":{"type":"item","settings":{"image":"shopify:\/\/shop_images\/Lips-200x280_1.png","image_by_url":"","image_width":80,"image_border":"rgba(0,0,0,0)","image_background":"rgba(0,0,0,0)","title":"","content":"","link_text":"","link_url":"shopify:\/\/collections\/makeup-lips","link_style":"link","text_alignment":"center","vertical_alignment":"start"}},"cc4c0e78-a11f-4069-aca6-2550c51949ba":{"type":"item","settings":{"image":"shopify:\/\/shop_images\/Face-200x280_1.png","image_by_url":"","image_width":80,"image_border":"rgba(0,0,0,0)","image_background":"rgba(0,0,0,0)","title":"","content":"","link_text":"","link_url":"shopify:\/\/collections\/makeup-face","link_style":"link","text_alignment":"center","vertical_alignment":"start"}},"b136d18a-aec5-44ac-8cd4-a80f477b84df":{"type":"item","settings":{"image":"shopify:\/\/shop_images\/Eyes-200x280_1.png","image_by_url":"","image_width":80,"image_border":"rgba(0,0,0,0)","image_background":"rgba(0,0,0,0)","title":"","content":"","link_text":"","link_url":"shopify:\/\/collections\/makeup-eyes","link_style":"link","text_alignment":"center","vertical_alignment":"start"}}},"block_order":["f9d49ea5-f9c7-48dd-ac72-9a29f5dbbcf7","fd68c3a7-b942-4555-a8cd-46b5a63541f2","cc4c0e78-a11f-4069-aca6-2550c51949ba","b136d18a-aec5-44ac-8cd4-a80f477b84df"],"settings":{"reveal_on_scroll":true,"stack_items":false,"subheading":"","title":"","content":"","button_text":"","button_link":"","scrollid":"","custom_class":"shop_by_category","column_alignment":"center","mobile_item_size":"medium","desktop_item_size":"small","spacing":"tight","background":"rgba(0,0,0,0)","text_color":"rgba(0,0,0,0)"}},"adfec50d-b300-440f-9f96-841cf32924ac":{"type":"multi-column","blocks":{"451ffcdf-0ec7-4c17-8394-1b255bf2fff9":{"type":"item","settings":{"image":"shopify:\/\/shop_images\/Body-Care-400x560-1.png","image_by_url":"","image_width":80,"image_border":"rgba(0,0,0,0)","image_background":"rgba(0,0,0,0)","title":"","content":"","link_text":"","link_url":"\/collections\/body-care\/?ref=shopbycategoryhomepage","link_style":"link","text_alignment":"center","vertical_alignment":"start"}},"d466c33e-7c30-4a7e-86c3-c3582f0a9658":{"type":"item","settings":{"image":"shopify:\/\/shop_images\/EDPs-400x560-4_1_1.png","image_by_url":"","image_width":80,"image_border":"rgba(0,0,0,0)","image_background":"rgba(0,0,0,0)","title":"","content":"","link_text":"","link_url":"shopify:\/\/collections\/perfumes","link_style":"link","text_alignment":"center","vertical_alignment":"start"}},"4f1e9f71-8993-4342-93df-6b83a070cd98":{"type":"item","settings":{"image":"shopify:\/\/shop_images\/Body-Mists-400x560-3.png","image_by_url":"","image_width":80,"image_border":"rgba(0,0,0,0)","image_background":"rgba(0,0,0,0)","title":"","content":"","link_text":"","link_url":"shopify:\/\/collections\/body-mists","link_style":"link","text_alignment":"center","vertical_alignment":"start"}},"2720fa0d-7d59-44ac-bc03-3e46d119d991":{"type":"item","settings":{"image":"shopify:\/\/shop_images\/Body-Lotions-400x560-2.png","image_by_url":"","image_width":80,"image_border":"rgba(0,0,0,0)","image_background":"rgba(0,0,0,0)","title":"","content":"","link_text":"","link_url":"https:\/\/discoverpilgrim.com\/collections\/body-serum-lotions?ref=quickfilters","link_style":"link","text_alignment":"center","vertical_alignment":"start"}}},"block_order":["451ffcdf-0ec7-4c17-8394-1b255bf2fff9","d466c33e-7c30-4a7e-86c3-c3582f0a9658","4f1e9f71-8993-4342-93df-6b83a070cd98","2720fa0d-7d59-44ac-bc03-3e46d119d991"],"settings":{"reveal_on_scroll":true,"stack_items":false,"subheading":"","title":"","content":"","button_text":"","button_link":"","scrollid":"","custom_class":"shop_by_category","column_alignment":"center","mobile_item_size":"medium","desktop_item_size":"small","spacing":"tight","background":"rgba(0,0,0,0)","text_color":"rgba(0,0,0,0)"}},"multi_column_9rrgae":{"type":"multi-column","blocks":{"item_KAYaFK":{"type":"item","settings":{"image":"shopify:\/\/shop_images\/Lip-Care-400x560-1.png","image_by_url":"","image_width":80,"image_border":"rgba(0,0,0,0)","image_background":"rgba(0,0,0,0)","title":"","content":"","link_text":"","link_url":"shopify:\/\/collections\/lip-care","link_style":"link","text_alignment":"center","vertical_alignment":"start"}},"item_n6hnzK":{"type":"item","settings":{"image":"shopify:\/\/shop_images\/Lip-Serums-400x560-2.png","image_by_url":"","image_width":80,"image_border":"rgba(0,0,0,0)","image_background":"rgba(0,0,0,0)","title":"","content":"","link_text":"","link_url":"shopify:\/\/collections\/lip-serum","link_style":"link","text_alignment":"center","vertical_alignment":"start"}},"item_MgEQX9":{"type":"item","settings":{"image":"shopify:\/\/shop_images\/Lip-Balms-400x560-3.png","image_by_url":"","image_width":80,"image_border":"rgba(0,0,0,0)","image_background":"rgba(0,0,0,0)","title":"","content":"","link_text":"","link_url":"shopify:\/\/collections\/lip-balm","link_style":"link","text_alignment":"center","vertical_alignment":"start"}},"item_ktEBrV":{"type":"item","settings":{"image":"shopify:\/\/shop_images\/Lip-Scrubs-400x560-5.png","image_by_url":"","image_width":80,"image_border":"rgba(0,0,0,0)","image_background":"rgba(0,0,0,0)","title":"","content":"","link_text":"","link_url":"shopify:\/\/collections\/lip-scrub","link_style":"link","text_alignment":"center","vertical_alignment":"start"}}},"block_order":["item_KAYaFK","item_n6hnzK","item_MgEQX9","item_ktEBrV"],"settings":{"reveal_on_scroll":true,"stack_items":false,"subheading":"","title":"","content":"","button_text":"","button_link":"","scrollid":"","custom_class":"shop_by_category","column_alignment":"center","mobile_item_size":"medium","desktop_item_size":"small","spacing":"tight","background":"rgba(0,0,0,0)","text_color":"rgba(0,0,0,0)"}},"883588eb-9611-41b2-8bd0-924002eb87c5":{"type":"featured-collections","blocks":{"69441570-fa4e-42d6-aeab-e27bc89b402e":{"type":"collection","settings":{"collection":"new-launch","label":"All New Arrivals","button_text":"All New Arrivals","button_url":"shopify:\/\/collections\/new-launch"}},"collection_FmK9Gq":{"type":"collection","settings":{"collection":"face-care-new-arrivals","label":"Face Care","button_text":"Face Care","button_url":""}},"collection_wrGCJJ":{"type":"collection","settings":{"collection":"makeup-new-arrivals","label":"Makeup","button_text":"Makeup","button_url":""}},"collection_i7RmEe":{"type":"collection","settings":{"collection":"hair-care-new-arrivals","label":"Hair Care","button_text":"Hair Care","button_url":""}}},"block_order":["69441570-fa4e-42d6-aeab-e27bc89b402e","collection_FmK9Gq","collection_wrGCJJ","collection_i7RmEe"],"settings":{"subheading":"","title":"Shop the Latest","content":"","scrollid":"","products_count":8,"products_per_row":4,"stack_products":false,"show_cta":true,"background":"rgba(0,0,0,0)","text_color":"rgba(0,0,0,0)","button_background":"rgba(0,0,0,0)","button_text_color":"rgba(0,0,0,0)"}},"shop-the-look":{"type":"shop-the-look","blocks":{"look-1":{"type":"look","settings":{"image":"shopify:\/\/shop_images\/Shop-The-Look-Banner-EDP-2160x1000_1.jpg","mobile_image":"shopify:\/\/shop_images\/Shop-The-Look-Banner-EDP-1000x700_1.jpg","dot_type":"normal","product_1":"alpha-perfume-edp","product_1_horizontal_position":54,"product_1_vertical_position":65,"product_1_horizontal_position_mobile":29,"product_1_vertical_position_mobile":73,"product_2":"zen-perfume-edp","product_2_horizontal_position":68,"product_2_vertical_position":45,"product_2_horizontal_position_mobile":48,"product_2_vertical_position_mobile":49,"product_3":"greek-god-perfume-edp","product_3_horizontal_position":80,"product_3_vertical_position":62,"product_3_horizontal_position_mobile":78,"product_3_vertical_position_mobile":65}},"629dbe6e-6e83-48ca-b5ed-1d653f2dc22c":{"type":"look","disabled":true,"settings":{"dot_type":"normal","product_1":"","product_1_horizontal_position":30,"product_1_vertical_position":30,"product_1_horizontal_position_mobile":30,"product_1_vertical_position_mobile":30,"product_2":"","product_2_horizontal_position":50,"product_2_vertical_position":50,"product_2_horizontal_position_mobile":50,"product_2_vertical_position_mobile":50,"product_3":"","product_3_horizontal_position":70,"product_3_vertical_position":70,"product_3_horizontal_position_mobile":70,"product_3_vertical_position_mobile":70}},"1e00495e-4930-46a1-8a9d-85b144a57024":{"type":"look","disabled":true,"settings":{"dot_type":"inverted","product_1":"","product_1_horizontal_position":30,"product_1_vertical_position":30,"product_1_horizontal_position_mobile":30,"product_1_vertical_position_mobile":30,"product_2":"","product_2_horizontal_position":50,"product_2_vertical_position":50,"product_2_horizontal_position_mobile":50,"product_2_vertical_position_mobile":50,"product_3":"","product_3_horizontal_position":70,"product_3_vertical_position":70,"product_3_horizontal_position_mobile":70,"product_3_vertical_position_mobile":70}},"a2d38d85-0529-4d12-a7cc-fb054d77c5ab":{"type":"look","disabled":true,"settings":{"dot_type":"inverted","product_1":"","product_1_horizontal_position":30,"product_1_vertical_position":30,"product_1_horizontal_position_mobile":30,"product_1_vertical_position_mobile":30,"product_2":"","product_2_horizontal_position":50,"product_2_vertical_position":50,"product_2_horizontal_position_mobile":50,"product_2_vertical_position_mobile":50,"product_3":"","product_3_horizontal_position":70,"product_3_vertical_position":70,"product_3_horizontal_position_mobile":70,"product_3_vertical_position_mobile":70}}},"block_order":["look-1","629dbe6e-6e83-48ca-b5ed-1d653f2dc22c","1e00495e-4930-46a1-8a9d-85b144a57024","a2d38d85-0529-4d12-a7cc-fb054d77c5ab"],"disabled":true,"settings":{"reveal_on_scroll":true,"label":"Shop the looks"}},"53ba654a-c8c4-42d1-871b-7daf1d3d5bfa":{"type":"collection-list","blocks":{"template--16781155565797__53ba654a-c8c4-42d1-871b-7daf1d3d5bfa-collection-1":{"type":"collection","disabled":true,"settings":{"collection":"","image":"shopify:\/\/shop_images\/Buy-2-At-649-Offer-Slider-Banner-800x400_9d7f7539-80a6-404e-addf-60b9bcab9d92.jpg","subheading":"","title":"","link_text":"","link_url":"https:\/\/discoverpilgrim.com\/collections\/buy-2-at-649\/?ref=offerbannerhomepage","text_color":"rgba(0,0,0,0)","overlay_color":"#000000","overlay_opacity":30}},"template--16781155565797__53ba654a-c8c4-42d1-871b-7daf1d3d5bfa-collection-2":{"type":"collection","disabled":true,"settings":{"collection":"","image":"shopify:\/\/shop_images\/Buy-4-At-1249-Offer-Slider-Banner-800x400_159310c2-8624-4c40-9d97-bfc733cda225.jpg","subheading":"","title":"","link_text":"","link_url":"https:\/\/discoverpilgrim.com\/collections\/buy-4-1249\/?ref=offerbannerhomepage","text_color":"rgba(0,0,0,0)","overlay_color":"#000000","overlay_opacity":30}},"template--16781155565797__53ba654a-c8c4-42d1-871b-7daf1d3d5bfa-collection-3":{"type":"collection","disabled":true,"settings":{"collection":"","image":"shopify:\/\/shop_images\/Flat-20_-OFF-Hair-Care-Offer-Slider-Banner-800x400_1.jpg","subheading":"","title":"","link_text":"","link_url":"https:\/\/discoverpilgrim.com\/collections\/hair-care\/?ref=offerbannerhomepage","text_color":"rgba(0,0,0,0)","overlay_color":"#000000","overlay_opacity":30}},"template--16781155565797__53ba654a-c8c4-42d1-871b-7daf1d3d5bfa-collection-4":{"type":"collection","disabled":true,"settings":{"collection":"all-products","image":"shopify:\/\/shop_images\/B2G2-FREE-Offer-Slider-Banner-800x400.jpg","subheading":"","title":"","link_text":"","link_url":"https:\/\/discoverpilgrim.com\/collections\/all-products?ref=offerbannerhomepage","text_color":"rgba(0,0,0,0)","overlay_color":"#000000","overlay_opacity":30}},"template--16781155565797__53ba654a-c8c4-42d1-871b-7daf1d3d5bfa-collection-5":{"type":"collection","disabled":true,"settings":{"collection":"","subheading":"","title":"","link_text":"","link_url":"","text_color":"rgba(0,0,0,0)","overlay_color":"#000000","overlay_opacity":30}},"template--16781155565797__53ba654a-c8c4-42d1-871b-7daf1d3d5bfa-collection-6":{"type":"collection","disabled":true,"settings":{"collection":"","subheading":"","title":"","link_text":"","link_url":"","text_color":"rgba(0,0,0,0)","overlay_color":"#000000","overlay_opacity":30}}},"block_order":["template--16781155565797__53ba654a-c8c4-42d1-871b-7daf1d3d5bfa-collection-1","template--16781155565797__53ba654a-c8c4-42d1-871b-7daf1d3d5bfa-collection-2","template--16781155565797__53ba654a-c8c4-42d1-871b-7daf1d3d5bfa-collection-3","template--16781155565797__53ba654a-c8c4-42d1-871b-7daf1d3d5bfa-collection-4","template--16781155565797__53ba654a-c8c4-42d1-871b-7daf1d3d5bfa-collection-5","template--16781155565797__53ba654a-c8c4-42d1-871b-7daf1d3d5bfa-collection-6"],"disabled":true,"settings":{"reveal_on_scroll":true,"layout":"carousel","subheading":"","title":"","background":"rgba(0,0,0,0)","text_color":"rgba(0,0,0,0)"}},"189485f5-ec96-4478-8347-a4a4cfbb50dd":{"type":"logo-list","blocks":{"template--16781155565797__189485f5-ec96-4478-8347-a4a4cfbb50dd-168958619939dcd5ec-0":{"type":"logo","settings":{"logo":"shopify:\/\/shop_images\/Brightening-Kit-450x175.png","link":"shopify:\/\/products\/vitamin-c-brightening-kit"}},"template--16781155565797__189485f5-ec96-4478-8347-a4a4cfbb50dd-168958619939dcd5ec-1":{"type":"logo","settings":{"logo":"shopify:\/\/shop_images\/Anti-Acne-Kit-450x175.png","link":"shopify:\/\/products\/daily-anti-acne-kit"}},"template--16781155565797__189485f5-ec96-4478-8347-a4a4cfbb50dd-168958619939dcd5ec-2":{"type":"logo","settings":{"logo":"shopify:\/\/shop_images\/Glow-Kit-450x175.png","link":"shopify:\/\/products\/detan-glow-men-skincare-kit"}},"template--16781155565797__189485f5-ec96-4478-8347-a4a4cfbb50dd-168958619939dcd5ec-3":{"type":"logo","settings":{"logo":"shopify:\/\/shop_images\/Anti-Ageing-Kit-450x175_e3fee47c-1e28-4f40-a2e9-30d1b84fb208.png","link":"shopify:\/\/products\/anti-ageing-kit-with-french-red-vine"}},"template--16781155565797__189485f5-ec96-4478-8347-a4a4cfbb50dd-168958619939dcd5ec-4":{"type":"logo","settings":{"logo":"shopify:\/\/shop_images\/Hydration-Kit-450x175_f0eaba52-9845-48e0-8a1a-9902b3c13588.png","link":"shopify:\/\/products\/daily-hydration-kit-with-spanish-squalane"}},"template--16781155565797__189485f5-ec96-4478-8347-a4a4cfbb50dd-168958619939dcd5ec-5":{"type":"logo","settings":{"logo":"shopify:\/\/shop_images\/Hair-Regrowth-Kit-450x175_46a6626f-bfa5-4ab8-9154-c4e39fecb4dd.png","link":"shopify:\/\/products\/hair-regrowth-kit"}},"20762933-6274-488f-96b2-b9f03a2a8622":{"type":"logo","settings":{"logo":"shopify:\/\/shop_images\/Golden-Glow-Kit-450x175_342b3dca-32fe-4b45-a902-bea27945a748.png","link":"shopify:\/\/products\/24k-gold-skincare-kit"}},"64da9be9-b253-4194-a2dd-8670ae789295":{"type":"logo","settings":{"logo":"shopify:\/\/shop_images\/Hair-Smoothening-Kit-450x175_21d0f8cb-d019-4f9b-a1ce-2ac3723de98c.png","link":"shopify:\/\/products\/amazon-rainforest-shampoo-conditioner-combo-1"}}},"block_order":["template--16781155565797__189485f5-ec96-4478-8347-a4a4cfbb50dd-168958619939dcd5ec-0","template--16781155565797__189485f5-ec96-4478-8347-a4a4cfbb50dd-168958619939dcd5ec-1","template--16781155565797__189485f5-ec96-4478-8347-a4a4cfbb50dd-168958619939dcd5ec-2","template--16781155565797__189485f5-ec96-4478-8347-a4a4cfbb50dd-168958619939dcd5ec-3","template--16781155565797__189485f5-ec96-4478-8347-a4a4cfbb50dd-168958619939dcd5ec-4","template--16781155565797__189485f5-ec96-4478-8347-a4a4cfbb50dd-168958619939dcd5ec-5","20762933-6274-488f-96b2-b9f03a2a8622","64da9be9-b253-4194-a2dd-8670ae789295"],"custom_css":[],"settings":{"reveal_on_scroll":true,"subheading":"Beauty Made Simple","title":"Kits To Solve Your Concerns","button_text":"","button_link":"","custom_class":"concern_based_kits","stack_logos":true,"background":"rgba(0,0,0,0)","text_color":"rgba(0,0,0,0)","button_background":"rgba(0,0,0,0)","button_text_color":"rgba(0,0,0,0)","logo_background":"rgba(0,0,0,0)"}},"a0f8f061-8c1b-4d37-a0f9-1f07449099f9":{"type":"collection-list","blocks":{"template--16770957181157__a0f8f061-8c1b-4d37-a0f9-1f07449099f9-16863976975f9bb1a6-0":{"type":"collection","settings":{"collection":"","image":"shopify:\/\/shop_images\/Yamis-Picks-Banner-1080x1080_d119adf9-4391-4673-a4f2-8efa1e9452e3.jpg","subheading":"","title":"","link_text":"","link_url":"\/collections\/hair-care\/?ref=celebmusthavehomepage","text_color":"rgba(0,0,0,0)","overlay_color":"#000000","overlay_opacity":27}},"template--16770957181157__a0f8f061-8c1b-4d37-a0f9-1f07449099f9-16863976975f9bb1a6-1":{"type":"collection","disabled":true,"settings":{"collection":"","image":"shopify:\/\/shop_images\/WhatsApp_Image_2023-01-11_at_6.02.38_PM.jpg","subheading":"","title":"","link_text":"","link_url":"\/collections\/kalkis-picks-1\/?ref=celebmusthavehomepage","text_color":"rgba(0,0,0,0)","overlay_color":"#000000","overlay_opacity":30}},"collection_HGfqB4":{"type":"collection","disabled":true,"settings":{"collection":"","image":"shopify:\/\/shop_images\/Influncer-Picks-Banner-1080x1080-4_1_1.jpg","subheading":"","title":"","link_text":"","link_url":"https:\/\/discoverpilgrim.com\/products\/3-redensyl-4-anagain-hair-growth-serum?ref=homepagetile","text_color":"rgba(0,0,0,0)","overlay_color":"#000000","overlay_opacity":30}},"template--16770957181157__a0f8f061-8c1b-4d37-a0f9-1f07449099f9-16863976975f9bb1a6-3":{"type":"collection","settings":{"collection":"","image":"shopify:\/\/shop_images\/WhatsApp_Image_2023-01-11_at_5.58.21_PM_1.jpg","subheading":"","title":"","link_text":"","link_url":"\/collections\/influencer-top-picks\/?ref=celebmusthavehomepage","text_color":"rgba(0,0,0,0)","overlay_color":"#000000","overlay_opacity":30}},"template--16770957181157__a0f8f061-8c1b-4d37-a0f9-1f07449099f9-16863976975f9bb1a6-2":{"type":"collection","disabled":true,"settings":{"collection":"","image":"shopify:\/\/shop_images\/WhatsApp_Image_2023-01-11_at_6.02.37_PM.jpg","subheading":"","title":"","link_text":"","link_url":"\/collections\/secrets-of-seville\/?ref=celebmusthavehomepage","text_color":"rgba(0,0,0,0)","overlay_color":"#000000","overlay_opacity":30}},"template--16770957181157__a0f8f061-8c1b-4d37-a0f9-1f07449099f9-16863976975f9bb1a6-4":{"type":"collection","disabled":true,"settings":{"collection":"","subheading":"","title":"","link_text":"","link_url":"","text_color":"rgba(0,0,0,0)","overlay_color":"#000000","overlay_opacity":30}},"template--16770957181157__a0f8f061-8c1b-4d37-a0f9-1f07449099f9-16863976975f9bb1a6-5":{"type":"collection","disabled":true,"settings":{"collection":"","subheading":"","title":"","link_text":"","link_url":"","text_color":"rgba(0,0,0,0)","overlay_color":"#000000","overlay_opacity":30}}},"block_order":["template--16770957181157__a0f8f061-8c1b-4d37-a0f9-1f07449099f9-16863976975f9bb1a6-0","template--16770957181157__a0f8f061-8c1b-4d37-a0f9-1f07449099f9-16863976975f9bb1a6-1","collection_HGfqB4","template--16770957181157__a0f8f061-8c1b-4d37-a0f9-1f07449099f9-16863976975f9bb1a6-3","template--16770957181157__a0f8f061-8c1b-4d37-a0f9-1f07449099f9-16863976975f9bb1a6-2","template--16770957181157__a0f8f061-8c1b-4d37-a0f9-1f07449099f9-16863976975f9bb1a6-4","template--16770957181157__a0f8f061-8c1b-4d37-a0f9-1f07449099f9-16863976975f9bb1a6-5"],"settings":{"reveal_on_scroll":true,"layout":"carousel","subheading":"Red Carpet-ready, Everyday","title":"Celeb Must-Haves","background":"rgba(0,0,0,0)","text_color":"rgba(0,0,0,0)"}},"0405f1b3-50ff-4f22-a853-b04b8f52a0b5":{"type":"image-with-text","blocks":{"4465704e-ae95-43ff-877d-0684cc7f525a":{"type":"item","settings":{"image":"shopify:\/\/shop_images\/tinified-New-Pilgrim-Code_1.png","tab_label":"Our Promise","subheading":"","title":"Our Promise","content":"<p>Pilgrim is \"Clean Compatible\". Not just <strong>free of harmful and toxic chemicals<\/strong> but uses only those ingredients that either enhance the health of our hair &<br\/>skin or support the<strong> effectiveness of formulations<\/strong>.<\/p>","button_text":"","button_link":"https:\/\/discoverpilgrim.com\/pages\/about-us\/?ref=ourpromisehomepage"}}},"block_order":["4465704e-ae95-43ff-877d-0684cc7f525a"],"settings":{"reveal_on_scroll":true,"background_type":"full_width","background_overlap":"both","image_position":"left","text_alignment":"center","cycle_speed":8,"accent_background":"#fffaf3","text_color":"rgba(0,0,0,0)","button_background":"#ffc105","button_text_color":"rgba(0,0,0,0)"}},"01974e39-80fd-4525-bb31-4d6a5c08d986":{"type":"gallery","blocks":{"template--16770957181157__01974e39-80fd-4525-bb31-4d6a5c08d986-168639748640bc8435-2":{"type":"image","settings":{"image":"shopify:\/\/shop_images\/Testimonial-1080x1500-5.png","image_by_url":"","caption":"","link_url":"https:\/\/discoverpilgrim.com\/products\/3-redensyl-4-anagain-hair-growth-serum\/?ref=testimonials"}},"template--16770957181157__01974e39-80fd-4525-bb31-4d6a5c08d986-168639748640bc8435-0":{"type":"image","settings":{"image":"shopify:\/\/shop_images\/Testimonial-1080x1500-1.png","image_by_url":"https:\/\/discoverpilgrim.com\/products\/red-vine-face-cream-spf-30-with-vitamin-c-rosehip-oil-pa\/?ref=testimonials","caption":"","link_url":"https:\/\/discoverpilgrim.com\/products\/red-vine-face-cream-spf-30-with-vitamin-c-rosehip-oil-pa\/?ref=testimonials"}},"1bb7c4c8-8e6e-4bb0-aef1-b5460f4d4440":{"type":"image","settings":{"image":"shopify:\/\/shop_images\/Testimonial-1080x1500-2.png","image_by_url":"","caption":"","link_url":"shopify:\/\/products\/24k-gold-facial-mask"}},"template--16770957181157__01974e39-80fd-4525-bb31-4d6a5c08d986-168639748640bc8435-1":{"type":"image","settings":{"image":"shopify:\/\/shop_images\/Testimonial-1080x1500-4.png","image_by_url":"https:\/\/discoverpilgrim.com\/products\/squalane-glow-moisturizer\/?ref=testimonials","caption":"","link_url":"https:\/\/discoverpilgrim.com\/products\/squalane-glow-moisturizer\/?ref=testimonials"}},"247a8d1c-5a7a-419e-9d21-08d033078e7b":{"type":"image","settings":{"image":"shopify:\/\/shop_images\/Testimonial-1080x1500-3.png","image_by_url":"https:\/\/discoverpilgrim.com\/products\/25-aha-2-bha-5-pha-peeling-solution\/?ref=testimonials","caption":"","link_url":"https:\/\/discoverpilgrim.com\/products\/25-aha-2-bha-5-pha-peeling-solution\/?ref=testimonials"}}},"block_order":["template--16770957181157__01974e39-80fd-4525-bb31-4d6a5c08d986-168639748640bc8435-2","template--16770957181157__01974e39-80fd-4525-bb31-4d6a5c08d986-168639748640bc8435-0","1bb7c4c8-8e6e-4bb0-aef1-b5460f4d4440","template--16770957181157__01974e39-80fd-4525-bb31-4d6a5c08d986-168639748640bc8435-1","247a8d1c-5a7a-419e-9d21-08d033078e7b"],"settings":{"subheading":"Unconditional Love from","title":"#PilgrimTribe","custom_class":"shadowed-box","scrollid":"","show_arrows":true,"column_alignment":"center","background":"rgba(0,0,0,0)","text_color":"rgba(0,0,0,0)"}},"48e77926-a94a-4ea3-9e18-2bc52d94cd6a":{"type":"logo-list","blocks":{"template--16770957181157__48e77926-a94a-4ea3-9e18-2bc52d94cd6a-16856219890e32d405-0":{"type":"logo","settings":{"logo":"shopify:\/\/shop_images\/cosmopolitan.png","link":""}},"template--16770957181157__48e77926-a94a-4ea3-9e18-2bc52d94cd6a-16856219890e32d405-4":{"type":"logo","settings":{"logo":"shopify:\/\/shop_images\/yourstory_logo_e30fe944-233c-417e-ad05-8ffd5705c4e4.png","link":""}},"template--16770957181157__48e77926-a94a-4ea3-9e18-2bc52d94cd6a-16856219890e32d405-1":{"type":"logo","settings":{"logo":"shopify:\/\/shop_images\/the-times-of-india.png","link":""}},"template--16770957181157__48e77926-a94a-4ea3-9e18-2bc52d94cd6a-16856219890e32d405-2":{"type":"logo","settings":{"logo":"shopify:\/\/shop_images\/grazia.png","link":""}},"template--16770957181157__48e77926-a94a-4ea3-9e18-2bc52d94cd6a-16856219890e32d405-3":{"type":"logo","settings":{"logo":"shopify:\/\/shop_images\/Femina_logo.png","link":""}},"template--16770957181157__48e77926-a94a-4ea3-9e18-2bc52d94cd6a-16856219890e32d405-5":{"type":"logo","disabled":true,"settings":{"link":""}}},"block_order":["template--16770957181157__48e77926-a94a-4ea3-9e18-2bc52d94cd6a-16856219890e32d405-0","template--16770957181157__48e77926-a94a-4ea3-9e18-2bc52d94cd6a-16856219890e32d405-4","template--16770957181157__48e77926-a94a-4ea3-9e18-2bc52d94cd6a-16856219890e32d405-1","template--16770957181157__48e77926-a94a-4ea3-9e18-2bc52d94cd6a-16856219890e32d405-2","template--16770957181157__48e77926-a94a-4ea3-9e18-2bc52d94cd6a-16856219890e32d405-3","template--16770957181157__48e77926-a94a-4ea3-9e18-2bc52d94cd6a-16856219890e32d405-5"],"settings":{"reveal_on_scroll":true,"subheading":"Yay! We're talk of the town","title":"Featured In","button_text":"","button_link":"","custom_class":"","stack_logos":false,"background":"rgba(0,0,0,0)","text_color":"rgba(0,0,0,0)","button_background":"rgba(0,0,0,0)","button_text_color":"rgba(0,0,0,0)","logo_background":"rgba(0,0,0,0)"}}},"order":["category_section_qr83Gc","slideshow","countdown_timer_rYht43","93630722-48bd-4afc-bd75-f0335269807d","featured-collections","5f83d0f8-4a11-4d46-a5f5-8dc2b86c49c3","slideshow_6RaU6N","featured_collections_MthyXN","e8d49807-eddd-4ab2-89f4-8d24663644d6","featured_collections_DtEX97","featured_collections_fUbfnt","cd261a55-209e-4d4f-8fa9-b50a823bded7","fe8581c2-8137-4a2f-bff0-c632be0a782f","bc2db000-b21c-4ea5-bd2f-fca16108bdba","adfec50d-b300-440f-9f96-841cf32924ac","multi_column_9rrgae","883588eb-9611-41b2-8bd0-924002eb87c5","shop-the-look","53ba654a-c8c4-42d1-871b-7daf1d3d5bfa","189485f5-ec96-4478-8347-a4a4cfbb50dd","a0f8f061-8c1b-4d37-a0f9-1f07449099f9","0405f1b3-50ff-4f22-a853-b04b8f52a0b5","01974e39-80fd-4525-bb31-4d6a5c08d986","48e77926-a94a-4ea3-9e18-2bc52d94cd6a"]}