{"sections":{"main":{"type":"main-list-collections","blocks":{"2ec61de8-c1bd-4c96-9b47-c879c8f9c11c":{"type":"collection","settings":{"collection":"","text_color":"rgba(0,0,0,0)","overlay_color":"#000000","overlay_opacity":30}},"2a99256f-cac6-4e52-b54a-b7f4d17129e5":{"type":"collection","settings":{"collection":"","text_color":"rgba(0,0,0,0)","overlay_color":"#000000","overlay_opacity":30}}},"block_order":["2ec61de8-c1bd-4c96-9b47-c879c8f9c11c","2a99256f-cac6-4e52-b54a-b7f4d17129e5"],"disabled":true,"settings":{"collections_to_show":"all","show_collection_title":true}}},"order":["main"]}