{"sections":{"main":{"type":"main-page","disabled":true,"settings":{"show_title":true,"page_width":"medium"}},"7e274d31-5cfe-4e1b-b5ce-43ac645cc980":{"type":"image-with-text","blocks":{"template--16776545403109__7e274d31-5cfe-4e1b-b5ce-43ac645cc980-16872693292f23052c-0":{"type":"item","disabled":true,"settings":{"tab_label":"Item","subheading":"Subheading","title":"Image with text","content":"<p>Use image with text to give your customers insight into your brand. Select imagery and text that relates to your style and story.<\/p>","button_text":"","button_link":""}}},"block_order":["template--16776545403109__7e274d31-5cfe-4e1b-b5ce-43ac645cc980-16872693292f23052c-0"],"disabled":true,"settings":{"reveal_on_scroll":true,"background_type":"full_width","background_overlap":"image","image_position":"left","text_alignment":"center","cycle_speed":8,"accent_background":"rgba(0,0,0,0)","text_color":"rgba(0,0,0,0)","button_background":"rgba(0,0,0,0)","button_text_color":"rgba(0,0,0,0)"}},"category_section_qr83Gc":{"type":"category_section","blocks":{"category_nav_FWeyFc":{"type":"category_nav","settings":{"cat_image":"shopify:\/\/shop_images\/Face-200x280_1.png","cat_title":"Skincare","cat_link":"shopify:\/\/pages\/skincare-homepage"}},"category_nav_kJp3A3":{"type":"category_nav","settings":{"cat_image":"shopify:\/\/shop_images\/WhatsApp_Image_2024-01-08_at_3.23.21_PM.jpg","cat_title":"Makeup","cat_link":"shopify:\/\/pages\/makeup-homepage"}},"category_nav_tphrbU":{"type":"category_nav","settings":{"cat_image":"shopify:\/\/shop_images\/WhatsApp_Image_2024-01-08_at_3.23.20_PM_2.jpg","cat_title":"Haircare","cat_link":"shopify:\/\/pages\/haircare-homepage"}}},"block_order":["category_nav_FWeyFc","category_nav_kJp3A3","category_nav_tphrbU"],"settings":{}},"0db9f9a3-6c0a-47e5-afcc-cb7c984e6774":{"type":"slideshow","blocks":{"image_JEtY4i":{"type":"image","disabled":true,"settings":{"image":"shopify:\/\/shop_images\/Any_Body_Mist_299_Homepage_Desktop_Banner_1920x520_dd117366-c3da-4905-9e2d-f2dfbad14bca.jpg","mobile_image":"shopify:\/\/shop_images\/Any_Body_Mist_299_Homepage_Mobile_Banner_1000x650_6ef1db6e-b8e8-4921-af29-850a88b0599c.jpg","text_position":"middle_center","subheading":"","title":"","button_1_text":"","button_1_link":"https:\/\/discoverpilgrim.com\/collections\/body-mists?ref=offerbannerhomepage","button_2_text":"","button_2_link":"","text_color":"#ffffff","button_background":"#ffffff","button_text_color":"#000000","overlay_color":"#000000","overlay_opacity":0}},"image_ihBTpX":{"type":"image","settings":{"image":"shopify:\/\/shop_images\/Protect_your_skin_from_harmful_UV_rays_with_our_broad-spectrum_sunscreens_Homepage_Desktop_Banner_1.jpg","mobile_image":"shopify:\/\/shop_images\/Protect_your_skin_from_harmful_UV_rays_with_our_broad-spectrum_sunscreens_Mobile_Banner_1000x650_1.jpg","text_position":"middle_center","subheading":"","title":"","button_1_text":"","button_1_link":"https:\/\/discoverpilgrim.com\/collections\/sunscreen?ref=hompage?ref=hompage","button_2_text":"","button_2_link":"","text_color":"#ffffff","button_background":"#ffffff","button_text_color":"#000000","overlay_color":"#000000","overlay_opacity":0}},"image_WGGTYU":{"type":"image","settings":{"image":"shopify:\/\/shop_images\/Kojic-Acid-Serum-Homepage-Banner-1920x520_1_d6a96246-2e17-4206-927f-da063c328a03.jpg","mobile_image":"shopify:\/\/shop_images\/Kojic-Acid-Serum-Homepage-Banner-1000x650_1.jpg","text_position":"middle_center","subheading":"","title":"","button_1_text":"","button_1_link":"shopify:\/\/products\/2-kojic-acid-serum","button_2_text":"","button_2_link":"","text_color":"#ffffff","button_background":"#ffffff","button_text_color":"#000000","overlay_color":"#000000","overlay_opacity":0}}},"block_order":["image_JEtY4i","image_ihBTpX","image_WGGTYU"],"custom_css":[".abcdef {margin-top: -17px;}"],"settings":{"subheading":"","title":"","content":"","custom_class":"abcdef","scrollid":"","section_height":"auto","transition_type":"sweep","autoplay":true,"cycle_speed":5,"background":"rgba(0,0,0,0)","text_width":"medium","text_position":"center","text_alignment":"center"}},"db4f69d5-17a3-4771-89f9-5a809045c9e3":{"type":"multi-column","blocks":{"b605088e-ff1b-4efe-8d34-fa11de0a92ee":{"type":"item","settings":{"image":"shopify:\/\/shop_images\/Shop_By_Category_Face_Care.png","image_by_url":"","image_width":100,"image_border":"rgba(0,0,0,0)","image_background":"rgba(0,0,0,0)","title":"","content":"","link_text":"","link_url":"shopify:\/\/collections\/face-care","link_style":"link","text_alignment":"center","vertical_alignment":"start"}},"94aac99a-c932-4bbb-bdf9-bbe922f6bf6b":{"type":"item","settings":{"image":"shopify:\/\/shop_images\/Lip-Care-400x560-1.png","image_by_url":"","image_width":100,"image_border":"rgba(0,0,0,0)","image_background":"rgba(0,0,0,0)","title":"","content":"","link_text":"","link_url":"shopify:\/\/collections\/lip-care","link_style":"link","text_alignment":"center","vertical_alignment":"start"}},"template--16825137725669__db4f69d5-17a3-4771-89f9-5a809045c9e3-item-1":{"type":"item","settings":{"image":"shopify:\/\/shop_images\/Shop_By_Category_Fragrances_6.png","image_by_url":"","image_width":100,"image_border":"rgba(0,0,0,0)","image_background":"rgba(0,0,0,0)","title":"","content":"","link_text":"","link_url":"shopify:\/\/collections\/fragrances","link_style":"link","text_alignment":"center","vertical_alignment":"start"}}},"block_order":["b605088e-ff1b-4efe-8d34-fa11de0a92ee","94aac99a-c932-4bbb-bdf9-bbe922f6bf6b","template--16825137725669__db4f69d5-17a3-4771-89f9-5a809045c9e3-item-1"],"custom_css":[".makeup-multicolumn .button-wrapper {margin-top: 30px;}"],"settings":{"reveal_on_scroll":true,"stack_items":false,"subheading":"","title":"Shop By Category","content":"","button_text":"ALL SKINCARE PRODUCTS ➔","button_link":"shopify:\/\/collections\/skin-care","scrollid":"","custom_class":"makeup-multicolumn","column_alignment":"center","mobile_item_size":"small","desktop_item_size":"small","spacing":"tight","background":"rgba(0,0,0,0)","text_color":"rgba(0,0,0,0)"}},"logo_list_khMzRH":{"type":"logo-list","blocks":{"logo_AU4FYW":{"type":"logo","settings":{"logo":"shopify:\/\/shop_images\/Facecare-800x800.png","link":""}},"logo_jnQrew":{"type":"logo","settings":{"logo":"shopify:\/\/shop_images\/Facecare-800x800.png","link":""}},"logo_dWieMP":{"type":"logo","settings":{"link":""}},"logo_Fbyqbh":{"type":"logo","settings":{"link":""}},"logo_V4MxcW":{"type":"logo","settings":{"link":""}},"logo_dADRUw":{"type":"logo","settings":{"link":""}},"logo_zXTCxM":{"type":"logo","settings":{"link":""}},"logo_WadfR6":{"type":"logo","settings":{"link":""}}},"block_order":["logo_AU4FYW","logo_jnQrew","logo_dWieMP","logo_Fbyqbh","logo_V4MxcW","logo_dADRUw","logo_zXTCxM","logo_WadfR6"],"disabled":true,"settings":{"reveal_on_scroll":true,"subheading":"","title":"","button_text":"","button_link":"","custom_class":"","stack_logos":false,"background":"rgba(0,0,0,0)","text_color":"rgba(0,0,0,0)","button_background":"rgba(0,0,0,0)","button_text_color":"rgba(0,0,0,0)","logo_background":"rgba(0,0,0,0)"}},"featured_collections_LGLV9b":{"type":"featured-collections","blocks":{"collection_zwyzxp":{"type":"collection","settings":{"collection":"face-care","label":"","button_text":"View All","button_url":"shopify:\/\/collections\/face-care"}}},"block_order":["collection_zwyzxp"],"settings":{"subheading":"","title":"Discover Face Products","content":"","scrollid":"","products_count":12,"products_per_row":6,"stack_products":false,"show_cta":true,"background":"rgba(0,0,0,0)","text_color":"rgba(0,0,0,0)","button_background":"rgba(0,0,0,0)","button_text_color":"rgba(0,0,0,0)"}},"slideshow_ewMJWw":{"type":"slideshow","blocks":{"image_RExdr3":{"type":"image","settings":{"mobile_image":"shopify:\/\/shop_images\/Model-Banner-1000x550_1.jpg","text_position":"middle_center","subheading":"","title":"","button_1_text":"","button_1_link":"shopify:\/\/products\/salicylic-glycolic-acid-anti-acne-serum","button_2_text":"","button_2_link":"","text_color":"#ffffff","button_background":"#ffffff","button_text_color":"#000000","overlay_color":"#000000","overlay_opacity":0}}},"block_order":["image_RExdr3"],"custom_css":["@media only screen and (min-width: 576px) {.mobileonly {display: none; }}"],"settings":{"subheading":"","title":"","content":"","custom_class":"mobileonly","scrollid":"","section_height":"auto","transition_type":"sweep","autoplay":true,"cycle_speed":5,"background":"rgba(0,0,0,0)","text_width":"medium","text_position":"center","text_alignment":"center"}},"featured_collections_GbeRhQ":{"type":"featured-collections","blocks":{"collection_GxcLn9":{"type":"collection","settings":{"collection":"body-care","label":"","button_text":"View All","button_url":"shopify:\/\/collections\/body-care"}}},"block_order":["collection_GxcLn9"],"settings":{"subheading":"","title":"Discover  Body Products","content":"","scrollid":"","products_count":9,"products_per_row":4,"stack_products":false,"show_cta":true,"background":"rgba(0,0,0,0)","text_color":"rgba(0,0,0,0)","button_background":"rgba(0,0,0,0)","button_text_color":"rgba(0,0,0,0)"}},"slideshow_aiQta9":{"type":"slideshow","blocks":{"image_prEp6k":{"type":"image","disabled":true,"settings":{"mobile_image":"shopify:\/\/shop_images\/Skincare-Offer-Banner-650x400-1.jpg","text_position":"middle_center","subheading":"","title":"","button_1_text":"","button_1_link":"","button_2_text":"","button_2_link":"","text_color":"#ffffff","button_background":"#ffffff","button_text_color":"#000000","overlay_color":"#000000","overlay_opacity":0}}},"block_order":["image_prEp6k"],"custom_css":["@media only screen and (min-width: 576px) {.mobileonly {display: none; }}"],"settings":{"subheading":"","title":"","content":"","custom_class":"mobileonly","scrollid":"","section_height":"auto","transition_type":"sweep","autoplay":true,"cycle_speed":5,"background":"rgba(0,0,0,0)","text_width":"medium","text_position":"center","text_alignment":"center"}},"featured_collections_4xJnaV":{"type":"featured-collections","blocks":{"collection_3CCWAC":{"type":"collection","settings":{"collection":"face-serums","label":"","button_text":"View All","button_url":"shopify:\/\/collections\/face-serums"}}},"block_order":["collection_3CCWAC"],"settings":{"subheading":"","title":"Discover Face Serums","content":"","scrollid":"","products_count":12,"products_per_row":4,"stack_products":false,"show_cta":true,"background":"rgba(0,0,0,0)","text_color":"rgba(0,0,0,0)","button_background":"rgba(0,0,0,0)","button_text_color":"rgba(0,0,0,0)"}},"featured_collections_CGF8q9":{"type":"featured-collections","blocks":{"collection_gRPNNm":{"type":"collection","settings":{"collection":"day-creams","label":"","button_text":"View All","button_url":"shopify:\/\/collections\/day-creams"}}},"block_order":["collection_gRPNNm"],"settings":{"subheading":"","title":"Discover  Face Creams","content":"","scrollid":"","products_count":6,"products_per_row":4,"stack_products":false,"show_cta":true,"background":"rgba(0,0,0,0)","text_color":"rgba(0,0,0,0)","button_background":"rgba(0,0,0,0)","button_text_color":"rgba(0,0,0,0)"}},"featured_collections_BRNRPw":{"type":"featured-collections","blocks":{"collection_dVzVpr":{"type":"collection","settings":{"collection":"summer-essentials","label":"","button_text":"View All","button_url":"shopify:\/\/collections\/face-care"}}},"block_order":["collection_dVzVpr"],"settings":{"subheading":"","title":"☀️Summer Ready Skin☀️","content":"","scrollid":"","products_count":12,"products_per_row":6,"stack_products":false,"show_cta":true,"background":"rgba(0,0,0,0)","text_color":"rgba(0,0,0,0)","button_background":"rgba(0,0,0,0)","button_text_color":"rgba(0,0,0,0)"}},"logo_list_6tGpVD":{"type":"logo-list","blocks":{"logo_Yayaxc":{"type":"logo","settings":{"logo":"shopify:\/\/shop_images\/Korean-Beauty-450x175.png","link":"shopify:\/\/collections\/secrets-of-jeju-island"}},"logo_NpiQwk":{"type":"logo","settings":{"logo":"shopify:\/\/shop_images\/French-Beauty-450x175.png","link":"shopify:\/\/collections\/secrets-of-vinotherapie"}},"logo_9hV9Yb":{"type":"logo","settings":{"logo":"shopify:\/\/shop_images\/Spanish-Beauty-450x175.png","link":"shopify:\/\/collections\/secrets-of-seville"}},"logo_9AmREd":{"type":"logo","settings":{"logo":"shopify:\/\/shop_images\/Australian-Beauty-450x175.png","link":"shopify:\/\/collections\/secrets-of-a-beauty-australia"}},"logo_tfXBAf":{"type":"logo","disabled":true,"settings":{"link":""}},"logo_yVHede":{"type":"logo","disabled":true,"settings":{"link":""}}},"block_order":["logo_Yayaxc","logo_NpiQwk","logo_9hV9Yb","logo_9AmREd","logo_tfXBAf","logo_yVHede"],"settings":{"reveal_on_scroll":true,"subheading":"","title":"Shop from","button_text":"","button_link":"","custom_class":"concern_based_kits","stack_logos":true,"background":"rgba(0,0,0,0)","text_color":"rgba(0,0,0,0)","button_background":"rgba(0,0,0,0)","button_text_color":"rgba(0,0,0,0)","logo_background":"rgba(0,0,0,0)"}},"image_with_text_3wUABP":{"type":"image-with-text","blocks":{"item_thMQmE":{"type":"item","settings":{"image":"shopify:\/\/shop_images\/tinified-New-Pilgrim-Code_1.png","tab_label":"Item","subheading":"","title":"Our Promise","content":"<p>Pilgrim is \"Clean Compatible\". Not just <strong>free of harmful and toxic chemicals <\/strong>but uses only those ingredients that either enhance the health of our hair &<br\/>skin or support the <strong>effectiveness of formulations<\/strong><\/p>","button_text":"","button_link":""}}},"block_order":["item_thMQmE"],"settings":{"reveal_on_scroll":true,"background_type":"boxed","background_overlap":"image","image_position":"left","text_alignment":"center","cycle_speed":8,"accent_background":"rgba(0,0,0,0)","text_color":"rgba(0,0,0,0)","button_background":"rgba(0,0,0,0)","button_text_color":"rgba(0,0,0,0)"}}},"order":["main","7e274d31-5cfe-4e1b-b5ce-43ac645cc980","category_section_qr83Gc","0db9f9a3-6c0a-47e5-afcc-cb7c984e6774","db4f69d5-17a3-4771-89f9-5a809045c9e3","logo_list_khMzRH","featured_collections_LGLV9b","slideshow_ewMJWw","featured_collections_GbeRhQ","slideshow_aiQta9","featured_collections_4xJnaV","featured_collections_CGF8q9","featured_collections_BRNRPw","logo_list_6tGpVD","image_with_text_3wUABP"]}