{"sections":{"main":{"type":"main-page","disabled":true,"settings":{"show_title":true,"page_width":"medium"}},"7e274d31-5cfe-4e1b-b5ce-43ac645cc980":{"type":"image-with-text","blocks":{"template--16776545403109__7e274d31-5cfe-4e1b-b5ce-43ac645cc980-16872693292f23052c-0":{"type":"item","settings":{"tab_label":"Item","subheading":"Subheading","title":"Image with text","content":"<p>Use image with text to give your customers insight into your brand. Select imagery and text that relates to your style and story.<\/p>","button_text":"","button_link":""}}},"block_order":["template--16776545403109__7e274d31-5cfe-4e1b-b5ce-43ac645cc980-16872693292f23052c-0"],"disabled":true,"settings":{"reveal_on_scroll":true,"background_type":"full_width","background_overlap":"image","image_position":"left","text_alignment":"center","cycle_speed":8,"accent_background":"rgba(0,0,0,0)","text_color":"rgba(0,0,0,0)","button_background":"rgba(0,0,0,0)","button_text_color":"rgba(0,0,0,0)"}},"b75aef78-3785-4bad-91f9-5fc22de2e85e":{"type":"rich-text","settings":{"subheading":"","title":"","content":"<p>Get Early Access ➔<\/p>","button_text":"🕭 Notify Me","button_link":"","button_control":"newsletter-popup","custom_class":"presale_sticky_newsletter","background_type":"full_width","text_width":"medium","text_position":"center","text_alignment":"center","background":"rgba(0,0,0,0)","text_color":"rgba(0,0,0,0)","button_background":"rgba(0,0,0,0)","button_text_color":"rgba(0,0,0,0)"}},"e4a756a6-d4fa-428e-bfff-c0053b40ba8a":{"type":"slideshow","blocks":{"template--16809458958565__e4a756a6-d4fa-428e-bfff-c0053b40ba8a-image-1":{"type":"image","settings":{"image":"shopify:\/\/shop_images\/EOYS-Prebuzz-Homepage-Banner-800x1000.jpg","mobile_image":"shopify:\/\/shop_images\/EOYS-Prebuzz-Homepage-Banner-800x1000.jpg","text_position":"middle_center","subheading":"","title":"","button_1_text":"","button_1_link":"","button_2_text":"","button_2_link":"","text_color":"#ffffff","button_background":"#ffffff","button_text_color":"#000000","overlay_color":"#000000","overlay_opacity":0}}},"block_order":["template--16809458958565__e4a756a6-d4fa-428e-bfff-c0053b40ba8a-image-1"],"settings":{"subheading":"","title":"","content":"","custom_class":"presale_banner banner_newsletter","scrollid":"","section_height":"auto","transition_type":"sweep","autoplay":true,"cycle_speed":5,"background":"rgba(0,0,0,0)","text_width":"medium","text_position":"center","text_alignment":"center"}},"ba5f4115-1571-4255-b9dc-f64019746cfc":{"type":"slideshow","blocks":{"41d1c1a0-e4d6-479d-abb2-dd1746b98eee":{"type":"image","settings":{"image":"shopify:\/\/shop_images\/EOYS-EveryDay-Offer-Prebuzz-Banner.jpg","mobile_image":"shopify:\/\/shop_images\/EOYS-EveryDay-Offer-Prebuzz-Banner.jpg","text_position":"middle_center","subheading":"","title":"","button_1_text":"","button_1_link":"","button_2_text":"","button_2_link":"","text_color":"#ffffff","button_background":"#ffffff","button_text_color":"#000000","overlay_color":"#000000","overlay_opacity":0}}},"block_order":["41d1c1a0-e4d6-479d-abb2-dd1746b98eee"],"settings":{"subheading":"","title":"","content":"","custom_class":"presale_banner","scrollid":"","section_height":"auto","transition_type":"sweep","autoplay":true,"cycle_speed":5,"background":"rgba(0,0,0,0)","text_width":"medium","text_position":"center","text_alignment":"center"}},"73e558cf-1c82-4b42-b496-25fefe4ffb73":{"type":"slideshow","blocks":{"0d493314-877b-4c58-b74e-cd8f9c5af2a1":{"type":"image","settings":{"image":"shopify:\/\/shop_images\/EOYS-3-Offers-Prebuzz-Banner.jpg","mobile_image":"shopify:\/\/shop_images\/EOYS-3-Offers-Prebuzz-Banner.jpg","text_position":"middle_center","subheading":"","title":"","button_1_text":"","button_1_link":"","button_2_text":"","button_2_link":"","text_color":"#ffffff","button_background":"#ffffff","button_text_color":"#000000","overlay_color":"#000000","overlay_opacity":0}}},"block_order":["0d493314-877b-4c58-b74e-cd8f9c5af2a1"],"settings":{"subheading":"","title":"","content":"","custom_class":"","scrollid":"","section_height":"auto","transition_type":"sweep","autoplay":true,"cycle_speed":5,"background":"rgba(0,0,0,0)","text_width":"medium","text_position":"center","text_alignment":"center"}},"2f1bdefc-0d63-4afa-8aab-9bda0ee7afd9":{"type":"play-and-win","blocks":{"template--16809458958565__2f1bdefc-0d63-4afa-8aab-9bda0ee7afd9-logo-1":{"type":"logo","settings":{"logo":"shopify:\/\/shop_images\/Spin-The-Wheel-Game_-_tinified.jpg","link":"https:\/\/play.rhym.io\/custom-game?game=GAM223537553776"}},"template--16809458958565__2f1bdefc-0d63-4afa-8aab-9bda0ee7afd9-logo-2":{"type":"logo","settings":{"logo":"shopify:\/\/shop_images\/Catch-The-Products-tinified.jpg","link":"https:\/\/play.rhym.io\/custom-game?game=GAM746178767944"}},"template--16809458958565__2f1bdefc-0d63-4afa-8aab-9bda0ee7afd9-logo-3":{"type":"logo","disabled":true,"settings":{"link":""}},"template--16809458958565__2f1bdefc-0d63-4afa-8aab-9bda0ee7afd9-logo-4":{"type":"logo","disabled":true,"settings":{"link":""}}},"block_order":["template--16809458958565__2f1bdefc-0d63-4afa-8aab-9bda0ee7afd9-logo-1","template--16809458958565__2f1bdefc-0d63-4afa-8aab-9bda0ee7afd9-logo-2","template--16809458958565__2f1bdefc-0d63-4afa-8aab-9bda0ee7afd9-logo-3","template--16809458958565__2f1bdefc-0d63-4afa-8aab-9bda0ee7afd9-logo-4"],"disabled":true,"custom_css":[".playnwin {margin-top: 10px;}"],"settings":{"reveal_on_scroll":true,"subheading":"","title":"Play and Win","content":"<p>Play & win a chance to get an iPhone 14 Plus✨<\/p>","button_text":"","button_link":"","custom_class":"playnwin","stack_logos":true,"background":"rgba(0,0,0,0)","text_color":"rgba(0,0,0,0)","button_background":"rgba(0,0,0,0)","button_text_color":"rgba(0,0,0,0)","image_background":"rgba(0,0,0,0)"}},"122aa5d8-620e-4d0c-a8de-6e4fb1ad97bf":{"type":"slideshow","blocks":{"2532abee-9284-4f52-8479-99635a145434":{"type":"image","settings":{"image":"shopify:\/\/shop_images\/iPhone-15-Gift-Banner.jpg","mobile_image":"shopify:\/\/shop_images\/iPhone-15-Gift-Banner.jpg","text_position":"middle_center","subheading":"","title":"","button_1_text":"","button_1_link":"","button_2_text":"","button_2_link":"","text_color":"#ffffff","button_background":"#ffffff","button_text_color":"#000000","overlay_color":"#000000","overlay_opacity":0}}},"block_order":["2532abee-9284-4f52-8479-99635a145434"],"settings":{"subheading":"","title":"","content":"","custom_class":"","scrollid":"","section_height":"auto","transition_type":"sweep","autoplay":true,"cycle_speed":5,"background":"rgba(0,0,0,0)","text_width":"medium","text_position":"center","text_alignment":"center"}},"64f146ac-bf7c-4fda-b6e4-79a3b0b594a1":{"type":"slideshow","blocks":{"60c3b47e-b1e4-44b3-bd0a-9f5bef5ec0aa":{"type":"image","settings":{"image":"shopify:\/\/shop_images\/Solara-Gift-Banner_8949bac6-3207-46bd-ae32-c0b6805d8910.jpg","mobile_image":"shopify:\/\/shop_images\/Solara-Gift-Banner_8949bac6-3207-46bd-ae32-c0b6805d8910.jpg","text_position":"middle_center","subheading":"","title":"","button_1_text":"","button_1_link":"","button_2_text":"","button_2_link":"","text_color":"#ffffff","button_background":"#ffffff","button_text_color":"#000000","overlay_color":"#000000","overlay_opacity":0}}},"block_order":["60c3b47e-b1e4-44b3-bd0a-9f5bef5ec0aa"],"disabled":true,"settings":{"subheading":"","title":"","content":"","custom_class":"","scrollid":"","section_height":"auto","transition_type":"sweep","autoplay":true,"cycle_speed":5,"background":"rgba(0,0,0,0)","text_width":"medium","text_position":"center","text_alignment":"center"}},"e5ea849a-1f30-4f13-943e-4d3ce49fe2ad":{"type":"slideshow","blocks":{"5b855a75-6936-493c-af9a-568fccd89b28":{"type":"image","settings":{"image":"shopify:\/\/shop_images\/Sleep-Company-Neck-Band-Gift-Banner_05ed42e7-4d29-4fb8-97b2-1233136d3f2e.jpg","mobile_image":"shopify:\/\/shop_images\/Sleep-Company-Neck-Band-Gift-Banner_05ed42e7-4d29-4fb8-97b2-1233136d3f2e.jpg","text_position":"middle_center","subheading":"","title":"","button_1_text":"","button_1_link":"","button_2_text":"","button_2_link":"","text_color":"#ffffff","button_background":"#ffffff","button_text_color":"#000000","overlay_color":"#000000","overlay_opacity":0}}},"block_order":["5b855a75-6936-493c-af9a-568fccd89b28"],"disabled":true,"settings":{"subheading":"","title":"","content":"","custom_class":"","scrollid":"","section_height":"auto","transition_type":"sweep","autoplay":true,"cycle_speed":5,"background":"rgba(0,0,0,0)","text_width":"medium","text_position":"center","text_alignment":"center"}},"8b83c0f5-0382-4e61-bc0f-3f0f2946b9ce":{"type":"slideshow","blocks":{"4eba1b3a-2643-4b37-9080-caccc77f7cc1":{"type":"image","settings":{"image":"shopify:\/\/shop_images\/Leaf-Speaker-Gift-Banner_344a6586-ab43-4425-a89b-d8caf0fe076a.jpg","mobile_image":"shopify:\/\/shop_images\/Leaf-Speaker-Gift-Banner_344a6586-ab43-4425-a89b-d8caf0fe076a.jpg","text_position":"middle_center","subheading":"","title":"","button_1_text":"","button_1_link":"","button_2_text":"","button_2_link":"","text_color":"#ffffff","button_background":"#ffffff","button_text_color":"#000000","overlay_color":"#000000","overlay_opacity":0}}},"block_order":["4eba1b3a-2643-4b37-9080-caccc77f7cc1"],"disabled":true,"settings":{"subheading":"","title":"","content":"","custom_class":"","scrollid":"","section_height":"auto","transition_type":"sweep","autoplay":true,"cycle_speed":5,"background":"rgba(0,0,0,0)","text_width":"medium","text_position":"center","text_alignment":"center"}},"2e47bb4a-9ab3-4e6b-8123-7191359e2dcd":{"type":"slideshow","blocks":{"template--16809458958565__2e47bb4a-9ab3-4e6b-8123-7191359e2dcd-image-1":{"type":"image","settings":{"image":"shopify:\/\/shop_images\/EOYS-4-Minis-PreBuzz-Banner.jpg","mobile_image":"shopify:\/\/shop_images\/EOYS-4-Minis-PreBuzz-Banner.jpg","text_position":"middle_center","subheading":"","title":"","button_1_text":"","button_1_link":"","button_2_text":"","button_2_link":"","text_color":"#ffffff","button_background":"#ffffff","button_text_color":"#000000","overlay_color":"#000000","overlay_opacity":0}}},"block_order":["template--16809458958565__2e47bb4a-9ab3-4e6b-8123-7191359e2dcd-image-1"],"settings":{"subheading":"","title":"","content":"","custom_class":"","scrollid":"","section_height":"auto","transition_type":"sweep","autoplay":true,"cycle_speed":5,"background":"rgba(0,0,0,0)","text_width":"medium","text_position":"center","text_alignment":"center"}},"3b17e394-a0db-4ac1-b566-8f4af1b0ad8e":{"type":"slideshow","blocks":{"28c8fb43-8dac-4135-81ad-04e13029fe1c":{"type":"image","settings":{"image":"shopify:\/\/shop_images\/Partner-Brands.jpg","mobile_image":"shopify:\/\/shop_images\/Partner-Brands.jpg","text_position":"middle_center","subheading":"","title":"","button_1_text":"","button_1_link":"","button_2_text":"","button_2_link":"","text_color":"#ffffff","button_background":"#ffffff","button_text_color":"#000000","overlay_color":"#000000","overlay_opacity":0}}},"block_order":["28c8fb43-8dac-4135-81ad-04e13029fe1c"],"disabled":true,"settings":{"subheading":"","title":"","content":"","custom_class":"","scrollid":"","section_height":"auto","transition_type":"sweep","autoplay":true,"cycle_speed":5,"background":"rgba(0,0,0,0)","text_width":"medium","text_position":"center","text_alignment":"center"}},"a97a1877-e4c8-49d4-9eee-32ab8f04ac09":{"type":"slideshow","blocks":{"ef42d69a-7eb1-4ff5-a3c6-0112a6cb8cbe":{"type":"image","settings":{"image":"shopify:\/\/shop_images\/EOYS-Influencers-Banner.jpg","mobile_image":"shopify:\/\/shop_images\/EOYS-Influencers-Banner.jpg","text_position":"middle_center","subheading":"","title":"","button_1_text":"","button_1_link":"","button_2_text":"","button_2_link":"","text_color":"#ffffff","button_background":"#ffffff","button_text_color":"#000000","overlay_color":"#000000","overlay_opacity":0}}},"block_order":["ef42d69a-7eb1-4ff5-a3c6-0112a6cb8cbe"],"settings":{"subheading":"","title":"","content":"","custom_class":"","scrollid":"","section_height":"auto","transition_type":"sweep","autoplay":true,"cycle_speed":5,"background":"rgba(0,0,0,0)","text_width":"medium","text_position":"center","text_alignment":"center"}}},"order":["main","7e274d31-5cfe-4e1b-b5ce-43ac645cc980","b75aef78-3785-4bad-91f9-5fc22de2e85e","e4a756a6-d4fa-428e-bfff-c0053b40ba8a","ba5f4115-1571-4255-b9dc-f64019746cfc","73e558cf-1c82-4b42-b496-25fefe4ffb73","2f1bdefc-0d63-4afa-8aab-9bda0ee7afd9","122aa5d8-620e-4d0c-a8de-6e4fb1ad97bf","64f146ac-bf7c-4fda-b6e4-79a3b0b594a1","e5ea849a-1f30-4f13-943e-4d3ce49fe2ad","8b83c0f5-0382-4e61-bc0f-3f0f2946b9ce","2e47bb4a-9ab3-4e6b-8123-7191359e2dcd","3b17e394-a0db-4ac1-b566-8f4af1b0ad8e","a97a1877-e4c8-49d4-9eee-32ab8f04ac09"]}