{"sections":{"category_section_qr83Gc":{"type":"category_section","blocks":{"category_nav_FWeyFc":{"type":"category_nav","settings":{"cat_image":"shopify:\/\/shop_images\/Face-200x280_1.png","cat_title":"Skincare","cat_link":"shopify:\/\/pages\/skincare-homepage"}},"category_nav_kJp3A3":{"type":"category_nav","settings":{"cat_image":"shopify:\/\/shop_images\/WhatsApp_Image_2024-01-08_at_3.23.21_PM.jpg","cat_title":"Makeup","cat_link":"shopify:\/\/pages\/makeup-homepage"}},"category_nav_tphrbU":{"type":"category_nav","settings":{"cat_image":"shopify:\/\/shop_images\/WhatsApp_Image_2024-01-08_at_3.23.20_PM_2.jpg","cat_title":"Haircare","cat_link":"shopify:\/\/pages\/haircare-homepage"}}},"block_order":["category_nav_FWeyFc","category_nav_kJp3A3","category_nav_tphrbU"],"settings":{}},"main":{"type":"main-page","disabled":true,"settings":{"show_title":true,"page_width":"medium"}},"7e274d31-5cfe-4e1b-b5ce-43ac645cc980":{"type":"image-with-text","blocks":{"template--16776545403109__7e274d31-5cfe-4e1b-b5ce-43ac645cc980-16872693292f23052c-0":{"type":"item","disabled":true,"settings":{"tab_label":"Item","subheading":"Subheading","title":"Image with text","content":"<p>Use image with text to give your customers insight into your brand. Select imagery and text that relates to your style and story.<\/p>","button_text":"","button_link":""}}},"block_order":["template--16776545403109__7e274d31-5cfe-4e1b-b5ce-43ac645cc980-16872693292f23052c-0"],"disabled":true,"settings":{"reveal_on_scroll":true,"background_type":"full_width","background_overlap":"image","image_position":"left","text_alignment":"center","cycle_speed":8,"accent_background":"rgba(0,0,0,0)","text_color":"rgba(0,0,0,0)","button_background":"rgba(0,0,0,0)","button_text_color":"rgba(0,0,0,0)"}},"0db9f9a3-6c0a-47e5-afcc-cb7c984e6774":{"type":"slideshow","blocks":{"image_eYUEM8":{"type":"image","settings":{"image":"shopify:\/\/shop_images\/Frizz-Free_Hair_Care_Website_Homepage_Banner_1920x520px_1_cb2b98e2-3eee-4aad-9621-08fff50a06a6.jpg","mobile_image":"shopify:\/\/shop_images\/Patua_Frizz-Free_Hair_Care_Mobile_Banner_1000x650_1.jpg","text_position":"middle_center","subheading":"","title":"","button_1_text":"","button_1_link":"https:\/\/discoverpilgrim.com\/collections\/shampoos-conditioners?ref=offerbannerhomepage","button_2_text":"","button_2_link":"","text_color":"#ffffff","button_background":"#ffffff","button_text_color":"#000000","overlay_color":"#000000","overlay_opacity":0}},"template--16825137725669__0db9f9a3-6c0a-47e5-afcc-cb7c984e6774-image-1":{"type":"image","disabled":true,"settings":{"image":"shopify:\/\/shop_images\/Influencers-Hair-Growth-Serum-Homepage-Banner-1920x520-1_1.jpg","mobile_image":"shopify:\/\/shop_images\/Influencers-Hair-Growth-Serum-Homepage-Banner-1000x650_2_1.jpg","text_position":"middle_center","subheading":"","title":"","button_1_text":"","button_1_link":"shopify:\/\/products\/3-redensyl-4-anagain-hair-growth-serum","button_2_text":"","button_2_link":"","text_color":"#ffffff","button_background":"#ffffff","button_text_color":"#000000","overlay_color":"#000000","overlay_opacity":0}}},"block_order":["image_eYUEM8","template--16825137725669__0db9f9a3-6c0a-47e5-afcc-cb7c984e6774-image-1"],"custom_css":[".abcdef {margin-top: -17px;}"],"settings":{"subheading":"","title":"","content":"","custom_class":"abcdef","scrollid":"","section_height":"auto","transition_type":"sweep","autoplay":true,"cycle_speed":5,"background":"rgba(0,0,0,0)","text_width":"medium","text_position":"center","text_alignment":"center"}},"db4f69d5-17a3-4771-89f9-5a809045c9e3":{"type":"multi-column","blocks":{"template--16825137725669__db4f69d5-17a3-4771-89f9-5a809045c9e3-item-1":{"type":"item","settings":{"image":"shopify:\/\/shop_images\/Hair-Serums-400x560-2.png","image_by_url":"","image_width":100,"image_border":"rgba(0,0,0,0)","image_background":"rgba(0,0,0,0)","title":"","content":"","link_text":"","link_url":"shopify:\/\/collections\/hair-serums","link_style":"link","text_alignment":"center","vertical_alignment":"start"}},"b605088e-ff1b-4efe-8d34-fa11de0a92ee":{"type":"item","settings":{"image":"shopify:\/\/shop_images\/Hair-Care-400x560-1.png","image_by_url":"","image_width":100,"image_border":"rgba(0,0,0,0)","image_background":"rgba(0,0,0,0)","title":"","content":"","link_text":"","link_url":"shopify:\/\/collections\/hair-care","link_style":"link","text_alignment":"center","vertical_alignment":"start"}},"94aac99a-c932-4bbb-bdf9-bbe922f6bf6b":{"type":"item","settings":{"image":"shopify:\/\/shop_images\/Hair-Masks-400x560-3.png","image_by_url":"","image_width":100,"image_border":"rgba(0,0,0,0)","image_background":"rgba(0,0,0,0)","title":"","content":"","link_text":"","link_url":"shopify:\/\/collections\/hair-masks","link_style":"link","text_alignment":"center","vertical_alignment":"start"}}},"block_order":["template--16825137725669__db4f69d5-17a3-4771-89f9-5a809045c9e3-item-1","b605088e-ff1b-4efe-8d34-fa11de0a92ee","94aac99a-c932-4bbb-bdf9-bbe922f6bf6b"],"custom_css":[".makeup-multicolumn .button-wrapper {margin-top: 30px;}"],"settings":{"reveal_on_scroll":true,"stack_items":false,"subheading":"","title":"Shop By Category","content":"","button_text":"All Haircare Products ➔","button_link":"shopify:\/\/collections\/hair-care","scrollid":"","custom_class":"makeup-multicolumn","column_alignment":"center","mobile_item_size":"small","desktop_item_size":"small","spacing":"tight","background":"rgba(0,0,0,0)","text_color":"rgba(0,0,0,0)"}},"slideshow_8pKkkd":{"type":"slideshow","blocks":{"image_dUHALC":{"type":"image","settings":{"image":"shopify:\/\/shop_images\/Influencers-Hair-Growth-Serum-Homepage-Banner-1920x520-1_1.jpg","mobile_image":"shopify:\/\/shop_images\/Model-Banner-1000x550-3_1.jpg","text_position":"middle_center","subheading":"","title":"","button_1_text":"","button_1_link":"shopify:\/\/products\/patua-keratin-smoothening-shampoo","button_2_text":"","button_2_link":"","text_color":"#ffffff","button_background":"#ffffff","button_text_color":"#000000","overlay_color":"#000000","overlay_opacity":0}},"image_b6MfKz":{"type":"image","disabled":true,"settings":{"text_position":"middle_center","subheading":"Tell your story","title":"Slide 2","button_1_text":"","button_1_link":"","button_2_text":"","button_2_link":"","text_color":"#ffffff","button_background":"#ffffff","button_text_color":"#000000","overlay_color":"#000000","overlay_opacity":30}}},"block_order":["image_dUHALC","image_b6MfKz"],"custom_css":["@media only screen and (min-width: 576px) {.mobileonly {display: none; }}"],"settings":{"subheading":"","title":"","content":"","custom_class":"mobileonly","scrollid":"","section_height":"auto","transition_type":"sweep","autoplay":true,"cycle_speed":5,"background":"rgba(0,0,0,0)","text_width":"medium","text_position":"center","text_alignment":"center"}},"featured_collections_BRNRPw":{"type":"featured-collections","blocks":{"collection_dVzVpr":{"type":"collection","settings":{"collection":"shampoos","label":"","button_text":"","button_url":""}}},"block_order":["collection_dVzVpr"],"settings":{"subheading":"","title":"Discover Shampoos","content":"","scrollid":"","products_count":14,"products_per_row":4,"stack_products":false,"show_cta":true,"background":"rgba(0,0,0,0)","text_color":"rgba(0,0,0,0)","button_background":"rgba(0,0,0,0)","button_text_color":"rgba(0,0,0,0)"}},"featured_collections_GbeRhQ":{"type":"featured-collections","blocks":{"collection_GxcLn9":{"type":"collection","settings":{"collection":"hair-conditioner","label":"","button_text":"","button_url":""}}},"block_order":["collection_GxcLn9"],"settings":{"subheading":"","title":"Discover Conditioners","content":"","scrollid":"","products_count":31,"products_per_row":5,"stack_products":false,"show_cta":true,"background":"rgba(0,0,0,0)","text_color":"rgba(0,0,0,0)","button_background":"rgba(0,0,0,0)","button_text_color":"rgba(0,0,0,0)"}},"featured_collections_4xJnaV":{"type":"featured-collections","blocks":{"collection_3CCWAC":{"type":"collection","settings":{"collection":"hair-oil","label":"","button_text":"","button_url":""}}},"block_order":["collection_3CCWAC"],"settings":{"subheading":"","title":"Discover Hair Oils","content":"","scrollid":"","products_count":30,"products_per_row":4,"stack_products":false,"show_cta":true,"background":"rgba(0,0,0,0)","text_color":"rgba(0,0,0,0)","button_background":"rgba(0,0,0,0)","button_text_color":"rgba(0,0,0,0)"}},"featured_collections_CGF8q9":{"type":"featured-collections","blocks":{"collection_gRPNNm":{"type":"collection","settings":{"collection":"hair-fall-hair-growth","label":"","button_text":"","button_url":""}}},"block_order":["collection_gRPNNm"],"settings":{"subheading":"","title":"Hair Fall Control & Hair Growth","content":"","scrollid":"","products_count":4,"products_per_row":4,"stack_products":false,"show_cta":true,"background":"rgba(0,0,0,0)","text_color":"rgba(0,0,0,0)","button_background":"rgba(0,0,0,0)","button_text_color":"rgba(0,0,0,0)"}},"image_with_text_bYUmAp":{"type":"image-with-text","blocks":{"item_HL7hbg":{"type":"item","settings":{"image":"shopify:\/\/shop_images\/tinified-New-Pilgrim-Code_1.png","tab_label":"Item","subheading":"","title":"Our Promise","content":"<p>Pilgrim is \"Clean Compatible\". Not just <strong>free of harmful and toxic chemicals <\/strong>but uses only those ingredients that either enhance the health of our hair &<br\/>skin or support the <strong>effectiveness of formulations<\/strong><\/p>","button_text":"","button_link":""}}},"block_order":["item_HL7hbg"],"settings":{"reveal_on_scroll":true,"background_type":"full_width","background_overlap":"image","image_position":"left","text_alignment":"center","cycle_speed":8,"accent_background":"rgba(0,0,0,0)","text_color":"rgba(0,0,0,0)","button_background":"rgba(0,0,0,0)","button_text_color":"rgba(0,0,0,0)"}}},"order":["category_section_qr83Gc","main","7e274d31-5cfe-4e1b-b5ce-43ac645cc980","0db9f9a3-6c0a-47e5-afcc-cb7c984e6774","db4f69d5-17a3-4771-89f9-5a809045c9e3","slideshow_8pKkkd","featured_collections_BRNRPw","featured_collections_GbeRhQ","featured_collections_4xJnaV","featured_collections_CGF8q9","image_with_text_bYUmAp"]}