{"current":{"icon_stroke_width":1.5,"button_border_radius":4,"block_border_radius":"small","vertical_spacing":"medium","heading_color":"#1a1a1a","text_color":"#1a1a1a","secondary_background":"#f5f1ec","success_color":"#2e9e7b","error_color":"#de2a2a","header_background":"#ffffff","header_text_color":"#1a1a1a","footer_background":"#f5f5f5","footer_text_color":"#1a1a1a","primary_button_background":"#ffc105","primary_button_text_color":"#1a1a1a","secondary_button_background":"#f7aea6","secondary_button_text_color":"#56112a","product_on_sale_accent":"#913b59","product_custom_label_background":"#405de6","product_custom_label_2_background":"#f3e5b6","product_in_stock_text_color":"#2e9e7b","product_low_stock_text_color":"#de2a2a","heading_font":"work_sans_n5","heading_font_size":"small","heading_text_transform":"normal","text_font":"work_sans_n4","text_font_size":15,"currency_code_enabled":false,"stagger_products_apparition":true,"round_color_swatches":true,"color_swatch_config":"Playful Red:test_grey.png\nThe Red Stiletto: #AD1025\nBerry Tease: #903D47\nBossy Brown: #642327\nNude Obsessed: #9E463C\nWine Spill : #AC3F5F\nMauve Desire: #AF516C\nPink Kisses: #B24A5B\nFlirty Rose: #C05359\nSaucy Coral: #BF4D4C\nBlushin' Nude: #8F3433\nKinky Pink: #B1203F\nPink Climax: #A00628\nPurple Lust: #65327D","show_vendor":false,"show_secondary_image":true,"product_add_to_cart":true,"show_product_rating":true,"show_discount":false,"discount_mode":"percentage","product_color_display":"swatch","product_image_size":"square","cart_type":"drawer","cart_icon":"shopping_cart","cart_show_free_shipping_threshold":true,"cart_free_shipping_threshold":"199","social_facebook":"https:\/\/www.facebook.com\/pilgrim.discover","social_instagram":"https:\/\/www.instagram.com\/discover.pilgrim\/","social_youtube":"https:\/\/www.youtube.com\/@PilgrimIndia","social_linkedin":"https:\/\/www.linkedin.com\/company\/discover-pilgrim\/","favicon":"shopify:\/\/shop_images\/Favicon-Pilgrim-Logo-96x96px.png","accent_color":"#405de6","checkout_sidebar_background_color":"#f6f3ed","checkout_accent_color":"#010145","checkout_button_color":"#ffc105","checkout_error_color":"#de2a2a","sections":{"mini-cart":{"type":"mini-cart","custom_css":[".discount-badge {background-color: #065d06;}"],"settings":{"show_order_note":false,"show_checkout_button":true,"empty_button_link":"shopify:\/\/collections\/all-products","show_recommendations":false,"recommendations_title":"You may also like"}}},"content_for_index":[],"blocks":{"14060646107696862457":{"type":"shopify:\/\/apps\/judge-me-product-reviews\/blocks\/judgeme_core\/61ccd3b1-a9f2-4160-9fe9-4fec8413e5d8","disabled":false,"settings":{}},"12120936241911852800":{"type":"shopify:\/\/apps\/judge-me-product-reviews\/blocks\/reviews_tab\/61ccd3b1-a9f2-4160-9fe9-4fec8413e5d8","disabled":true,"settings":{"position":"right"}},"6174324309569838175":{"type":"shopify:\/\/apps\/smile-loyalty-rewards\/blocks\/smile-shopify-app\/2fae4e25-1841-4ea2-bc02-bd548478c4f6","disabled":true,"settings":{}},"16881471024131275657":{"type":"shopify:\/\/apps\/searchanise-search-discovery\/blocks\/app-embed\/d8f24ada-02b1-458a-bbeb-5bf16d5c921e","disabled":true,"settings":{}},"10605408327587305396":{"type":"shopify:\/\/apps\/easygift\/blocks\/app-embed\/0f7d4f74-1e89-4820-aec4-6564d7e535d2","disabled":false,"settings":{"version":"v3"}},"3acfba32-89f3-4377-ae20-cbb9abc48475":{"type":"shopify:\/\/apps\/order-limits-minmaxify\/blocks\/app-embed-block\/3acfba32-89f3-4377-ae20-cbb9abc48475","disabled":false,"settings":{}},"8218531531362863771":{"type":"shopify:\/\/apps\/kite-free-gift\/blocks\/app-embed\/2c7302c4-455d-4078-a829-48563ba26089","disabled":false,"settings":{}}}},"presets":{"Carbon":{"button_border_radius":0,"block_border_radius":"none","heading_color":"#282828","text_color":"#282828","secondary_background":"#f5f5f5","success_color":"#2e9e7b","error_color":"#de2a2a","header_background":"#282828","footer_background":"#282828","footer_text_color":"#ffffff","primary_button_background":"#405de6","secondary_button_background":"#f3ff34","secondary_button_text_color":"#282828","product_on_sale_accent":"#de2a2a","product_custom_label_background":"#405de6","product_custom_label_2_background":"#f3ff34","product_in_stock_text_color":"#2e9e7b","product_low_stock_text_color":"#de2a2a","heading_font":"zurich_extended_n8","heading_font_size":"medium","heading_text_transform":"uppercase","text_font":"zurich_n4","text_font_size":15,"currency_code_enabled":false,"stagger_products_apparition":true,"round_color_swatches":false,"show_vendor":false,"show_secondary_image":true,"product_color_display":"count","product_image_size":"natural","show_product_rating":false,"cart_type":"message","cart_show_free_shipping_threshold":true,"accent_color":"#405de6","checkout_sidebar_background_color":"#f5f5f5","checkout_accent_color":"#282828","checkout_button_color":"#405de6","checkout_error_color":"#de2a2a"},"Ivory":{"button_border_radius":4,"block_border_radius":"small","heading_color":"#1a1a1a","text_color":"#1a1a1a","secondary_background":"#f5f1ec","success_color":"#2e9e7b","error_color":"#de2a2a","header_background":"#56112a","header_text_color":"#ffffff","footer_background":"#56112a","footer_text_color":"#ffffff","primary_button_background":"#56112a","primary_button_text_color":"#ffffff","secondary_button_background":"#f7aea6","secondary_button_text_color":"#56112a","product_on_sale_accent":"#913b59","product_custom_label_background":"#405de6","product_custom_label_2_background":"#f3e5b6","product_in_stock_text_color":"#2e9e7b","product_low_stock_text_color":"#de2a2a","heading_font":"itc_caslon_no_224_n5","heading_font_size":"medium","heading_text_transform":"normal","text_font":"avenir_next_n4","text_font_size":15,"stagger_products_apparition":true,"round_color_swatches":true,"show_vendor":false,"show_secondary_image":true,"product_color_display":"count","product_image_size":"natural","cart_type":"drawer","accent_color":"#405de6","checkout_sidebar_background_color":"#f6f3ed","checkout_accent_color":"#353535","checkout_button_color":"#353535","checkout_error_color":"#de2a2a"},"Quartz":{"icon_stroke_width":1.3,"button_border_radius":0,"block_border_radius":"none","vertical_spacing":"medium","heading_color":"#0d0d0d","text_color":"#2e2e2e","background":"#ffffff","secondary_background":"#f5f5f5","success_color":"#3c6e71","error_color":"#de2a2a","header_background":"#ffffff","header_text_color":"#2e2e2e","footer_background":"#ffffff","footer_text_color":"#2e2e2e","primary_button_background":"#051e38","primary_button_text_color":"#ffffff","secondary_button_background":"#dfdfdf","secondary_button_text_color":"#2e2e2e","product_on_sale_accent":"#de2b2b","product_sold_out_accent":"#5b5b5b","product_custom_label_background":"#051e38","product_custom_label_2_background":"#2e9e7b","product_in_stock_text_color":"#2e9e7b","product_low_stock_text_color":"#de2b2b","heading_font":"futura_n3","heading_font_size":"medium","heading_text_transform":"uppercase","text_font":"din_next_n4","text_font_size":15,"stagger_products_apparition":true,"round_color_swatches":false,"show_vendor":false,"show_secondary_image":true,"product_color_display":"hide","product_image_size":"natural","cart_type":"drawer","cart_icon":"tote_bag","checkout_sidebar_background_color":"#f5f5f5","checkout_accent_color":"#051e38","checkout_button_color":"#051e38","checkout_error_color":"#de2a2a","accent_color":"#405de6"},"Sapphire":{"icon_stroke_width":1.2,"button_border_radius":0,"block_border_radius":"none","heading_color":"#0c1b54","text_color":"#0c1b54","background":"#ffffff","secondary_background":"#f7f7f7","success_color":"#708a7d","error_color":"#d2545a","header_background":"#0c1b54","footer_background":"#0c1b54","footer_text_color":"#ffffff","primary_button_background":"#0c1b54","secondary_button_background":"#f7f7f7","secondary_button_text_color":"#0c1b54","product_rating_color":"#a48156","product_on_sale_accent":"#d2545a","product_custom_label_background":"#405de6","product_custom_label_2_background":"#f3ff34","product_in_stock_text_color":"#2e9e7b","product_low_stock_text_color":"#d2545a","heading_font":"chong_modern_n4","heading_font_size":"large","heading_text_transform":"normal","text_font":"trade_gothic_n4","text_font_size":15,"stagger_products_apparition":true,"round_color_swatches":true,"show_vendor":true,"show_secondary_image":true,"show_product_rating":true,"product_color_display":"hide","product_image_size":"natural","cart_type":"message","checkout_sidebar_background_color":"#f5f5f5","checkout_accent_color":"#282828","checkout_button_color":"#405de6","checkout_error_color":"#de2a2a","accent_color":"#405de6"}},"platform_customizations":{"custom_css":[".badge {padding-top: 1px; padding-right: 8px; padding-bottom: 1px; padding-left: 8px; border-radius: 5px; background-color: var(--menu-highlight-color); color: #fff; margin-left: 10px; line-height: 14px; font-size: 10px; font-weight: 600;}",".track-order-div {margin-left: -24px; margin-right: -24px;}"]}}