{"current":{"icon_stroke_width":1.5,"button_border_radius":4,"block_border_radius":"small","vertical_spacing":"small","heading_color":"#1a1a1a","text_color":"#1a1a1a","background":"#ffffff","secondary_background":"#f5f1ec","success_color":"#2e9e7b","error_color":"#de2a2a","header_background":"#ffffff","header_text_color":"#1a1a1a","footer_background":"#e1f8fa","footer_text_color":"#1a1a1a","primary_button_background":"#ffc105","primary_button_text_color":"#1a1a1a","secondary_button_background":"#f7aea6","secondary_button_text_color":"#56112a","product_on_sale_accent":"#913b59","product_custom_label_background":"#405de6","product_custom_label_2_background":"#f3e5b6","product_in_stock_text_color":"#2e9e7b","product_low_stock_text_color":"#de2a2a","heading_font":"inter_n6","heading_font_size":"small","heading_text_transform":"normal","text_font":"inter_n4","text_font_size":15,"currency_code_enabled":false,"show_image_zoom":false,"stagger_products_apparition":false,"stagger_blog_posts_apparition":false,"reveal_product_media":false,"round_color_swatches":true,"color_swatch_config":"The Red Stiletto - 01: #AD1025\nBerry Tease - 02: #903D47\nBossy Brown - 03: #642327\nNude Obsessed - 04: #9E463C\nWine Spill - 05: #AC3F5F\nMauve Desire - 06: #AF516C\nPink Kisses - 07: #B24A5B\nFlirty Rose - 08: #C05359\nSaucy Coral - 09: #BF4D4C\nBlushin' Nude - 10: #8F3433\nKinky Pink - 11: #B1203F\nPink Climax - 12: #A00628\nPurple Lust - 13: #65327D\nPink Filter - 01: #bd1553\nCoral Story - 02: #d96861\nThe Brown Trend - 03: #7f3c36\nBeige Glow - 01: #ecb78b\nHoney Glow - 03: #e0a56d\nAlmond Glow - 05: #d18a5e\nPure Ivory - 110: #f3cbc3\nClassic Nude - 123: #e5b88f\nGolden Beige - 215: #ebbe95\nWarm Sand - 223: #e1ae8b\nRich Caramel - 325: #ca9572\nNatural Almond - 225: #ebb18b\nBoldly Bronze - 21: #ce7c45\nBlue Rebel - 22: #003b7f\nGreen Envy - 23: #063e2f\nFlamenco Pink - 01: colour-code1.png\nCoral Rumba - 02: colour-code-2.png\nBerry Beat - 03: colour-code-3.png\nCoral Envy  - 01: #cf6f77\nCaramel Guilt  - 02: #c17059\nCupid's Pink - 03: #e68699\nMocha Bliss - 04: #b06f76\nNude Mystery  - 05: #9c4a3c\nCoco Caress - 06: #a4493d\nPink Passion  - 11: #e782a9\nPink Hotness  - 12: #c5477a\nForbidden Pink - 13: #c6007e\nPink Romance  - 14: #e06287\nFlamin' Red - 21: #cd000a\nUntamed Red - 22: #bb0012\nMaroon Affair - 23: #93272c\nBurgundy Blaze  - 24: #6d3332\nRuby Revolt  - 25: #cb333b\nSultry Wine - 26: #8e2c48\nNude Kiss  - 31: #b76e6f\nChocolate Tease  - 32: #944d2e\nCinnamon Lust  - 33: #872733\nAlpha Brown  - 34: #683632\nThe Gold Rhythm Champagne Gold & Rose Gold - 01: highliter-colour.jpg\nSizzlin' Magenta - 14:#872579\nRed Revenge - 16 :#9b2b31\nWine Trap - 17:#692c43\nDark Seduction - 18:#411f1f\nRuby Fling - 19:#7f1c21\nBrown Mischief - 20:#7f3813\nRosy Darlin' - 21:#b96e7c\nMocha Muse - 22:#af6453\nPink Cuff - 23:#b55c5e\nNude Feud - 24:#ae6d4e\nSiren Red - 25:#c62529\nSexy Scarlet - 26:#8d3739\nIvory - 05:#f3cbc3\nSand - 10:#e1ae8b\nBeige - 15:#ecb78b\nAlmond - 25:#ebb18b\nRoyal Maroon: #AD1025\nRed Revenge - 16:#9b2b31\nBrown Mischief - 20:#7f3813\nPink Cuff - 23:#b55c5e\nBold Mistress: Bold_Mistress.png\nNude Temptation: Nude_Temptation.png \nThe Pink Sin: The_Pink_Sin.png\nAlways on top: Always_On_Top.png\nJumeirah Jewel - 01: 01-Jumeirah-Jewel-80x80.png\nThe Khalifa - 02: 02-The-Khalifal-80x80.png\nDubai Gold - 03: 03-Dubai-Gold-80x80.png\nArabian Nites - 04: 04-Arabian-Nitesl-80x80.png\nRoyal Noor - 05: 05-Royal-Noorl-80x80.png\nChic Haseena - 06: 06-Chic-Haseenal-80x80.png\nMy Habibi - 07: 07-My-Habibil-80x80.png\nHer Highness - 08: 08-Her-Highness-80x80.png\nFiesta Queen: fiesta-queen_1.jpg\nMidnight Soirée: midnight-soiree_1.jpg\nWarm Mocha - 335: #bf7d59\nTranslucent: #F9F6EE\nBanana: #eedaaf","show_vendor":false,"show_secondary_image":false,"product_add_to_cart":true,"show_product_rating":true,"show_discount":false,"discount_mode":"percentage","product_color_display":"swatch","product_image_size":"square","pcard_layout":"4","pcard_alignment":"left","show_cta":true,"cart_type":"drawer","cart_icon":"shopping_cart","cart_show_free_shipping_threshold":true,"cart_free_shipping_threshold":"199","enable_persistent_login":true,"enable_remove_product":true,"remove_product_tag":"Free-Gift","enable_truecaller_login_on_login":false,"login_banner_image":"shopify:\/\/shop_images\/Screenshot_2023-09-12_at_8.45.47_AM.png","enable_prelogin_checkout":false,"enable_truecaller_login":false,"prelogin_announcement":"","show_trust_badge":false,"first_icon":"shopify:\/\/shop_images\/Truck.png","first_text":"","second_icon":"shopify:\/\/shop_images\/ShieldCheck.png","second_text":"Trust","third_icon":"shopify:\/\/shop_images\/HandCoins.png","third_text":"refund policy","enable_upsell_product_slider":false,"enable_product_slider_range1":false,"product_slider_heading1":"Add one more","product_slider_min_value1":1,"product_slider_max_value1":350,"product_slider_collection1":"cart-value-below-350","product_slider_product_count1":5,"enable_product_slider_range2":true,"product_slider_heading2":"You may also like","product_slider_min_value2":351,"product_slider_max_value2":9999,"product_slider_collection2":"you-may-also-like","product_slider_product_count2":7,"social_facebook":"https:\/\/www.facebook.com\/pilgrim.discover","social_instagram":"https:\/\/www.instagram.com\/discover.pilgrim\/","social_youtube":"https:\/\/www.youtube.com\/@PilgrimIndia","social_linkedin":"https:\/\/www.linkedin.com\/company\/discover-pilgrim\/","favicon":"shopify:\/\/shop_images\/Favicon-Pilgrim-Logo-96x96px.png","ab_testing_names":"hgsbogovs20","product_labels_with_colors":"","enable_pincode_check":false,"enable_otp":true,"enable_prepaid_discount":false,"main_banner_text":"","main_banner_text_color":"#056b2b","main_banner_text_bg":"#f5f1ec","before_discount_text":"Pay online & get instant 5% off","before_discount_color":"#de2a2a","before_discount_bg":"#f5f5f5","after_discount_text":"Extra 5% off applied on prepaid.","after_discount_color":"#2e9e7b","after_discount_bg":"#f5f5f5","enable_discount_codes":false,"discount_cta_color":"#056b2b","discount_code1":"B1G1","discount_label1":"Buy one get one free","discount_details1":"Add at least 2 products","discount_code2":"","discount_label2":"","discount_details_title2":"","discount_details2":"","discount_code3":"","discount_label3":"","discount_details_title3":"","discount_details3":"","mid":"19g6il6xd1dvq","envType":"production","hideFlow":false,"btnTxt":false,"gk-merchant-btnText":"Pay Via Cards \/ Wallets","fbpixel":"386717239189082,142114477111196","priClr":"#ffc008","secClr":"#1a1a1a","goEnable":true,"main-titile":"Checkout","sub-titile":"","enable_custom_checkout_button":false,"checkout_header_image":"shopify:\/\/shop_images\/Pilgrim-Express-Icon_2_a205e2a6-b8c7-4ab0-b7e7-2b232ce4e3db.jpg","checkout_logo_image":"shopify:\/\/shop_images\/Logo-Filler_45117160-3291-4f6e-9af7-5c6535086981.png","checkout_sidebar_background_color":"#f6f3ed","checkout_accent_color":"#010145","checkout_button_color":"#ffc105","checkout_error_color":"#de2a2a","accent_color":"#405de6","sections":{"mini-cart":{"type":"mini-cart","blocks":{"overall_milestone_VbiQrH":{"type":"overall_milestone","disabled":true,"settings":{"sale_name":"Up To 50% OFF on orders above ₹599","offer_detail":"Flat 25% OFF + Extra 25% Cashback on Delivery","coupon_code":"","offer_applicable_on":"","applicable_products":["all-products"],"cart_value":"value","item_value":599,"offer_txt":"<p>Add product\/s worth [item_value] to avail Up To 50% OFF<\/p>"}},"overall_milestone_LpMyhf":{"type":"overall_milestone","disabled":true,"settings":{"sale_name":"Flat 20% OFF","offer_detail":"","coupon_code":"FLAT20","offer_applicable_on":"","applicable_products":["all-products"],"cart_value":"item","item_value":1,"offer_txt":"<p>Add <strong>[item_value]<\/strong> more product to avail <strong>Buy 2 at 30% OFF<\/strong><\/p>"}},"overall_milestone_inyQFM":{"type":"overall_milestone","disabled":true,"settings":{"sale_name":"Your cart is eligible for Flat 20% OFF","offer_detail":"","coupon_code":"FLAT20","offer_applicable_on":"Apply code in the next step","applicable_products":["all-products"],"cart_value":"item","item_value":2,"offer_txt":"<p>Add [item_value] more eligible product\/s to avail <strong>Buy 2 @ ₹649 <\/strong><\/p>"}},"overall_milestone_Bej4Ci":{"type":"overall_milestone","disabled":true,"settings":{"sale_name":"Your cart is eligible for Buy 2 @ 30% OFF","offer_detail":"Applicable on all products","coupon_code":"FLAT30","offer_applicable_on":"","applicable_products":["buy-2-at-649"],"cart_value":"item","item_value":2,"offer_txt":"<p>Add [item_value] more eligible product\/s to avail <strong>Buy 2 @ ₹649 <\/strong><\/p>"}},"overall_milestone_UfdJ67":{"type":"overall_milestone","settings":{"sale_name":"Buy Any 2 @ ₹649","offer_detail":"","coupon_code":"BUY649","offer_applicable_on":"Applicable on Select Products","applicable_products":["buy-2-at-649"],"cart_value":"item","item_value":2,"offer_txt":"<p>Add <strong>[item_value]<\/strong> more eligible product\/s to avail <strong>Buy Any 2 @ ₹649<\/strong><\/p>"}},"overall_milestone_kY9YXk":{"type":"overall_milestone","disabled":true,"settings":{"sale_name":"Your cart is eligible for Buy Any 2 @ ₹649","offer_detail":"","coupon_code":"BUY649","offer_applicable_on":"Apply code in the next step","applicable_products":["buy-2-at-649"],"cart_value":"item","item_value":3,"offer_txt":"<p>Add <strong>[item_value]<\/strong> more eligible product\/s to avail <strong>Buy 3 at ₹999<\/strong><\/p>"}},"overall_milestone_MaBraL":{"type":"overall_milestone","disabled":true,"settings":{"sale_name":"Buy 3 @ ₹999","offer_detail":"","coupon_code":"BUY999","offer_applicable_on":"Applicable on Select Products","applicable_products":["buy-4-1199-mo"],"cart_value":"item","item_value":3,"offer_txt":"<p>Add <strong>[item_value]<\/strong> more eligible product\/s to avail B<strong>uy 3 at ₹999 <\/strong><\/p>"}},"overall_milestone_ggYidg":{"type":"overall_milestone","disabled":true,"settings":{"sale_name":"Your cart is eligible for Buy 3 @ ₹999","offer_detail":"","coupon_code":"BUY999","offer_applicable_on":"Applicable on Select Products","applicable_products":["buy-4-1199-mo"],"cart_value":"item","item_value":4,"offer_txt":"<p>Add <strong>[item_value]<\/strong> more eligible product\/s to avail <strong>Buy 4  @ ₹1199 + Free Jute Bag <\/strong><\/p>"}},"overall_milestone_EH6MJP":{"type":"overall_milestone","disabled":true,"settings":{"sale_name":"Your cart is eligible for Buy 3 @ ₹999","offer_detail":"","coupon_code":"BUY999","offer_applicable_on":"Apply code in the next step","applicable_products":["buy-4-1199-mo"],"cart_value":"item","item_value":4,"offer_txt":"<p>Add <strong>[item_value]<\/strong> more eligible product\/s to avail<strong> Buy Any 4 @ ₹1199 + Free Jute Bag <\/strong><\/p>"}},"overall_milestone_YB9p9C":{"type":"overall_milestone","disabled":true,"settings":{"sale_name":"Buy Any 3 @ ₹899 + FREE Jute Bag","offer_detail":"Applicable on select products","coupon_code":"","offer_applicable_on":"Discount Auto-Applied","applicable_products":["buy-3-at-899"],"cart_value":"item","item_value":3,"offer_txt":"<p>Add <strong>[item_value]<\/strong> more eligible product\/s to avail <strong>Buy Any 3 @ ₹899 + FREE Jute Bag<\/strong><\/p>"}},"overall_milestone_GUcYXB":{"type":"overall_milestone","disabled":true,"settings":{"sale_name":"🔥Buy 1 Get 1 Free🔥","offer_detail":"","coupon_code":"","offer_applicable_on":"Discount auto-applied","applicable_products":["all-products"],"cart_value":"item","item_value":2,"offer_txt":"<p>Add <strong>[item_value]<\/strong> more product\/s to avail <strong>Buy 1 Get 1 Free<\/strong><\/p>"}},"overall_milestone_htwx6c":{"type":"overall_milestone","disabled":true,"settings":{"sale_name":"Your cart is eligible for Buy 1 Get 1 Free","offer_detail":"","coupon_code":"","offer_applicable_on":"Discount Auto-Applied","applicable_products":["all-products"],"cart_value":"item","item_value":4,"offer_txt":"<p>Add <strong>[item_value]<\/strong> more eligible product\/s to avail <strong>Buy 2 Get 2 Free + FREE Jute Bag worth ₹599<\/strong><\/p>"}},"overall_milestone_nnzxUL":{"type":"overall_milestone","disabled":true,"settings":{"sale_name":"Your cart is eligible for Buy 2 Get 2 Free","offer_detail":"","coupon_code":"","offer_applicable_on":"Discount Auto-Applied","applicable_products":["all-products"],"cart_value":"item","item_value":6,"offer_txt":"<p>Add <strong>[item_value]<\/strong> more eligible product\/s to avail <strong>Buy 3 Get 3 Free + FREE Makeup Bag worth ₹1000<\/strong><\/p>"}},"product_milestone_6CEykx":{"type":"product_milestone","disabled":true,"settings":{"sale_name":"🔥 PayDay Sale 🔥","sale_name_complete":"","offer_applicable_on":"Discount Auto-Applied","applicable_products":["all-products"],"cart_value":"item","item_value":2,"offer_txt":"<p>Add <strong>[item_value]<\/strong> more product\/s to avail <strong>Buy 1 Get 1 Free<\/strong><\/p>"}},"product_milestone_YpDrCq":{"type":"product_milestone","disabled":true,"settings":{"sale_name":"Buy 1 Get 1 free is applied","sale_name_complete":"","offer_applicable_on":"Discount Auto-Applied","applicable_products":["all-products"],"cart_value":"item","item_value":4,"offer_txt":"<p>Add <strong>[item_value]<\/strong> more product\/s to avail <strong>Buy 2 Get 2 Free + Free Jute Bag<\/strong><\/p>"}},"product_milestone_xeRGB3":{"type":"product_milestone","disabled":true,"settings":{"sale_name":"Buy 2 Get 2 Free + Free Jute Bag is applied","sale_name_complete":"","offer_applicable_on":"Discount Auto-Applied","applicable_products":["all-products"],"cart_value":"item","item_value":6,"offer_txt":"<p>Add <strong>[item_value]<\/strong> more product\/s to avail <strong>Buy 3 Get 3 Free + Free Jute Bag<\/strong><\/p>"}}},"block_order":["overall_milestone_VbiQrH","overall_milestone_LpMyhf","overall_milestone_inyQFM","overall_milestone_Bej4Ci","overall_milestone_UfdJ67","overall_milestone_kY9YXk","overall_milestone_MaBraL","overall_milestone_ggYidg","overall_milestone_EH6MJP","overall_milestone_YB9p9C","overall_milestone_GUcYXB","overall_milestone_htwx6c","overall_milestone_nnzxUL","product_milestone_6CEykx","product_milestone_YpDrCq","product_milestone_xeRGB3"],"custom_css":[".discount-badge {background-color: #065d06;}"],"settings":{"show_order_note":false,"show_checkout_button":true,"cart_subheading":"","after_discount_cart_subheading":"","empty_button_link":"","show_shipping_txt":false,"ship_icon":"shopify:\/\/shop_images\/shipping-car-svgrepo-com.svg","ship_txt":"<p>order above <strong>₹200<\/strong> for <strong>Free Shipping!<\/strong><\/p>","offer_complete_txt":"Your cart is eligible for Buy Any 2 @ ₹649","offer_complete_desc":"<p>Use Code: <strong>BUY649<\/strong><\/p>","offer_complete_last":"Apply code in the next step","show_recommendations":false,"recommendations_title":"You may also like✨"}},"slideshow":{"type":"slideshow","blocks":{"image_nUqCGJ":{"type":"image","settings":{"image":"shopify:\/\/shop_images\/Store-Locator-Banner-850x126.png","mobile_image":"shopify:\/\/shop_images\/Store-Locator-Banner-390x240.png","text_position":"middle_center","subheading":"","title":"","button_1_text":"","button_1_link":"","button_2_text":"","button_2_link":"","text_color":"#ffffff","button_background":"#ffffff","button_text_color":"#000000","overlay_color":"#000000","overlay_opacity":0}}},"block_order":["image_nUqCGJ"],"custom_css":[".section__header {margin: 0px !important;}"],"settings":{"subheading":"","title":"","content":"","custom_class":"","scrollid":"","section_height":"auto","transition_type":"sweep","autoplay":true,"cycle_speed":5,"background":"rgba(0,0,0,0)","text_width":"medium","text_position":"center","text_alignment":"center"}}},"content_for_index":[],"blocks":{"8218531531362863771":{"type":"shopify:\/\/apps\/kite-free-gift\/blocks\/app-embed\/2c7302c4-455d-4078-a829-48563ba26089","disabled":false,"settings":{}},"16605631912868231181":{"type":"shopify:\/\/apps\/moengage\/blocks\/app-embed\/50f1ed6f-9777-46ca-ae3f-9d9b9c6152ef","disabled":false,"settings":{}},"10792054070156345639":{"type":"shopify:\/\/apps\/yagi-order-cancellable\/blocks\/account_links\/925d2800-296f-4959-a164-59de5e9cc677","disabled":true,"settings":{"show_cancel_link":true,"show_reorder_link":true,"show_cancel_link_for_fulfilled":false,"table_selector":"table.order-history, .myaccount table, .account table, table.orders-table","cancel_header_text":"Cancel","cancel_link_text":"Cancel","cancelled_text":"Cancelled","cannot_cancel_text":"","cancel_column_class":"","cancel_link_class":"","cancel_link_style":"","reorder_header_text":"Reorder","reorder_link_text":"Reorder","reorder_column_class":"","reorder_link_style":""}},"16881471024131275657":{"type":"shopify:\/\/apps\/searchanise-search-filter\/blocks\/app-embed\/d8f24ada-02b1-458a-bbeb-5bf16d5c921e","disabled":false,"settings":{}},"14060646107696862457":{"type":"shopify:\/\/apps\/judge-me-reviews\/blocks\/judgeme_core\/61ccd3b1-a9f2-4160-9fe9-4fec8413e5d8","disabled":false,"settings":{}},"15731092540705609947":{"type":"shopify:\/\/apps\/manifest-ai-chatbot\/blocks\/embed\/cef2d5e1-cdf8-491e-bb69-d24f19b6ea44","disabled":false,"settings":{}},"9332755454592956405":{"type":"shopify:\/\/apps\/nector-loyalty-rewards\/blocks\/floating_widget\/1c1144ea-67f0-4232-93c6-0d8fbb8c8d3a","disabled":true,"settings":{}}}},"presets":{"Carbon":{"button_border_radius":0,"block_border_radius":"none","heading_color":"#282828","text_color":"#282828","secondary_background":"#f5f5f5","success_color":"#2e9e7b","error_color":"#de2a2a","header_background":"#282828","footer_background":"#282828","footer_text_color":"#ffffff","primary_button_background":"#405de6","secondary_button_background":"#f3ff34","secondary_button_text_color":"#282828","product_on_sale_accent":"#de2a2a","product_custom_label_background":"#405de6","product_custom_label_2_background":"#f3ff34","product_in_stock_text_color":"#2e9e7b","product_low_stock_text_color":"#de2a2a","heading_font":"zurich_extended_n8","heading_font_size":"medium","heading_text_transform":"uppercase","text_font":"zurich_n4","text_font_size":15,"currency_code_enabled":false,"stagger_products_apparition":true,"round_color_swatches":false,"show_vendor":false,"show_secondary_image":true,"product_color_display":"count","product_image_size":"natural","show_product_rating":false,"cart_type":"message","cart_show_free_shipping_threshold":true,"accent_color":"#405de6","checkout_sidebar_background_color":"#f5f5f5","checkout_accent_color":"#282828","checkout_button_color":"#405de6","checkout_error_color":"#de2a2a"},"Ivory":{"button_border_radius":4,"block_border_radius":"small","heading_color":"#1a1a1a","text_color":"#1a1a1a","secondary_background":"#f5f1ec","success_color":"#2e9e7b","error_color":"#de2a2a","header_background":"#56112a","header_text_color":"#ffffff","footer_background":"#56112a","footer_text_color":"#ffffff","primary_button_background":"#56112a","primary_button_text_color":"#ffffff","secondary_button_background":"#f7aea6","secondary_button_text_color":"#56112a","product_on_sale_accent":"#913b59","product_custom_label_background":"#405de6","product_custom_label_2_background":"#f3e5b6","product_in_stock_text_color":"#2e9e7b","product_low_stock_text_color":"#de2a2a","heading_font":"itc_caslon_no_224_n5","heading_font_size":"medium","heading_text_transform":"normal","text_font":"avenir_next_n4","text_font_size":15,"stagger_products_apparition":true,"round_color_swatches":true,"show_vendor":false,"show_secondary_image":true,"product_color_display":"count","product_image_size":"natural","cart_type":"drawer","accent_color":"#405de6","checkout_sidebar_background_color":"#f6f3ed","checkout_accent_color":"#353535","checkout_button_color":"#353535","checkout_error_color":"#de2a2a"},"Quartz":{"icon_stroke_width":1.3,"button_border_radius":0,"block_border_radius":"none","vertical_spacing":"medium","heading_color":"#0d0d0d","text_color":"#2e2e2e","background":"#ffffff","secondary_background":"#f5f5f5","success_color":"#3c6e71","error_color":"#de2a2a","header_background":"#ffffff","header_text_color":"#2e2e2e","footer_background":"#ffffff","footer_text_color":"#2e2e2e","primary_button_background":"#051e38","primary_button_text_color":"#ffffff","secondary_button_background":"#dfdfdf","secondary_button_text_color":"#2e2e2e","product_on_sale_accent":"#de2b2b","product_sold_out_accent":"#5b5b5b","product_custom_label_background":"#051e38","product_custom_label_2_background":"#2e9e7b","product_in_stock_text_color":"#2e9e7b","product_low_stock_text_color":"#de2b2b","heading_font":"futura_n3","heading_font_size":"medium","heading_text_transform":"uppercase","text_font":"din_next_n4","text_font_size":15,"stagger_products_apparition":true,"round_color_swatches":false,"show_vendor":false,"show_secondary_image":true,"product_color_display":"hide","product_image_size":"natural","cart_type":"drawer","cart_icon":"tote_bag","checkout_sidebar_background_color":"#f5f5f5","checkout_accent_color":"#051e38","checkout_button_color":"#051e38","checkout_error_color":"#de2a2a","accent_color":"#405de6"},"Sapphire":{"icon_stroke_width":1.2,"button_border_radius":0,"block_border_radius":"none","heading_color":"#0c1b54","text_color":"#0c1b54","background":"#ffffff","secondary_background":"#f7f7f7","success_color":"#708a7d","error_color":"#d2545a","header_background":"#0c1b54","footer_background":"#0c1b54","footer_text_color":"#ffffff","primary_button_background":"#0c1b54","secondary_button_background":"#f7f7f7","secondary_button_text_color":"#0c1b54","product_rating_color":"#a48156","product_on_sale_accent":"#d2545a","product_custom_label_background":"#405de6","product_custom_label_2_background":"#f3ff34","product_in_stock_text_color":"#2e9e7b","product_low_stock_text_color":"#d2545a","heading_font":"chong_modern_n4","heading_font_size":"large","heading_text_transform":"normal","text_font":"trade_gothic_n4","text_font_size":15,"stagger_products_apparition":true,"round_color_swatches":true,"show_vendor":true,"show_secondary_image":true,"show_product_rating":true,"product_color_display":"hide","product_image_size":"natural","cart_type":"message","checkout_sidebar_background_color":"#f5f5f5","checkout_accent_color":"#282828","checkout_button_color":"#405de6","checkout_error_color":"#de2a2a","accent_color":"#405de6"}},"platform_customizations":{"custom_css":[".badge {padding-top: 1px; padding-right: 8px; padding-bottom: 1px; padding-left: 8px; border-radius: 5px; background-color: var(--menu-highlight-color); color: #fff; margin-left: 10px; line-height: 14px; font-size: 10px; font-weight: 600;}",".track-order-div {margin-left: -24px; margin-right: -24px;}",".pilgrim-features {background: linear-gradient( 360deg, rgb(207 207 207 \/ 94%) 0%, rgb(255 255 255 \/ 29%) 100% );}"]}}