{"sections":{"main":{"type":"page","disabled":true,"settings":{}},"16541547010a103a86":{"type":"slider","blocks":{"1654154701cc394db3-0":{"type":"slider_item","settings":{"background":"shopify:\/\/shop_images\/happy-young-girls-different-nationalities-white-shirts-stretch-their-hands-camera-beige-background.png","image_alignment":"center","content_in_container":false,"content_position":"center middle","text_alignment":"center","text_size":"medium","text_color":"black","subheading":"","title":"","description":"","image_link":"","button_text":"","button_link":"","button_style":"sf__btn-primary","button_size":"","show_footer":false,"footer_alignment":"end","footer_text":"New Collection","footer_button":"Shop Now","footer_link":""}}},"block_order":["1654154701cc394db3-0"],"settings":{"container":"w-full","slideshow_height":"adapt","show_overlay":false,"dots_position":"bottom","dots_color":"dark","show_dots":true,"show_arrows":false,"autorotate":false,"autorotate_speed":5,"use_content_above":false,"custom_class":""}},"165415472186531ded":{"type":"custom-content","blocks":{"1654154720b3b66a6a-0":{"type":"text","settings":{"title":"Shopping with PilgrimMILES","subheading":"","text":"<p>Where You Get Rewarded For Discovering Beauty Secrets From Around the World!<\/p>","width":"100%","alignment":"center","align_text":"center","text_size":"medium","text_color":"black","button_label":"","button_link":"","button_style":"sf__btn-primary","button_size":"","block_custom_class":""}},"1654154720b3b66a6a-1":{"type":"image","settings":{"image":"shopify:\/\/shop_images\/260nw-1344093023.webp","link":"","width":"50%","alignment":"center","block_custom_class":""}},"544de353-68e5-44df-ad01-e24ef2cf5a77":{"type":"text","settings":{"title":"","subheading":"","text":"<p>Become a part of the growing <strong>PilgrimTRIBE<\/strong> that is excited to explore the globe for the best of beauty. You have the opportunity to earn <strong>PilgrimMILES<\/strong> every time you shop for everything, every day, and redeem for your favourite products.<\/p><p>So, join the journey to access hidden beauty secrets and fill up your account!<\/p>","width":"50%","alignment":"center","align_text":"center","text_size":"medium","text_color":"black","button_label":"Join Now","button_link":"#","button_style":"sf__btn-primary","button_size":"","block_custom_class":""}}},"block_order":["1654154720b3b66a6a-0","1654154720b3b66a6a-1","544de353-68e5-44df-ad01-e24ef2cf5a77"],"settings":{"heading":"","subheading":"","description":"","header_alignment":"center","container":"container","background_color":"","gap":30,"use_scroll_mobile":false,"gap_mobile":16,"custom_class":""}},"1654159523a7030e15":{"type":"custom-content","blocks":{"16541595224f946101-0":{"type":"text","settings":{"title":"Here’s How It Works!","subheading":"","text":"<p>Each time you shop at Pilgrim, you automatically earn PilgrimMILES with our very generous no-strings-attached rewards program. As a member, you <strong>earn 1 PilgrimMILE per ₹10 you spend<\/strong>, whether you purchase during a sale, buy a gift or a combo kit, or an individual product. <\/p><p>You can then redeem PilgrimMILES for any product that you want to buy on our website. <\/p><p><\/p><p><strong>Redeem 1 PilgrimMILE = ₹1<\/strong><\/p><p><\/p><p><em>Spend more on what you love, earn more of what you love. It’s that simple!<\/em><\/p>","width":"100%","alignment":"center","align_text":"center","text_size":"medium","text_color":"black","button_label":"","button_link":"","button_style":"sf__btn-primary","button_size":"","block_custom_class":""}}},"block_order":["16541595224f946101-0"],"settings":{"heading":"","subheading":"","description":"","header_alignment":"center","container":"container","background_color":"","gap":30,"use_scroll_mobile":false,"gap_mobile":16,"custom_class":""}},"1654160094a0b83df6":{"type":"custom-content","blocks":{"165416009435bfc10c-0":{"type":"text","settings":{"title":"Benefits unlocked when you become a member!","subheading":"","text":"","width":"100%","alignment":"center","align_text":"center","text_size":"medium","text_color":"black","button_label":"","button_link":"","button_style":"sf__btn-primary","button_size":"","block_custom_class":""}},"165416009435bfc10c-1":{"type":"image","settings":{"link":"","width":"100%","alignment":"center","block_custom_class":""}}},"block_order":["165416009435bfc10c-0","165416009435bfc10c-1"],"settings":{"heading":"","subheading":"","description":"","header_alignment":"center","container":"container-fluid","background_color":"","gap":30,"use_scroll_mobile":false,"gap_mobile":16,"custom_class":""}},"1654160574eb59d778":{"type":"collapsible-tabs","blocks":{"16541605741f0a15bc-0":{"type":"item","settings":{"header":"PilgrimMILES Terms & Conditions","content":"<p>PilgrimMILES is a free rewards program offered by Pilgrim to registered users on <a href=\"http:\/\/www.discoverpilgrim.com\"><span style=\"text-decoration:underline\">www.discoverpilgrim.com<\/span><\/a>. <\/p><p><strong>Membership & Eligibility<\/strong><\/p><p><strong>Free Membership:<\/strong> No purchase is necessary to obtain membership in the PilgrimMILES program and get a PilgrimMILES account. <\/p><p><strong>Membership Account: <\/strong>You may enroll in the PilgrimMILES program through our Website. Registering for an account on our Website will also enroll you in the PilgrimMILES program. Once you are a registered user of the website, you may view a summary of your account on the website by simply clicking on the \"My Account\" link in the header of the website homepage. You may check your PilgrimMILES balance by clicking on the “My PilgrimMILES” option in your account. <\/p><p><strong>Eligibility: <\/strong>Only one PilgrimMILES account may be associated with a single email address. By enrolling for PilgrimMILES, you agree (or, if you are a Minor, your parent or legal guardian agrees) to be bound by these terms and conditions. To register with us, you must provide your first name, last name, mailing address, gender, and phone number and accept our Terms of Use and Privacy Policy.<\/p><p><strong>Earning PilgrimMILES<\/strong><\/p><p><strong>General: <\/strong>Members can earn PilgrimMILES on the purchase of Pilgrim products online at <a href=\"http:\/\/www.discoverpilgrim.com\"><span style=\"text-decoration:underline\">www.discoverpilgrim.com<\/span><\/a>. For all online purchases, you must be a registered user of the Website and have linked your Account number with your Online account to PilgrimMILES for Online purchases. You must be signed in to this account to earn PilgrimMILES.<\/p><p><strong>Earning Rate: <\/strong>Members earn one (1) PilgrimMILE for every ₹ 10 spent when they purchase. For example, if you spend ₹ 850, you will earn 85 PilgrimMILES. <\/p><p><strong>Benefits:<\/strong><\/p><p>PilgrimMILES benefits are specially designed for registered members. Such benefits will be offered completely at the discretion of Pilgrim and are subject to update, cancellation, and change.<\/p><p><strong>Redeeming PilgrimMILES<\/strong><\/p><p><strong>General:<\/strong> Members may redeem their PilgrimMILES on any purchase made online at <a href=\"http:\/\/www.discoverpilgrim.com\"><span style=\"text-decoration:underline\">www.discoverpilgrim.com<\/span><\/a>. To redeem towards a purchase Online, a Member must be a registered user of the Website and must have linked their Account number with their Online account. <\/p><p><strong>Redemption Rate: <\/strong>Members can redeem one (1) PilgrimMILE for every ₹ 1 spent when they purchase. <\/p><p><strong>Eligibility: <\/strong>PilgrimMILES earned are not eligible for redemption for 24 hours once they are awarded. A maximum number of PilgrimMILES redeemable in a single transaction may apply. PilgrimMILES may be redeemed on the purchase price of qualifying products only and cannot be used towards the payment of sales tax or shipping and handling charges. <\/p><p><strong>PilgrimMILES Expiration <\/strong><\/p><p>PilgrimMILES expire at the end of 60 days from the date that they were earned by the member. <\/p><p><strong>Member Cancellation<\/strong><\/p><p>You may cancel your Pilgrim account at any time. Upon cancellation, any unused PilgrimMILES accrued in your account will be forfeited and cannot be redeemed.<\/p>","content_page":"","open":false}}},"block_order":["16541605741f0a15bc-0"],"settings":{"container":"container"}},"1654160579f33993fa":{"type":"custom-content","blocks":{"1654160579dbb94a1a-0":{"type":"text","settings":{"title":"PilgrimMILES Rewards Program","subheading":"","text":"<p>Earning PilgrimMILES is so easy! Register for free and you can earn PilgrimMILES when you shop everything, every day. <\/p><p>The best part? The more you shop, the more your PilgrimMILES are worth. Redeem for your favourite products! <\/p>","width":"100%","alignment":"center","align_text":"center","text_size":"medium","text_color":"black","button_label":"","button_link":"","button_style":"sf__btn-primary","button_size":"","block_custom_class":""}},"1654160579dbb94a1a-1":{"type":"image","settings":{"link":"","width":"50%","alignment":"center","block_custom_class":""}}},"block_order":["1654160579dbb94a1a-0","1654160579dbb94a1a-1"],"settings":{"heading":"","subheading":"","description":"","header_alignment":"center","container":"container-fluid","background_color":"","gap":30,"use_scroll_mobile":false,"gap_mobile":16,"custom_class":""}}},"order":["main","16541547010a103a86","165415472186531ded","1654159523a7030e15","1654160094a0b83df6","1654160574eb59d778","1654160579f33993fa"]}