{"sections":{"main":{"type":"main-product","blocks":{"6fdcc8bc-3d20-4ef3-975e-f5b408078378":{"type":"badge","settings":{}},"title":{"type":"title","settings":{}},"9254da6c-36a5-481b-967a-e8316a844800":{"type":"text","settings":{"text":"{{ product.metafields.my_fields.after_atc_single_line_text.value }}","text_style":"subtitle"}},"a20214b2-e575-4f81-bc15-48a5a3829364":{"type":"custom_text","settings":{"content":"<p><strong>Range: <\/strong>{{ product.metafields.my_fields.product_range.value }}<\/p>"}},"72692ee8-3aee-4218-82bb-10d1a44571a6":{"type":"meta","settings":{"show_collections":false,"show_vendor":false,"show_type":false,"show_availability":true,"show_sku":false}},"fc817cd4-5da6-4582-9ea9-f38d291462e4":{"type":"text","settings":{"text":"MRP:","text_style":"uppercase"}},"price":{"type":"price","settings":{"show_saving":true}},"b90547e3-4ff9-4c96-8e29-ba62028f3c33":{"type":"text","settings":{"text":"Inclusive of all taxes.","text_style":"subtitle"}},"variant_picker":{"type":"variant_picker","settings":{"size_title":"Size"}},"2a3fe451-4b2e-4cff-85e5-3bc0a34ac193":{"type":"custom_liquid","settings":{"custom_liquid":"<script>\nasync function fetchAsync () {\npin=document.getElementById(\"pincode\").value;\nurl='https:\/\/www.discoverpilgrim.com\/rest\/V1\/growisto-pincode\/pincodelist?pincode='+pin;\n  let response = await fetch(url);\n  let data = await response.json();\nconsole.log(data);\ntxt='';\ntxt=txt+'Delivery to '+data[0].city+',India<\/br>';\ntxt=txt+'Delivery By '+data[0].duration+'<\/br>';\ntxt=txt+'Cash On Delivery '+data[0].cod+'<\/br>';\ndocument.getElementById(\"pinlist\").innerHTML=txt;\n}\n<\/script>\n<input type=\"text\" id=\"pincode\" class=\"form-control\" placeholder=\"Enter Pincode\"><button onclick=\"fetchAsync();\" name=\"add\" class=\"delivery-check-button\">\n <span class=\"not-change atc-text\">Check Delivery<br><\/span>\n<\/button>\n<p style=\"font-size:16px;color:#888888;\" id=\"pinlist\"><\/p>\n\n\n<script>\nasync function loadNames() {\n    mob=9619589960;\n    url=`https:\/\/api.msg91.com\/api\/sendhttp.php?mobiles=${mob}&sender=PILGRM&message=Order Placed: Thank you for shopping with Pilgrim India. We have successfully received your Order for {{ customer.first_name }} with Order #000{{ order_number }}.&authkey=315678ARsW5lV0m5Z5e3188adP1&route=4&country=91&DLT_TE_ID=1207161648426950593`;\n    console.log(url);\n    const response = await fetch(url);\n   const names = await response.json();\n   console.log(names); \n    \/\/ logs [{ name: 'Joker'}, { name: 'Batman' }]\n  }\nloadNames();\n<\/script>"}},"69c66ebd-3bef-4c30-8100-5a4d3ec72fe7":{"type":"custom_text","settings":{"content":"<p><strong>Skin Type: <\/strong>{{ product.metafields.my_fields.rich_text_skin_type_batc.value }}<\/p><p><strong>Size: <\/strong>{{ product.metafields.my_fields.product_size.value }}<\/p>"}},"96e0d497-691e-47b4-9bb9-77c4efa475c2":{"type":"custom_text","disabled":true,"settings":{"content":"<p><strong>Size: <\/strong>{{ product.metafields.my_fields.product_size.value }}<\/p>"}},"85665f30-103d-4fba-891a-cb651ef3829f":{"type":"image","settings":{"image":"shopify:\/\/shop_images\/Limited-Time-Offer-Banner-800px-4.jpg","image_link":"","image_width":100,"image_alignment":"start"}},"59a28a0b-8f3a-4f74-8dbc-253db809c3bc":{"type":"custom_text","disabled":true,"settings":{"content":"<p><strong>Limited Period Offer:<\/strong><\/p><p><strong>Buy 2 Get 2 Free<\/strong> | Add 4 to Cart to get 2 of them free. <\/p><p>Shop skincare worth ₹2999 to get a <strong>FREE Pilgrim Vanity Bag<\/strong>. <\/p>"}},"ed6a5f5a-6faa-419f-a05d-b41cb8c3f7f8":{"type":"text","disabled":true,"settings":{"text":"{{ product.metafields.my_fields.after_atc_long_text | metafield_text }}","text_style":"body"}},"d35a65db-29b2-4f88-9303-213016244070":{"type":"foxkit_stock_countdown","settings":{}},"buy_buttons":{"type":"buy_buttons","settings":{"show_quantity_selector":false,"show_atc_button":true,"show_dynamic_checkout":false}},"3c252586-d180-470f-bc03-521a714f69e4":{"type":"image","settings":{"image":"shopify:\/\/shop_images\/mobileBanner.png","image_link":"","image_width":100,"image_alignment":"center"}},"38e7d337-e4ba-495f-9b6a-d96e01e39337":{"type":"custom_liquid","disabled":true,"settings":{"custom_liquid":"<div id='cssmenu'>\n   <ul>\n   <li><a href='#'><span>Why should you buy it?<\/span><\/a><\/li>\n   <li><a href='\/#ingredients'><span>Ingredients<\/span><\/a><\/li>\n   <li><a href='#'><span>How to use it?<\/span><\/a><\/li>\n   <li><a href='#'><span>FAQs<\/span><\/a><\/li>     \n   <li><a href=\"#\"><span>Reviews<\/span><\/a><\/li>\n   <\/ul>\n   <\/div>"}}},"block_order":["6fdcc8bc-3d20-4ef3-975e-f5b408078378","title","9254da6c-36a5-481b-967a-e8316a844800","a20214b2-e575-4f81-bc15-48a5a3829364","72692ee8-3aee-4218-82bb-10d1a44571a6","fc817cd4-5da6-4582-9ea9-f38d291462e4","price","b90547e3-4ff9-4c96-8e29-ba62028f3c33","variant_picker","2a3fe451-4b2e-4cff-85e5-3bc0a34ac193","69c66ebd-3bef-4c30-8100-5a4d3ec72fe7","96e0d497-691e-47b4-9bb9-77c4efa475c2","85665f30-103d-4fba-891a-cb651ef3829f","59a28a0b-8f3a-4f74-8dbc-253db809c3bc","ed6a5f5a-6faa-419f-a05d-b41cb8c3f7f8","d35a65db-29b2-4f88-9303-213016244070","buy_buttons","3c252586-d180-470f-bc03-521a714f69e4","38e7d337-e4ba-495f-9b6a-d96e01e39337"],"settings":{"container":"container","layout":"layout-4","show_atwl":false,"enable_history_state":true,"show_zoom_button":true,"enable_video_autoplay":false,"show_nav_media_mobile":false,"show_pagination_mobile":true,"use_sticky_atc":true,"use_sticky_atc_on_mobile":true,"enable_dynamic_checkout":false,"sticky_atc_wishtlist":false,"sticky_atc_compare":false}},"164915271427f815ac":{"type":"brands-list","blocks":{"16491527141a61a323-0":{"type":"image","settings":{"image_by_url":"{{ product.metafields.my_fields.test_benefit_url.value }}","image_link":"","max_width":""}},"16491527141a61a323-1":{"type":"image","settings":{"image_by_url":"{{ product.metafields.my_fields.after_atc_benefit2_url.value }}","image_link":"","max_width":""}},"16491527141a61a323-2":{"type":"image","settings":{"image_by_url":"{{ product.metafields.my_fields.after_atc_benefit3_url.value }}","image_link":"","max_width":""}}},"block_order":["16491527141a61a323-0","16491527141a61a323-1","16491527141a61a323-2"],"settings":{"heading":"Why should you buy it?","subheading":"","header_alignment":"center","container":"container","background_color":"rgba(0,0,0,0)","item_per_row":3,"enable_slider":true,"autorotate":false,"autorotate_speed":3,"custom_class":""}},"165233526202ef3ffb":{"type":"brands-list","blocks":{"16523352625088d8c4-0":{"type":"image","settings":{"image_by_url":"{{ product.metafields.my_fields.ingredients1_url.value }}","image_link":"","max_width":"350px"}},"16523352625088d8c4-1":{"type":"image","settings":{"image_by_url":"{{ product.metafields.my_fields.ingredients2_url.value }}","image_link":"","max_width":"350px"}},"16523352625088d8c4-2":{"type":"image","settings":{"image_by_url":"{{ product.metafields.my_fields.ingredients3_url.value }}","image_link":"","max_width":"350px"}}},"block_order":["16523352625088d8c4-0","16523352625088d8c4-1","16523352625088d8c4-2"],"settings":{"heading":"Powerful Ingredients","subheading":"","header_alignment":"center","container":"container","background_color":"rgba(0,0,0,0)","item_per_row":3,"enable_slider":true,"autorotate":true,"autorotate_speed":3,"custom_class":""}},"16494867301842afff":{"type":"collapsible-tabs","blocks":{"16494867307dbee142-0":{"type":"item","settings":{"header":"See All Ingredients","content":"<p>{{ product.metafields.my_fields.after_atc_test_ingrdients.value }}<\/p>","content_page":"","open":false}}},"block_order":["16494867307dbee142-0"],"settings":{"container":"container-narrow"}},"1648124814f79336e0":{"type":"collection-list","disabled":true,"blocks":{"16481248138709d903-0":{"type":"collection_block","settings":{"collection":"","title":"Step 1","item_image":"shopify:\/\/shop_images\/LANEIGE_WSM_HowToUse_242x242-1alt_240x240_crop_center_ada43e4e-2300-4787-a9e1-78ef28bedea0.gif"}},"16481248138709d903-1":{"type":"collection_block","settings":{"collection":"","title":"Step 2","item_image":"shopify:\/\/shop_images\/LANEIGE_WSM_HowToUse_242x242-2_240x240_crop_center_1d71a59e-dc60-4938-976d-91148b105b35.gif"}},"16481248138709d903-2":{"type":"collection_block","settings":{"collection":"","title":"Step 3","item_image":"shopify:\/\/shop_images\/LANEIGE_WSM_HowToUse_242x242-3_240x240_crop_center_d27e728c-84f6-4a19-9fd6-be09be96766d.gif"}}},"block_order":["16481248138709d903-0","16481248138709d903-1","16481248138709d903-2"],"settings":{"heading":"How to use?","subheading":"","description":"","header_alignment":"center","container":"container-fluid","background_color":"","layout":"grid","card_style":"standard","text_alignment":"left","hover_effect":"scaling-down","show_product_count":true,"count_inline_title":true,"image_rounded":false,"items_per_row":3,"item_gap":30,"enable_slider":true,"show_pagination":false,"show_navigation":false,"autorotate":false,"autorotate_speed":5,"use_scroll_mobile":true,"mobile_gap":26,"hidden_slide_control_mobile":false,"custom_class":""}},"product-recommendations":{"type":"product-recommendations","settings":{"container":"container","heading":"You May Also Like","limit":10,"columns":4,"column_gap":30,"enable_slider":true}},"1650100479e3b0d30f":{"type":"apps","blocks":{"ab29edfc-7cf1-483e-9317-54020e9f736c":{"type":"shopify:\/\/apps\/judge-me-product-reviews\/blocks\/review_widget\/61ccd3b1-a9f2-4160-9fe9-4fec8413e5d8","settings":{}}},"block_order":["ab29edfc-7cf1-483e-9317-54020e9f736c"],"settings":{"heading":"","subheading":"","header_alignment":"center","container":"container","background_color":"","custom_class":""}},"1651576694774d624e":{"type":"collapsible-tabs","blocks":{"16515766949eabb77e-0":{"type":"item","settings":{"header":"Additional Information","content":"<p>{{ product.metafields.my_fields.additional_information | metafield_tag }}<\/p>","content_page":"","open":false}},"16515766949eabb77e-1":{"type":"item","settings":{"header":"How to Use","content":"<p>{{ product.metafields.my_fields.how_to_use | metafield_tag }}<\/p>","content_page":"","open":true}},"38f9beb2-573f-4112-b464-81ea872eff23":{"type":"liquid","disabled":true,"settings":{"header":"{{ product.metafields.my_fields.product_range.value }}","custom_liquid":"{{ product.metafields.my_fields.faq_products.value }}"}}},"block_order":["16515766949eabb77e-0","16515766949eabb77e-1","38f9beb2-573f-4112-b464-81ea872eff23"],"settings":{"container":"container-narrow"}},"1651935717456da1da":{"type":"custom-content","blocks":{"1651935716b1cc0b7b-0":{"type":"text","settings":{"title":"","subheading":"","text":"","width":"50%","alignment":"center","align_text":"left","text_size":"medium","text_color":"black","button_label":"","button_link":"","button_style":"sf__btn-primary","button_size":"","block_custom_class":"faq-header"}}},"block_order":["1651935716b1cc0b7b-0"],"settings":{"heading":"Frequently Asked Questions","subheading":"","description":"","header_alignment":"center","container":"w-full","background_color":"","gap":30,"use_scroll_mobile":false,"gap_mobile":16,"custom_class":""}},"1651929136acb2fa69":{"type":"collapsible-tabs","blocks":{"16519291366d4bcadb-0":{"type":"item","settings":{"header":"• {{ product.metafields.my_fields.question1.value }}","content":"<p>» {{ product.metafields.my_fields.answer1 | metafield_tag }}<\/p>","content_page":"","open":true}},"16519291366d4bcadb-1":{"type":"item","settings":{"header":"• {{ product.metafields.my_fields.question2.value }}","content":"<p>» {{ product.metafields.my_fields.answer2 | metafield_tag }}<\/p>","content_page":"","open":false}},"98ffb8ef-7cdf-4787-bf8e-ef73a005dfc3":{"type":"item","settings":{"header":"• {{ product.metafields.my_fields.question3.value }}","content":"<p>» {{ product.metafields.my_fields.answer3 | metafield_tag }}<\/p>","content_page":"","open":false}},"961cea91-f9cb-4d3a-a1bc-0ace5e6ae223":{"type":"item","settings":{"header":"• {{ product.metafields.my_fields.question4.value }}","content":"<p>» {{ product.metafields.my_fields.answer4 | metafield_tag }}<\/p>","content_page":"","open":false}},"02916977-e9f2-4d67-8206-b72aa4149767":{"type":"item","settings":{"header":"• {{ product.metafields.my_fields.question5.value }}","content":"<p>» {{ product.metafields.my_fields.answer5 | metafield_tag }}<\/p>","content_page":"","open":false}},"62f2c1f7-1bd5-4835-a645-c7e10a147359":{"type":"item","settings":{"header":"• {{ product.metafields.my_fields.question6.value }}","content":"<p>» {{ product.metafields.my_fields.answer6 | metafield_tag }}<\/p>","content_page":"","open":false}},"07f5802c-4cfc-4b4c-88a8-1471cf84367f":{"type":"item","settings":{"header":"• {{ product.metafields.my_fields.question7.value }}","content":"<p>» {{ product.metafields.my_fields.answer7 | metafield_tag }} <\/p>","content_page":"","open":false}},"1527e8c4-8573-41ff-882f-8eecca1eb443":{"type":"item","settings":{"header":"• {{ product.metafields.my_fields.question8.value }}","content":"<p>» {{ product.metafields.my_fields.answer8 | metafield_tag }}<\/p>","content_page":"","open":false}},"7e4929fd-561d-4088-99c6-e76439bd6fcc":{"type":"item","settings":{"header":"• {{ product.metafields.my_fields.question9.value }}","content":"<p>» {{ product.metafields.my_fields.answer9 | metafield_tag }}<\/p>","content_page":"","open":false}},"1a8d4444-d96c-49c1-8c2e-34b537101fe7":{"type":"item","settings":{"header":"• {{ product.metafields.my_fields.question10.value }}","content":"<p>» {{ product.metafields.my_fields.answer10 | metafield_tag }} <\/p>","content_page":"","open":false}}},"block_order":["16519291366d4bcadb-0","16519291366d4bcadb-1","98ffb8ef-7cdf-4787-bf8e-ef73a005dfc3","961cea91-f9cb-4d3a-a1bc-0ace5e6ae223","02916977-e9f2-4d67-8206-b72aa4149767","62f2c1f7-1bd5-4835-a645-c7e10a147359","07f5802c-4cfc-4b4c-88a8-1471cf84367f","1527e8c4-8573-41ff-882f-8eecca1eb443","7e4929fd-561d-4088-99c6-e76439bd6fcc","1a8d4444-d96c-49c1-8c2e-34b537101fe7"],"settings":{"container":"container"}},"recent-viewed-products":{"type":"recent-viewed-products","settings":{"container":"container","heading":"Recently Viewed","limit":10,"columns":4,"column_gap":50,"enable_slider":true}},"1651139911816969ab":{"type":"slider","blocks":{"1651139911756caf77-0":{"type":"slider_item","settings":{"background":"shopify:\/\/shop_images\/Free-Delivery-Strip-1920px_1.jpg","mb_background":"shopify:\/\/shop_images\/mobileBanner_f935c9d5-01e0-4524-93ff-74a4ea61fc06.png","image_alignment":"center","content_in_container":false,"content_position":"center middle","text_alignment":"center","text_size":"medium","text_color":"black","subheading":"","title":"","description":"","image_link":"","banner_name":"","banner_category":"","banner_offer":"","button_text":"","button_link":"","button_style":"sf__btn-primary","button_size":"","show_footer":false,"footer_alignment":"end","footer_text":"New Collection","footer_button":"Shop Now","footer_link":""}}},"block_order":["1651139911756caf77-0"],"settings":{"container":"w-full","slideshow_height":"adapt","show_overlay":false,"dots_position":"bottom","dots_color":"dark","show_dots":true,"show_arrows":false,"autorotate":false,"autorotate_speed":5,"use_content_above":false,"custom_class":""}},"product-details-tabs":{"type":"product-details-tabs","disabled":true,"blocks":{"e3684d89-7992-4811-98a0-4e38529b4fbb":{"type":"reviews","disabled":true,"settings":{"header":"Customer Reviews","container":"container-fluid","custom_liquid":""}},"tab":{"type":"tab","disabled":true,"settings":{"header":"Shipping & Return","content":"","content_page":"shipping-returns"}},"description":{"type":"description","disabled":true,"settings":{"header":"Know more about {{ product.title }}"}}},"block_order":["e3684d89-7992-4811-98a0-4e38529b4fbb","tab","description"],"settings":{"container":"container","bg_color":"","default_open":false}}},"order":["main","164915271427f815ac","165233526202ef3ffb","16494867301842afff","1648124814f79336e0","product-recommendations","1650100479e3b0d30f","1651576694774d624e","1651935717456da1da","1651929136acb2fa69","recent-viewed-products","1651139911816969ab","product-details-tabs"]}