{"type":"footer","name":"Footer group","sections":{"newsletter":{"type":"newsletter","disabled":true,"settings":{"reveal_on_scroll":true,"subheading":"Join Our Beauty Community for Insider Tips","content":"<p>Unlock Beauty Secrets, Exclusive Offers, and More. <\/p>","text_position":"right","text_alignment":"left","text_background":"rgba(0,0,0,0)","text_color":"rgba(0,0,0,0)","button_background":"rgba(0,0,0,0)","button_text_color":"rgba(0,0,0,0)"}},"footer":{"type":"footer","blocks":{"text":{"type":"text","disabled":true,"settings":{"title":"About Pilgrim","content":""}},"links":{"type":"links","settings":{"menu":"footer"}},"newsletter":{"type":"newsletter","settings":{"title":"Join #PilgrimTribe","content":"<p>Unlock Beauty Secrets, Exclusive Offers, and More. <\/p>"}},"social_media":{"type":"social_media","settings":{"title":"You'll love us here","content":""}}},"block_order":["text","links","newsletter","social_media"],"settings":{"show_payment_icons":true,"enable_follow_on_shop":false,"show_country_selector":false,"show_locale_selector":true}},"text-with-icons":{"type":"text-with-icons","blocks":{"item-2":{"type":"item","disabled":true,"settings":{"icon":"picto-phone","custom_icon_width":50,"title":"Customer service","content":"<p>We are available to answer your questions - <strong>9:00 AM TO 8:00 PM (Monday to Friday)<\/strong><\/p>"}},"item-1":{"type":"item","disabled":true,"settings":{"icon":"picto-box","custom_icon_width":50,"title":"Free shipping","content":"<p>On orders above Rs.199<\/p>"}},"item-3":{"type":"item","disabled":true,"settings":{"icon":"picto-lock","custom_icon_width":50,"title":"Secure payment","content":"<p>Your payment information is processed securely.<\/p>"}},"item-4":{"type":"item","disabled":true,"settings":{"icon":"picto-worldwide","custom_icon_width":50,"title":"Heavenly Secrets Private Limited","content":"<p>405 & 406, Corporate Centre, Marol Pipeline Rd, Ajit Nagar, J B Nagar, Andheri East, Mumbai, Maharashtra 400059<br\/><br\/>Need to contact us ? Reach out at <a href=\"mailto:hello@discoverpilgrim.com\">hello@discoverpilgrim.com <br\/><\/a><strong>Call\/WhatsApp: <\/strong>: +91<a href=\"https:\/\/wa.me\/917400097974?text=Hi\">7400097974<\/a><\/p>"}}},"block_order":["item-2","item-1","item-3","item-4"],"settings":{"background":"rgba(0,0,0,0)","text_color":"rgba(0,0,0,0)"}}},"order":["newsletter","footer","text-with-icons"]}