{"sections":{"main":{"type":"404-template","disabled":true,"settings":{"bg_color":"#f5f1ed","t1_color":"#000","t2_color":"#000"}},"11754391-2bc3-451f-a0a8-e8b47757e849":{"type":"slider","blocks":{"template--16385759805669__11754391-2bc3-451f-a0a8-e8b47757e849-16665484212ff3e3c0-0":{"type":"slider_item","settings":{"background":"shopify:\/\/shop_images\/404D.png","mb_background":"shopify:\/\/shop_images\/404_617c1b7e-b554-4939-843a-dee96d9c9c09.png","image_alignment":"center","content_in_container":false,"content_position":"center middle","text_alignment":"center","text_size":"medium","text_color":"black","subheading":"","title":"","description":"","image_link":"\/","banner_name":"","banner_category":"","banner_offer":"","button_text":"","button_link":"","button_style":"sf__btn-primary","button_size":"","show_footer":false,"footer_alignment":"end","footer_text":"New Collection","footer_button":"Shop Now","footer_link":""}}},"block_order":["template--16385759805669__11754391-2bc3-451f-a0a8-e8b47757e849-16665484212ff3e3c0-0"],"settings":{"container":"w-full","slideshow_height":"adapt","show_overlay":false,"dots_position":"bottom","dots_color":"dark","show_dots":true,"show_arrows":false,"autorotate":false,"autorotate_speed":5,"use_content_above":false,"custom_class":""}}},"order":["main","11754391-2bc3-451f-a0a8-e8b47757e849"]}