{"sections":{"16485587154c3b17c5":{"type":"slider","blocks":{"d6744d17-1b35-4e79-bc1a-7b45772229a8":{"type":"slider_item","settings":{"background":"shopify:\/\/shop_images\/Buy-Any-3-Face-Care-Product-At-1099-Homepage-Banner-1920x520.jpg","mb_background":"shopify:\/\/shop_images\/Buy-Any-3-Face-Care-Product-At-1099-Homepage-Banner-800x1000.jpg","image_alignment":"center","content_in_container":false,"content_position":"center middle","text_alignment":"center","text_size":"medium","text_color":"black","subheading":"","title":"","description":"","image_link":"shopify:\/\/collections\/face-care","banner_name":"","banner_category":"","banner_offer":"","button_text":"","button_link":"","button_style":"sf__btn-primary","button_size":"","show_footer":false,"footer_alignment":"end","footer_text":"New Collection","footer_button":"Shop Now","footer_link":""}},"c1a7b43c-f208-4c1f-b346-63c6c902a911":{"type":"slider_item","disabled":true,"settings":{"background":"shopify:\/\/shop_images\/Fabulous-Friday-Buy-Any-3-At-1099-Homepage-Banner-1920x520.jpg","mb_background":"shopify:\/\/shop_images\/Fabulous-Friday-Buy-Any-3-At-1099-Homepage-Banner-800x1000.jpg","image_alignment":"center","content_in_container":false,"content_position":"center middle","text_alignment":"center","text_size":"medium","text_color":"black","subheading":"","title":"","description":"","image_link":"shopify:\/\/collections\/face-care","banner_name":"","banner_category":"","banner_offer":"","button_text":"","button_link":"","button_style":"sf__btn-primary","button_size":"","show_footer":false,"footer_alignment":"end","footer_text":"New Collection","footer_button":"Shop Now","footer_link":""}},"6a09e757-294b-4ea3-84b1-285ca56a0626":{"type":"slider_item","disabled":true,"settings":{"background":"shopify:\/\/shop_images\/Gold-Facial-Mask-Homepage-Banner-1920x520_7d2f1da6-c01f-422f-8d9c-de6b237774a3.jpg","mb_background":"shopify:\/\/shop_images\/Gold-Facial-Mask-Homepage-Banner-800x1000_37c896ee-5c61-435f-acc7-0894322f253b.jpg","image_alignment":"center","content_in_container":false,"content_position":"center middle","text_alignment":"center","text_size":"medium","text_color":"black","subheading":"","title":"","description":"","image_link":"shopify:\/\/products\/24k-gold-facial-mask","banner_name":"","banner_category":"","banner_offer":"","button_text":"","button_link":"","button_style":"sf__btn-primary","button_size":"","show_footer":false,"footer_alignment":"end","footer_text":"","footer_button":"","footer_link":""}},"6d01287b-cda0-4301-bfb4-2344db856598":{"type":"slider_item","disabled":true,"settings":{"background":"shopify:\/\/shop_images\/kalki_1920x520-1_2.png","mb_background":"shopify:\/\/shop_images\/kalki_banner_3_1.png","image_alignment":"center","content_in_container":false,"content_position":"center middle","text_alignment":"center","text_size":"medium","text_color":"black","subheading":"","title":"","description":"","image_link":"https:\/\/discoverpilgrim.com\/collections\/kalkis-picks","banner_name":"","banner_category":"","banner_offer":"","button_text":"","button_link":"","button_style":"sf__btn-primary","button_size":"","show_footer":false,"footer_alignment":"end","footer_text":"","footer_button":"","footer_link":""}},"1648558715502cf48f-0":{"type":"slider_item","disabled":true,"settings":{"background":"shopify:\/\/shop_images\/body_Serum_lotion_home_page_banner_2nd_v2_1920x520-Recovered.png","mb_background":"shopify:\/\/shop_images\/body_Serum_lotion_home_page_banner_2nd_800x100_3978c222-cd51-49e0-ad0c-dce693dfb360.png","image_alignment":"center","content_in_container":false,"content_position":"center middle","text_alignment":"center","text_size":"medium","text_color":"black","subheading":"","title":"","description":"","image_link":"https:\/\/discoverpilgrim.com\/collections\/body-serum-lotions","banner_name":"Banner Name 1","banner_category":"Banner Category 1","banner_offer":"Banner Offer 1","button_text":"","button_link":"","button_style":"sf__btn-primary","button_size":"","show_footer":false,"footer_alignment":"end","footer_text":"New Collection","footer_button":"Shop Now","footer_link":""}},"ddd9f1b6-1770-486c-ae62-2948dbad68d1":{"type":"slider_item","disabled":true,"settings":{"background":"shopify:\/\/shop_images\/Silky-Hair-Essentials-Homepage-Banner-1920x520.jpg","mb_background":"shopify:\/\/shop_images\/Silky-Hair-Essentials-Homepage-Banner-800x1000.jpg","image_alignment":"center","content_in_container":false,"content_position":"center middle","text_alignment":"center","text_size":"medium","text_color":"black","subheading":"","title":"","description":"","image_link":"shopify:\/\/collections\/hair-care","banner_name":"","banner_category":"","banner_offer":"","button_text":"","button_link":"","button_style":"sf__btn-primary","button_size":"","show_footer":false,"footer_alignment":"end","footer_text":"New Collection","footer_button":"Shop Now","footer_link":""}}},"block_order":["d6744d17-1b35-4e79-bc1a-7b45772229a8","c1a7b43c-f208-4c1f-b346-63c6c902a911","6a09e757-294b-4ea3-84b1-285ca56a0626","6d01287b-cda0-4301-bfb4-2344db856598","1648558715502cf48f-0","ddd9f1b6-1770-486c-ae62-2948dbad68d1"],"settings":{"container":"w-full","slideshow_height":"adapt","show_overlay":false,"dots_position":"bottom","dots_color":"dark","show_dots":true,"show_arrows":false,"autorotate":false,"autorotate_speed":5,"use_content_above":false,"custom_class":"homepage-banner homepage-banner-d"}},"01534e66-1c74-4ea1-98b0-94e051b17732":{"type":"slider","blocks":{"template--16648799092965__01534e66-1c74-4ea1-98b0-94e051b17732-1669308978098945b3-0":{"type":"slider_item","settings":{"background":"shopify:\/\/shop_images\/Vitamin-C-Range-New-Launch-Homepage-Banner-2-1920x550_6cd0d7ad-0e8f-4540-88e4-46b98e27ec9c.jpg","mb_background":"shopify:\/\/shop_images\/Vitamin-C-Range-New-Launch-Homepage-Banner-2-1920x550_6cd0d7ad-0e8f-4540-88e4-46b98e27ec9c.jpg","image_alignment":"center","content_in_container":false,"content_position":"center middle","text_alignment":"center","text_size":"medium","text_color":"black","subheading":"","title":"","description":"","image_link":"https:\/\/discoverpilgrim.com\/collections\/secrets-of-a-beauty-australia-vitamin-c","banner_name":"","banner_category":"","banner_offer":"","button_text":"","button_link":"","button_style":"sf__btn-primary","button_size":"","show_footer":false,"footer_alignment":"end","footer_text":"New Collection","footer_button":"","footer_link":""}}},"block_order":["template--16648799092965__01534e66-1c74-4ea1-98b0-94e051b17732-1669308978098945b3-0"],"settings":{"container":"w-full","slideshow_height":"adapt","show_overlay":false,"dots_position":"bottom","dots_color":"dark","show_dots":true,"show_arrows":false,"autorotate":false,"autorotate_speed":5,"use_content_above":false,"custom_class":""}},"1651754583fdd00906":{"type":"product-tabs","blocks":{"26619c48-9d8d-4471-aeb8-6e58ec6f5d13":{"type":"tab","disabled":true,"settings":{"title":"Kalki's Picks 😍","collection":"kalki-vino-1"}},"a1e5fae2-7ced-46d8-b0bb-208de794fe67":{"type":"tab","settings":{"title":"","collection":"bestsellers"}},"fd2811a8-3ac9-424d-80f9-c336a6c44418":{"type":"tab","settings":{"title":"Face Care Products","collection":"face-care"}},"16517545830994d5a0-0":{"type":"tab","settings":{"title":"Body Care Products","collection":"bath-body"}},"4b48c8fe-d420-4017-9ff1-4b5870e725e6":{"type":"tab","settings":{"title":"Hair Care Products","collection":"hair-care"}}},"block_order":["26619c48-9d8d-4471-aeb8-6e58ec6f5d13","a1e5fae2-7ced-46d8-b0bb-208de794fe67","fd2811a8-3ac9-424d-80f9-c336a6c44418","16517545830994d5a0-0","4b48c8fe-d420-4017-9ff1-4b5870e725e6"],"settings":{"heading":"Shop from our","subheading":"","description":"","header_alignment":"center","container":"container","background_color":"rgba(0,0,0,0)","tab_header":"select","limit":4,"show_button":true,"button_type":"load","button_label":"View all","button_style":"sf__btn-link","button_size":"","pcard_layout":"4","pcard_image_ratio":"","show_vendor":false,"items_per_row":4,"item_gap":30,"enable_slider":false,"show_navigation":true,"show_pagination":false,"use_scroll_mobile":true,"item_gap_mobile":16,"custom_class":""}},"c990d259-2ee3-4549-ada4-1cfe390ef049":{"type":"featured-collection","disabled":true,"settings":{"heading":"","subheading":"","description":"","header_alignment":"center","container":"container-fluid","background_color":"rgba(0,0,0,0)","collection":"50-off-sale","enable_flashsale":false,"show_countdown":false,"product_to_show":8,"items_per_row":4,"item_gap":30,"pcard_layout":"","pcard_image_ratio":"","show_vendor":false,"hide_title":false,"enable_slider":false,"show_pagination":false,"show_navigation":false,"button_type":"link","button_text":"","button_style":"sf__btn-primary","button_size":"","infinite_load":false,"max_page_load":3,"use_scroll_mobile":true,"item_gap_mobile":16,"custom_class":""}},"f0614fb1-f563-4af9-a6c9-cb4e1185a562":{"type":"slider","disabled":true,"blocks":{"template--16666251133157__f0614fb1-f563-4af9-a6c9-cb4e1185a562-16729077443e620a3e-0":{"type":"slider_item","settings":{"background":"shopify:\/\/shop_images\/35_-OFF-Category-Banner-1920x440_910b0930-b39d-46cd-a89f-4aba28af76ca.jpg","mb_background":"shopify:\/\/shop_images\/35_-OFF-Category-Banner-1920x440_910b0930-b39d-46cd-a89f-4aba28af76ca.jpg","image_alignment":"center","content_in_container":false,"content_position":"center middle","text_alignment":"center","text_size":"medium","text_color":"black","subheading":"","title":"","description":"","image_link":"shopify:\/\/collections\/35-off-sale","banner_name":"","banner_category":"","banner_offer":"","button_text":"","button_link":"","button_style":"sf__btn-primary","button_size":"","show_footer":false,"footer_alignment":"end","footer_text":"","footer_button":"Shop Now","footer_link":""}}},"block_order":["template--16666251133157__f0614fb1-f563-4af9-a6c9-cb4e1185a562-16729077443e620a3e-0"],"settings":{"container":"w-full","slideshow_height":"adapt","show_overlay":false,"dots_position":"bottom","dots_color":"dark","show_dots":true,"show_arrows":false,"autorotate":false,"autorotate_speed":5,"use_content_above":false,"custom_class":""}},"0279e150-5e3c-4d85-a437-811535878472":{"type":"featured-collection","disabled":true,"settings":{"heading":"","subheading":"","description":"","header_alignment":"center","container":"container-fluid","background_color":"rgba(0,0,0,0)","collection":"35-off-sale","enable_flashsale":false,"show_countdown":false,"product_to_show":8,"items_per_row":4,"item_gap":30,"pcard_layout":"","pcard_image_ratio":"","show_vendor":false,"hide_title":false,"enable_slider":false,"show_pagination":false,"show_navigation":false,"button_type":"link","button_text":"","button_style":"sf__btn-primary","button_size":"","infinite_load":false,"max_page_load":3,"use_scroll_mobile":true,"item_gap_mobile":16,"custom_class":""}},"80b9b762-5081-4d61-9a9d-fbebc5e93c4f":{"type":"slider","disabled":true,"blocks":{"template--16666251133157__80b9b762-5081-4d61-9a9d-fbebc5e93c4f-16729077443e620a3e-0":{"type":"slider_item","settings":{"background":"shopify:\/\/shop_images\/4-Grids-_How-do-I-get-rid-of-this_-1.jpg","mb_background":"shopify:\/\/shop_images\/4-Grids-_How-do-I-get-rid-of-this_-1.jpg","image_alignment":"center","content_in_container":false,"content_position":"center middle","text_alignment":"center","text_size":"medium","text_color":"black","subheading":"","title":"","description":"","image_link":"","banner_name":"","banner_category":"","banner_offer":"","button_text":"","button_link":"","button_style":"sf__btn-primary","button_size":"","show_footer":false,"footer_alignment":"end","footer_text":"","footer_button":"","footer_link":""}},"19edc823-ff01-4a5f-bf5d-a72cc7ae82f6":{"type":"slider_item","settings":{"background":"shopify:\/\/shop_images\/4-Grids-_How-do-I-get-rid-of-this_-2.jpg","mb_background":"shopify:\/\/shop_images\/4-Grids-_How-do-I-get-rid-of-this_-2.jpg","image_alignment":"center","content_in_container":false,"content_position":"center middle","text_alignment":"center","text_size":"medium","text_color":"black","subheading":"","title":"","description":"","image_link":"","banner_name":"","banner_category":"","banner_offer":"","button_text":"","button_link":"","button_style":"sf__btn-primary","button_size":"","show_footer":false,"footer_alignment":"end","footer_text":"New Collection","footer_button":"Shop Now","footer_link":""}},"53fa2330-216b-4139-8336-f2c005dcf8fd":{"type":"slider_item","settings":{"background":"shopify:\/\/shop_images\/4-Grids-_How-do-I-get-rid-of-this_-3.jpg","mb_background":"shopify:\/\/shop_images\/4-Grids-_How-do-I-get-rid-of-this_-3.jpg","image_alignment":"center","content_in_container":false,"content_position":"center middle","text_alignment":"center","text_size":"medium","text_color":"black","subheading":"","title":"","description":"","image_link":"","banner_name":"","banner_category":"","banner_offer":"","button_text":"","button_link":"","button_style":"sf__btn-primary","button_size":"","show_footer":false,"footer_alignment":"end","footer_text":"","footer_button":"","footer_link":""}},"cad12784-c175-487d-b5de-7d3ae5eb8670":{"type":"slider_item","settings":{"background":"shopify:\/\/shop_images\/4-Grids-_How-do-I-get-rid-of-this_-4.jpg","mb_background":"shopify:\/\/shop_images\/4-Grids-_How-do-I-get-rid-of-this_-4.jpg","image_alignment":"center","content_in_container":false,"content_position":"center middle","text_alignment":"center","text_size":"medium","text_color":"black","subheading":"","title":"","description":"","image_link":"","banner_name":"","banner_category":"","banner_offer":"","button_text":"","button_link":"","button_style":"sf__btn-primary","button_size":"","show_footer":false,"footer_alignment":"end","footer_text":"","footer_button":"","footer_link":""}}},"block_order":["template--16666251133157__80b9b762-5081-4d61-9a9d-fbebc5e93c4f-16729077443e620a3e-0","19edc823-ff01-4a5f-bf5d-a72cc7ae82f6","53fa2330-216b-4139-8336-f2c005dcf8fd","cad12784-c175-487d-b5de-7d3ae5eb8670"],"settings":{"container":"w-full","slideshow_height":"adapt","show_overlay":false,"dots_position":"bottom","dots_color":"dark","show_dots":true,"show_arrows":false,"autorotate":false,"autorotate_speed":5,"use_content_above":false,"custom_class":""}},"87e8a270-3069-4ce6-a003-862f4ea5c056":{"type":"featured-collection","disabled":true,"settings":{"heading":"","subheading":"","description":"","header_alignment":"center","container":"container-fluid","background_color":"rgba(0,0,0,0)","collection":"25-off-sale","enable_flashsale":false,"show_countdown":false,"product_to_show":8,"items_per_row":4,"item_gap":30,"pcard_layout":"","pcard_image_ratio":"","show_vendor":false,"hide_title":false,"enable_slider":false,"show_pagination":false,"show_navigation":false,"button_type":"link","button_text":"","button_style":"sf__btn-primary","button_size":"","infinite_load":false,"max_page_load":3,"use_scroll_mobile":true,"item_gap_mobile":16,"custom_class":""}},"16611883055f7db511":{"type":"slider","blocks":{"166118830484af0b43-0":{"type":"slider_item","disabled":true,"settings":{"background":"shopify:\/\/shop_images\/Bestsellers-Homepage-Banner-2-1920x400_1.jpg","mb_background":"shopify:\/\/shop_images\/Bestsellers-Homepage-Banner-2-1920x400_1.jpg","image_alignment":"center","content_in_container":false,"content_position":"center middle","text_alignment":"center","text_size":"medium","text_color":"black","subheading":"","title":"","description":"","image_link":"shopify:\/\/collections\/bestsellers","banner_name":"","banner_category":"","banner_offer":"","button_text":"","button_link":"","button_style":"sf__btn-primary","button_size":"","show_footer":false,"footer_alignment":"end","footer_text":"New Collection","footer_button":"Shop Now","footer_link":""}}},"block_order":["166118830484af0b43-0"],"settings":{"container":"w-full","slideshow_height":"adapt","show_overlay":false,"dots_position":"bottom","dots_color":"dark","show_dots":true,"show_arrows":false,"autorotate":false,"autorotate_speed":5,"use_content_above":false,"custom_class":"flash"}},"80e40d1b-881c-46b0-8279-85b4b289b6b6":{"type":"slider","blocks":{"template--16385760362725__80e40d1b-881c-46b0-8279-85b4b289b6b6-16650655536cc9aafe-0":{"type":"slider_item","settings":{"background":"shopify:\/\/shop_images\/Essentials-Homepage-Banner-2-1920x400_1.jpg","mb_background":"shopify:\/\/shop_images\/Essentials-Homepage-Banner-2-1920x400_1.jpg","image_alignment":"center","content_in_container":false,"content_position":"center middle","text_alignment":"center","text_size":"medium","text_color":"black","subheading":"","title":"","description":"","image_link":"shopify:\/\/collections\/products-under-499","banner_name":"","banner_category":"","banner_offer":"","button_text":"","button_link":"","button_style":"sf__btn-primary","button_size":"","show_footer":false,"footer_alignment":"end","footer_text":"","footer_button":"","footer_link":""}}},"block_order":["template--16385760362725__80e40d1b-881c-46b0-8279-85b4b289b6b6-16650655536cc9aafe-0"],"settings":{"container":"w-full","slideshow_height":"adapt","show_overlay":false,"dots_position":"bottom","dots_color":"dark","show_dots":true,"show_arrows":false,"autorotate":false,"autorotate_speed":5,"use_content_above":false,"custom_class":""}},"8b76256f-4664-402b-86ac-608fa5dd5fea":{"type":"featured-collection","settings":{"heading":"","subheading":"","description":"","header_alignment":"center","container":"container-fluid","background_color":"rgba(0,0,0,0)","collection":"products-under-499","enable_flashsale":false,"show_countdown":false,"product_to_show":12,"items_per_row":4,"item_gap":30,"pcard_layout":"","pcard_image_ratio":"","show_vendor":false,"hide_title":false,"enable_slider":false,"show_pagination":false,"show_navigation":false,"button_type":"link","button_text":"","button_style":"sf__btn-primary","button_size":"","infinite_load":false,"max_page_load":3,"use_scroll_mobile":true,"item_gap_mobile":16,"custom_class":""}},"1bdb4e5b-b90b-4964-a867-fe715bac7c9a":{"type":"slider","disabled":true,"blocks":{"template--16385760362725__1bdb4e5b-b90b-4964-a867-fe715bac7c9a-16650655536cc9aafe-0":{"type":"slider_item","settings":{"background":"shopify:\/\/shop_images\/Hot-Picks-Category-Banner-1920x400_1.jpg","mb_background":"shopify:\/\/shop_images\/Hot-Picks-Category-Banner-1920x400_1.jpg","image_alignment":"center","content_in_container":false,"content_position":"center middle","text_alignment":"center","text_size":"medium","text_color":"black","subheading":"","title":"","description":"","image_link":"shopify:\/\/collections\/products-under-699","banner_name":"","banner_category":"","banner_offer":"","button_text":"","button_link":"","button_style":"sf__btn-primary","button_size":"","show_footer":false,"footer_alignment":"end","footer_text":"New Collection","footer_button":"Shop Now","footer_link":""}}},"block_order":["template--16385760362725__1bdb4e5b-b90b-4964-a867-fe715bac7c9a-16650655536cc9aafe-0"],"settings":{"container":"w-full","slideshow_height":"adapt","show_overlay":false,"dots_position":"bottom","dots_color":"dark","show_dots":true,"show_arrows":false,"autorotate":false,"autorotate_speed":5,"use_content_above":false,"custom_class":""}},"f4061682-bdd6-4d7d-bc9d-960655b3493a":{"type":"slider","blocks":{"template--16385760362725__f4061682-bdd6-4d7d-bc9d-960655b3493a-16650655536cc9aafe-0":{"type":"slider_item","settings":{"background":"shopify:\/\/shop_images\/Rituals-Category-Banner-1920x400_1.jpg","mb_background":"shopify:\/\/shop_images\/Rituals-Category-Banner-1920x400_1.jpg","image_alignment":"center","content_in_container":false,"content_position":"center middle","text_alignment":"center","text_size":"medium","text_color":"black","subheading":"","title":"","description":"","image_link":"shopify:\/\/collections\/rituals-under-1249","banner_name":"","banner_category":"","banner_offer":"","button_text":"","button_link":"","button_style":"sf__btn-primary","button_size":"","show_footer":false,"footer_alignment":"end","footer_text":"New Collection","footer_button":"Shop Now","footer_link":""}}},"block_order":["template--16385760362725__f4061682-bdd6-4d7d-bc9d-960655b3493a-16650655536cc9aafe-0"],"settings":{"container":"w-full","slideshow_height":"adapt","show_overlay":false,"dots_position":"bottom","dots_color":"dark","show_dots":true,"show_arrows":false,"autorotate":false,"autorotate_speed":5,"use_content_above":false,"custom_class":""}},"adf7c15e-5b71-4d9a-bd2f-78abd8aa1f51":{"type":"featured-collection","settings":{"heading":"","subheading":"","description":"","header_alignment":"center","container":"container-fluid","background_color":"rgba(0,0,0,0)","collection":"rituals-under-1249","enable_flashsale":false,"show_countdown":false,"product_to_show":12,"items_per_row":4,"item_gap":30,"pcard_layout":"","pcard_image_ratio":"","show_vendor":false,"hide_title":false,"enable_slider":false,"show_pagination":false,"show_navigation":false,"button_type":"link","button_text":"","button_style":"sf__btn-primary","button_size":"","infinite_load":false,"max_page_load":3,"use_scroll_mobile":true,"item_gap_mobile":16,"custom_class":""}},"162251092958fcda7c":{"type":"product-tabs","blocks":{"162251092958fcda7c-0":{"type":"tab","settings":{"title":"low-stock bestsellers","collection":"bestsellers"}},"dbff35db-8457-4c76-9bab-918cc403fc3c":{"type":"tab","settings":{"title":"festive glow products","collection":"festive-glow-products"}},"ca2d4551-2c7d-4127-8e24-a66b44e4ece8":{"type":"tab","disabled":true,"settings":{"title":"trending now","collection":"trending-now"}},"162251092958fcda7c-1":{"type":"tab","settings":{"title":"new arrivals","collection":"new-launch"}},"f2968005-20be-41a0-9a6c-c63f977327f7":{"type":"tab","settings":{"title":"silky hair must-haves","collection":"silky-hair-essentials"}},"c92bf79b-7321-43c3-8fca-3d3d98f2700c":{"type":"tab","settings":{"title":"perfect pout essentials","collection":"lip-care"}}},"block_order":["162251092958fcda7c-0","dbff35db-8457-4c76-9bab-918cc403fc3c","ca2d4551-2c7d-4127-8e24-a66b44e4ece8","162251092958fcda7c-1","f2968005-20be-41a0-9a6c-c63f977327f7","c92bf79b-7321-43c3-8fca-3d3d98f2700c"],"settings":{"heading":"You're in","subheading":"","description":"","header_alignment":"center","container":"container","background_color":"rgba(0,0,0,0)","tab_header":"select","limit":5,"show_button":true,"button_type":"load","button_label":"Load More","button_style":"sf__btn-link","button_size":"","pcard_layout":"4","pcard_image_ratio":"3\/4","show_vendor":false,"items_per_row":5,"item_gap":30,"enable_slider":true,"show_navigation":false,"show_pagination":false,"use_scroll_mobile":true,"item_gap_mobile":16,"custom_class":""}},"1661836213761256f4":{"type":"custom-content","blocks":{"16618362121a8637e2-0":{"type":"text","settings":{"title":"The Pilgrim Code","subheading":"","text":"<p>Pilgrim is \"Clean Compatible\". Not just free of harmful and toxic chemicals but uses only those ingredients that either enhance the health of our hair & skin or support the effectiveness of formulations. <\/p>","width":"50%","alignment":"center","align_text":"center","text_size":"medium","text_color":"black","button_label":"","button_link":"","button_style":"sf__btn-primary","button_size":"","block_custom_class":""}},"16618362121a8637e2-1":{"type":"image","settings":{"image":"shopify:\/\/shop_images\/Pilgrim-Code-1080px_720x_606bce7b-f8e8-4927-b9a4-c43b7a3ad1db.png","link":"","width":"50%","alignment":"center","block_custom_class":""}}},"block_order":["16618362121a8637e2-0","16618362121a8637e2-1"],"settings":{"heading":"","subheading":"","description":"","header_alignment":"center","container":"container-fluid","background_color":"#fff7e5","gap":30,"use_scroll_mobile":false,"gap_mobile":16,"custom_class":""}},"54de5c7b-a2aa-42ed-aab1-ee54ed8448be":{"type":"slider","blocks":{"template--16690719588581__54de5c7b-a2aa-42ed-aab1-ee54ed8448be-1674195278cda97f44-0":{"type":"slider_item","settings":{"background":"shopify:\/\/shop_images\/Vitamin-C-Range-New-Launch-Homepage-Banner-2-1920x550.jpg","mb_background":"shopify:\/\/shop_images\/Vitamin-C-Range-New-Launch-Homepage-Banner-800x1000.jpg","image_alignment":"center","content_in_container":false,"content_position":"center middle","text_alignment":"center","text_size":"medium","text_color":"black","subheading":"","title":"","description":"","image_link":"https:\/\/discoverpilgrim.com\/collections\/secrets-of-a-beauty-australia-vitamin-c","banner_name":"","banner_category":"","banner_offer":"","button_text":"","button_link":"","button_style":"sf__btn-primary","button_size":"","show_footer":false,"footer_alignment":"end","footer_text":"New Collection","footer_button":"Shop Now","footer_link":""}}},"block_order":["template--16690719588581__54de5c7b-a2aa-42ed-aab1-ee54ed8448be-1674195278cda97f44-0"],"settings":{"container":"w-full","slideshow_height":"adapt","show_overlay":false,"dots_position":"bottom","dots_color":"dark","show_dots":true,"show_arrows":false,"autorotate":false,"autorotate_speed":5,"use_content_above":false,"custom_class":""}},"166129414884851c44":{"type":"featured-product-slider","blocks":{"1661294148d47dd484-2":{"type":"product","settings":{"heading":"","description":"","product":"red-vine-face-cream-spf-30-with-vitamin-c-rosehip-oil-pa"}},"2aa8e849-6796-4f80-9d4f-619f0fe3d299":{"type":"product","settings":{"heading":"","description":"","product":"squalane-bubblegum-lip-serum"}},"7563f1e0-15c2-47eb-a1f6-f6f0511c5fa9":{"type":"product","settings":{"heading":"","description":"","product":"red-vine-face-serum-for-anti-ageing"}},"1661294148d47dd484-1":{"type":"product","settings":{"heading":"","description":"","product":"alpha-arbutin-vitamin-c-brightening-serum"}},"1661294148d47dd484-0":{"type":"product","settings":{"heading":"","description":"","product":"24k-gold-serum"}},"836c45e8-e21f-40fd-802d-baa447076a4e":{"type":"product","settings":{"heading":"","description":"","product":"red-vine-night-gel-creme-with-retinol-mulberry-vit-c"}},"a9549743-da24-4dad-8fd4-eff3a364385d":{"type":"product","settings":{"heading":"","description":"","product":"squalane-glow-creme-serum"}},"446289bd-11e8-4669-bcc7-71eb994cb53b":{"type":"product","settings":{"heading":"","description":"","product":"squalane-glow-moisturizer"}},"047a87ff-5c69-452e-8d4e-9223ce9b8e84":{"type":"product","settings":{"heading":"","description":"","product":"25-aha-2-bha-5-pha-peeling-solution"}},"cdbbb893-bca9-488d-9f5e-d912b29a7e43":{"type":"product","settings":{"heading":"","description":"","product":"3-redensyl-4-anagain-hair-growth-serum-for-women"}}},"block_order":["1661294148d47dd484-2","2aa8e849-6796-4f80-9d4f-619f0fe3d299","7563f1e0-15c2-47eb-a1f6-f6f0511c5fa9","1661294148d47dd484-1","1661294148d47dd484-0","836c45e8-e21f-40fd-802d-baa447076a4e","a9549743-da24-4dad-8fd4-eff3a364385d","446289bd-11e8-4669-bcc7-71eb994cb53b","047a87ff-5c69-452e-8d4e-9223ce9b8e84","cdbbb893-bca9-488d-9f5e-d912b29a7e43"],"settings":{"heading":"Top Products","subheading":"","description":"","header_alignment":"center","container":"container-fluid","background_color":"#ffffff","image_placement":"right","slide_autoplay":false,"show_navigation":true,"show_pagination":true,"autorotate_speed":5,"pcard_layout":"","pcard_alignment":"center","pcard_image_ratio":"3\/4","show_vendor":false,"custom_class":""}},"16517562945ba9e681":{"type":"slider","blocks":{"16517562941c2712d5-2":{"type":"slider_item","settings":{"background":"shopify:\/\/shop_images\/Free-Delivery-Strip-1920px_1.jpg","mb_background":"shopify:\/\/shop_images\/mobileBanner_f935c9d5-01e0-4524-93ff-74a4ea61fc06.png","image_alignment":"center","content_in_container":true,"content_position":"center middle","text_alignment":"center","text_size":"medium","text_color":"black","subheading":"","title":"","description":"","image_link":"","banner_name":"","banner_category":"","banner_offer":"","button_text":"","button_link":"","button_style":"sf__btn-primary","button_size":"","show_footer":false,"footer_alignment":"end","footer_text":"New Collection","footer_button":"Shop Now","footer_link":""}}},"block_order":["16517562941c2712d5-2"],"settings":{"container":"w-full","slideshow_height":"adapt","show_overlay":false,"dots_position":"bottom","dots_color":"dark","show_dots":true,"show_arrows":false,"autorotate":false,"autorotate_speed":5,"use_content_above":false,"custom_class":""}},"eb1f1af4-ebd1-43b7-87db-a96f0ec8e888":{"type":"brands-list","disabled":true,"blocks":{"template--16690719588581__eb1f1af4-ebd1-43b7-87db-a96f0ec8e888-16741924772d381aef-0":{"type":"image","settings":{"image":"shopify:\/\/shop_images\/Vitamin-C-500x500.png","image_by_url":"","image_link":"shopify:\/\/collections\/glow-with-vitamin-c","max_width":"150px"}},"template--16690719588581__eb1f1af4-ebd1-43b7-87db-a96f0ec8e888-16741924772d381aef-1":{"type":"image","settings":{"image":"shopify:\/\/shop_images\/Top-Selling-500x500.png","image_by_url":"","image_link":"shopify:\/\/collections\/bestsellers","max_width":"150px"}},"template--16690719588581__eb1f1af4-ebd1-43b7-87db-a96f0ec8e888-16741924772d381aef-2":{"type":"image","settings":{"image":"shopify:\/\/shop_images\/Retinol-500x500_7287b48b-7bea-4adc-8c27-0c5296fdd67b.png","image_by_url":"","image_link":"shopify:\/\/collections\/renew-with-retinol","max_width":"150px"}},"template--16690719588581__eb1f1af4-ebd1-43b7-87db-a96f0ec8e888-16741924772d381aef-3":{"type":"image","settings":{"image":"shopify:\/\/shop_images\/K-Beauty-500x500_f83a7a79-0ca4-4e83-ae01-517dbee0d84f.png","image_by_url":"","image_link":"https:\/\/discoverpilgrim.com\/collections\/secrets-of-jeju-island","max_width":"150px"}},"0312d4be-2d65-416c-8fd5-59bcf85b6323":{"type":"image","settings":{"image":"shopify:\/\/shop_images\/Brightening-500x500.png","image_by_url":"","image_link":"shopify:\/\/collections\/brightening-illuminating","max_width":"150px"}},"f9a484bc-674d-4ca9-b8ec-c4b33ce3682e":{"type":"image","settings":{"image":"shopify:\/\/shop_images\/Face-Care-500x500_20be7a36-17b0-417b-930d-57f322b1471e.png","image_by_url":"","image_link":"shopify:\/\/collections\/face-care","max_width":"150px"}},"7c9e234f-2ca9-4aaa-ba24-0d82d0d0e47c":{"type":"image","settings":{"image":"shopify:\/\/shop_images\/Anti-Ageing-500x500_c8ec28e5-15e7-4d6a-b325-36bb108116c6.png","image_by_url":"","image_link":"shopify:\/\/collections\/anti-ageing","max_width":"150px"}},"6d44ca6b-c7ea-4dab-9d91-ac8870ca84ad":{"type":"image","settings":{"image":"shopify:\/\/shop_images\/Niacinamide-500x500_350be723-64aa-4f1d-a83b-8eb6d62ed690.png","image_by_url":"","image_link":"shopify:\/\/collections\/clarifying-niacinamide","max_width":"150px"}},"7b9c1eda-0959-4488-b041-1f409a5e3753":{"type":"image","settings":{"image":"shopify:\/\/shop_images\/Lip-Care-500x500_0b04b795-7c57-4d81-a584-7fad0b242820.png","image_by_url":"","image_link":"shopify:\/\/collections\/lip-care","max_width":"150px"}},"fac90521-9fb2-4a46-bd30-a07077f3fc0f":{"type":"image","settings":{"image":"shopify:\/\/shop_images\/Squalane-500x500_2e63b61e-22d0-4c74-af18-b4f6de5fe88a.png","image_by_url":"","image_link":"shopify:\/\/collections\/secrets-of-seville","max_width":"150px"}},"0b0d0750-8301-4b75-bb84-d037a3765f38":{"type":"image","settings":{"image":"shopify:\/\/shop_images\/Hair-Care-500x500_08111a93-5561-479c-a505-ebdb1b748080.png","image_by_url":"","image_link":"shopify:\/\/collections\/hair-care","max_width":"150px"}},"4be49d96-6a22-46b9-9c20-8a125e06c24b":{"type":"image","settings":{"image":"shopify:\/\/shop_images\/Red-Vine-500x500_95abb1d2-1e86-404e-9a98-0a8efe6b63c0.png","image_by_url":"","image_link":"shopify:\/\/collections\/secrets-of-vinotherapie","max_width":"150px"}}},"block_order":["template--16690719588581__eb1f1af4-ebd1-43b7-87db-a96f0ec8e888-16741924772d381aef-0","template--16690719588581__eb1f1af4-ebd1-43b7-87db-a96f0ec8e888-16741924772d381aef-1","template--16690719588581__eb1f1af4-ebd1-43b7-87db-a96f0ec8e888-16741924772d381aef-2","template--16690719588581__eb1f1af4-ebd1-43b7-87db-a96f0ec8e888-16741924772d381aef-3","0312d4be-2d65-416c-8fd5-59bcf85b6323","f9a484bc-674d-4ca9-b8ec-c4b33ce3682e","7c9e234f-2ca9-4aaa-ba24-0d82d0d0e47c","6d44ca6b-c7ea-4dab-9d91-ac8870ca84ad","7b9c1eda-0959-4488-b041-1f409a5e3753","fac90521-9fb2-4a46-bd30-a07077f3fc0f","0b0d0750-8301-4b75-bb84-d037a3765f38","4be49d96-6a22-46b9-9c20-8a125e06c24b"],"settings":{"heading":"","subheading":"","header_alignment":"center","container":"container-fluid","background_color":"rgba(0,0,0,0)","item_per_row":4,"enable_slider":true,"autorotate":true,"autorotate_speed":3,"custom_class":""}},"273fa577-f0a1-438b-95dd-62a47e52c610":{"type":"brands-list","disabled":true,"blocks":{"template--16690719588581__273fa577-f0a1-438b-95dd-62a47e52c610-1674561244dcf1d528-0":{"type":"image","settings":{"image":"shopify:\/\/shop_images\/WhatsApp_Image_2023-01-11_at_6.02.38_PM.jpg","image_by_url":"","image_link":"shopify:\/\/collections\/kalkis-picks","max_width":"150px"}},"template--16690719588581__273fa577-f0a1-438b-95dd-62a47e52c610-1674561244dcf1d528-1":{"type":"image","settings":{"image":"shopify:\/\/shop_images\/WhatsApp_Image_2023-01-11_at_6.02.37_PM.jpg","image_by_url":"","image_link":"shopify:\/\/collections\/beauty-rituals-from-seville-spain","max_width":"150px"}},"template--16690719588581__273fa577-f0a1-438b-95dd-62a47e52c610-1674561244dcf1d528-2":{"type":"image","settings":{"image":"shopify:\/\/shop_images\/WhatsApp_Image_2023-01-11_at_5.58.21_PM_1.jpg","image_by_url":"","image_link":"shopify:\/\/collections\/influencer-top-picks","max_width":"150px"}},"template--16690719588581__273fa577-f0a1-438b-95dd-62a47e52c610-1674561244dcf1d528-3":{"type":"image","settings":{"image":"shopify:\/\/shop_images\/WhatsApp_Image_2023-01-11_at_6.02.38_PM_1.jpg","image_by_url":"","image_link":"shopify:\/\/collections\/wedding-picks","max_width":"150px"}}},"block_order":["template--16690719588581__273fa577-f0a1-438b-95dd-62a47e52c610-1674561244dcf1d528-0","template--16690719588581__273fa577-f0a1-438b-95dd-62a47e52c610-1674561244dcf1d528-1","template--16690719588581__273fa577-f0a1-438b-95dd-62a47e52c610-1674561244dcf1d528-2","template--16690719588581__273fa577-f0a1-438b-95dd-62a47e52c610-1674561244dcf1d528-3"],"settings":{"heading":"","subheading":"","header_alignment":"center","container":"w-full","background_color":"rgba(0,0,0,0)","item_per_row":4,"enable_slider":false,"autorotate":false,"autorotate_speed":3,"custom_class":""}},"7e3b216b-fd3e-43a6-aed4-288dc2db8295":{"type":"brands-list","disabled":true,"blocks":{"template--16690719588581__7e3b216b-fd3e-43a6-aed4-288dc2db8295-1674561244dcf1d528-0":{"type":"image","settings":{"image":"shopify:\/\/shop_images\/facecleansersshopingcategorybanner600x900-1670942271490.webp","image_by_url":"","image_link":"","max_width":"150px"}},"template--16690719588581__7e3b216b-fd3e-43a6-aed4-288dc2db8295-1674561244dcf1d528-1":{"type":"image","settings":{"image":"shopify:\/\/shop_images\/nightcareshopingcategorybanner600x900_1-1670942271521.webp","image_by_url":"","image_link":"","max_width":"150px"}},"template--16690719588581__7e3b216b-fd3e-43a6-aed4-288dc2db8295-1674561244dcf1d528-2":{"type":"image","settings":{"image":"shopify:\/\/shop_images\/dermatapprovedskincareshopingcategorybanner600x900-1670942271484.webp","image_by_url":"","image_link":"","max_width":"150px"}},"template--16690719588581__7e3b216b-fd3e-43a6-aed4-288dc2db8295-1674561244dcf1d528-3":{"type":"image","settings":{"image":"shopify:\/\/shop_images\/lipessentialsshopingcategorybanner600x900_1-1670942271499.webp","image_by_url":"","image_link":"","max_width":"150px"}},"3ff44680-8b0d-479b-9969-b12be14f99d3":{"type":"image","settings":{"image":"shopify:\/\/shop_images\/budgetfriendlyskincareshopingcategorybanner600x900_1-1670942271468.webp","image_by_url":"","image_link":"","max_width":"150px"}},"8919b7d2-9c3f-4ddf-8d78-97fe68d730c9":{"type":"image","settings":{"image":"shopify:\/\/shop_images\/mosttalkedaboutfaceserumsshopingcategorybanner600x900_1-1670942271516.webp","image_by_url":"","image_link":"","max_width":"150px"}},"b93cdc2e-36d8-416d-866c-e46f1a58fa43":{"type":"image","settings":{"image":"shopify:\/\/shop_images\/bestsellingcombosshopingcategorybanner600x900-1670942271463.webp","image_by_url":"","image_link":"","max_width":"150px"}},"54cdccc0-4e8b-4f85-a349-20c19d96a662":{"type":"image","settings":{"image":"shopify:\/\/shop_images\/dailyessentialsshopingcategorybanner600x900-1670942271474.webp","image_by_url":"","image_link":"","max_width":"150px"}},"7fd49096-efad-4bf6-8c1f-68688aefbd42":{"type":"image","settings":{"image":"shopify:\/\/shop_images\/shampoos_conditionersshopingcategorybanner600x900-1670942271530.webp","image_by_url":"","image_link":"","max_width":"150px"}},"aebbc811-9169-4e83-8434-b8b7cb9ee81e":{"type":"image","settings":{"image":"shopify:\/\/shop_images\/sunprotectionshopingcategorybanner600x900-1670942271536.webp","image_by_url":"","image_link":"","max_width":"150px"}},"08abf13f-f80a-4247-9bc7-ca6f87d9a997":{"type":"image","settings":{"image":"shopify:\/\/shop_images\/trendinghaircombosshopingcategorybanner600x900-1670942271543.webp","image_by_url":"","image_link":"","max_width":"150px"}},"9c3104ac-eb84-4060-bd3b-d1f5c22158ef":{"type":"image","settings":{"image":"shopify:\/\/shop_images\/moisturizersshopingcategorybanner600x900-1670942271509_290b8d14-d5a6-4048-8cd0-f202d6d212b2.webp","image_by_url":"","image_link":"","max_width":"150px"}}},"block_order":["template--16690719588581__7e3b216b-fd3e-43a6-aed4-288dc2db8295-1674561244dcf1d528-0","template--16690719588581__7e3b216b-fd3e-43a6-aed4-288dc2db8295-1674561244dcf1d528-1","template--16690719588581__7e3b216b-fd3e-43a6-aed4-288dc2db8295-1674561244dcf1d528-2","template--16690719588581__7e3b216b-fd3e-43a6-aed4-288dc2db8295-1674561244dcf1d528-3","3ff44680-8b0d-479b-9969-b12be14f99d3","8919b7d2-9c3f-4ddf-8d78-97fe68d730c9","b93cdc2e-36d8-416d-866c-e46f1a58fa43","54cdccc0-4e8b-4f85-a349-20c19d96a662","7fd49096-efad-4bf6-8c1f-68688aefbd42","aebbc811-9169-4e83-8434-b8b7cb9ee81e","08abf13f-f80a-4247-9bc7-ca6f87d9a997","9c3104ac-eb84-4060-bd3b-d1f5c22158ef"],"settings":{"heading":"Beauty Essentials","subheading":"","header_alignment":"center","container":"w-full","background_color":"rgba(0,0,0,0)","item_per_row":4,"enable_slider":true,"autorotate":true,"autorotate_speed":5,"custom_class":""}}},"order":["16485587154c3b17c5","01534e66-1c74-4ea1-98b0-94e051b17732","1651754583fdd00906","c990d259-2ee3-4549-ada4-1cfe390ef049","f0614fb1-f563-4af9-a6c9-cb4e1185a562","0279e150-5e3c-4d85-a437-811535878472","80b9b762-5081-4d61-9a9d-fbebc5e93c4f","87e8a270-3069-4ce6-a003-862f4ea5c056","16611883055f7db511","80e40d1b-881c-46b0-8279-85b4b289b6b6","8b76256f-4664-402b-86ac-608fa5dd5fea","1bdb4e5b-b90b-4964-a867-fe715bac7c9a","f4061682-bdd6-4d7d-bc9d-960655b3493a","adf7c15e-5b71-4d9a-bd2f-78abd8aa1f51","162251092958fcda7c","1661836213761256f4","54de5c7b-a2aa-42ed-aab1-ee54ed8448be","166129414884851c44","16517562945ba9e681","eb1f1af4-ebd1-43b7-87db-a96f0ec8e888","273fa577-f0a1-438b-95dd-62a47e52c610","7e3b216b-fd3e-43a6-aed4-288dc2db8295"]}