{"sections":{"main":{"type":"collection-list-template","blocks":{"c3c7dd10-c393-458e-a903-3de238b2e424":{"type":"collection_item","settings":{"collection":"face-care"}},"06786fde-900d-4048-b2a7-2f1af4b4963e":{"type":"collection_item","settings":{"collection":"bath-body"}},"b43bcd47-6305-4507-86b2-397dcbb3cdfc":{"type":"collection_item","settings":{"collection":"hair-care"}},"17b453d1-b173-4aed-8571-7dc75d2ec6ca":{"type":"collection_item","settings":{"collection":"gift-sets"}},"3aedbb94-935a-4d80-865f-7c7fbbbddb39":{"type":"collection_item","disabled":true,"settings":{"collection":""}}},"block_order":["c3c7dd10-c393-458e-a903-3de238b2e424","06786fde-900d-4048-b2a7-2f1af4b4963e","b43bcd47-6305-4507-86b2-397dcbb3cdfc","17b453d1-b173-4aed-8571-7dc75d2ec6ca","3aedbb94-935a-4d80-865f-7c7fbbbddb39"],"settings":{"container":"container-fluid","display_type":"selected","title":"All collections","description":"<p>Shop through different collections!<\/p>"}}},"order":["main"]}