{"sections":{"main":{"type":"page-faqs","blocks":{"c38a0941-42c9-40cf-874e-5cdb0a9423d1":{"type":"content","settings":{"content":"<h2 id=\"faqs\" style=\"font-size:vw;\">Affiliate Program FAQs<\/h2>"}},"22fba691-3251-4b32-89d4-e6c5b0715be5":{"type":"accordion","settings":{"title":"I’m interested! How do I apply?","content":"<p>- Super simple! If you want to be a part of our program, <a href=\"https:\/\/affiliate.discoverpilgrim.com\/create-account\" title=\"https:\/\/affiliate.discoverpilgrim.com\/create-account\"><span style=\"text-decoration:underline\">click here to apply<\/span><\/a>. Fill out the form and click “<strong>Submit<\/strong>”. If your profile meets our eligibility criteria, you will receive a confirmation email from us that your account has been approved!<\/p>","open":true}},"ddc179f1-141c-4d3a-ac50-467f906dd690":{"type":"accordion","settings":{"title":"What are the eligibility criteria to join the Pilgrim Affiliate program?","content":"<p>- The Pilgrim Affiliate program is open to all registered users on the <a href=\"http:\/\/www.discoverpilgrim.com\"><span style=\"text-decoration:underline\">www.discoverpilgrim.com<\/span><\/a> website. Also, make sure you <a href=\"https:\/\/www.instagram.com\/discover.pilgrim\/\"><span style=\"text-decoration:underline\">follow us on Instagram<\/span><\/a>!<\/p>","open":false}},"a2d8b198-e3d7-46cb-81ff-bb57bd693593":{"type":"accordion","settings":{"title":"Do I have to pay to join this program?","content":"<p>- No, it is absolutely free and there are no hidden charges.<\/p>","open":false}},"b6728891-0b96-47aa-84f3-2dca0b8d90a8":{"type":"accordion","settings":{"title":"How long does it take to have my profile approved?","content":"<p>- Usually within a week to 10 days! Once your profile is approved, you'll receive a confirmation email notification from us. Plus, you will receive a welcome email with detailed instructions and guidebooks on how to be a Pilgrim Ambassador so that the process is smooth for you.<\/p>","open":false}},"e117bae4-82a2-4842-9be5-d8f5ae33ca7b":{"type":"accordion","settings":{"title":"Why didn't my profile get approved?","content":"<p>- There could be a variety of reasons why you may not have been approved. It is usually because we were unable to verify your information, or you may already have an account.<\/p>","open":false}},"7d110688-3297-4f5d-8040-22f430c27063":{"type":"accordion","settings":{"title":"Can I apply again if I was rejected once?","content":"<p>- We are sorry :( We accept only one application per email address. And rejected email addresses are not eligible to apply again.<\/p>","open":false}},"d6063299-e885-41f1-871b-48298f8c61dc":{"type":"accordion","settings":{"title":"Hey, my account’s approved! What’s next?","content":"<p>- Congratulations on becoming a Pilgrim Ambassador! After your confirmation email, you will receive a welcome email with detailed instructions and guidebooks on how to be a Pilgrim Ambassador so that the process is smooth for you.<\/p>","open":false}},"0ffdf00a-c4ae-4b7e-8cba-80476094790c":{"type":"accordion","settings":{"title":"Will I get technical support as a Pilgrim Ambassador?","content":"<p>- Once you are on board, you will be able to access the Pilgrim Affiliate dashboard. This is an easy platform to help you:<\/p><p>• Manage your account<\/p><p>• Monitor your performance reports<\/p><p>• Create a product page link you want to showcase<\/p><p>• Share these links across your social media channels<\/p><p>• Promote your Pilgrim affiliate code\/links on Facebook\/Instagram posts, stories, reels, WhatsApp, YouTube descriptions, and Telegram<\/p>","open":false}},"b043c9cb-014d-4f52-8d6e-4282ad7408fa":{"type":"accordion","settings":{"title":"Will I get any Pilgrim products to start with?","content":"<p>- Yes of course! You will receive a Pilgrim Ambassador beauty starter kit with our products to showcase in your promotional videos & for your personal use.<\/p>","open":false}},"054b49c5-8483-419c-b8fa-4d933ad3f828":{"type":"accordion","settings":{"title":"What kind of discount can I offer to my audience on Pilgrim products?","content":"<p>- As a Pilgrim Ambassador, you can offer your audience a 15% OFF discount using your affiliate code while making a purchase on <a href=\"http:\/\/www.discoverpilgrim.com\"><span style=\"text-decoration:underline\">www.discoverpilgrim.com<\/span><\/a> website.<\/p>","open":false}},"23e154bb-eb4e-462a-a6c5-7460c6964ac8":{"type":"accordion","settings":{"title":"Where can I see order details that are placed using my affiliate code\/link?","content":"<p>- You can see it on your Pilgrim Affiliate dashboard! Simply go to the analytics tab to track all the metrics related to all activities carried out using your affiliate code\/links.<\/p>","open":false}},"73e40abd-bbe2-496a-9a95-c79f03be8170":{"type":"accordion","settings":{"title":"How is my commission calculated?","content":"<p>- Your commission is calculated on the final order amount placed (without shipping & tax) using your affiliate code\/link. Please note that the final commission payout will be after deducting TDS.<\/p>","open":false}},"c310f8eb-ba45-4a32-8425-d800a3751b0b":{"type":"accordion","settings":{"title":"Will I still get my commission if a customer returns or cancels the order?","content":"<p>- The commission would be calculated on every successful or completed order placed by your audience only. If a customer's order is unsuccessful\/returned\/rejected\/cancelled, the commission earned for it would be cancelled.<\/p>","open":false}},"03a8174d-1575-4ff2-ae06-090c1cd0278f":{"type":"accordion","settings":{"title":"I need to raise an invoice. What is your payment cycle?","content":"<p>- Here’s the process for our payment cycle: <\/p><p>• You need a minimum commission amount of ₹3000 to raise the invoice.<\/p><p>• The invoice needs to be raised before the 2nd of every month for the commissions recorded in the previous month.<\/p><p>• Once you raise the invoice, we will process the payment in 30 days.<\/p>","open":false}},"f5eac9c7-85bd-4648-890a-07189ea3dc02":{"type":"accordion","settings":{"title":"What documents would be required to process the payment?","content":"<p>- We will require your bank details, PAN card, a cancelled cheque\/passbook, and GST certificate if any.<\/p>","open":false}},"41f86238-5931-4f4e-851c-0c6e000e54cf":{"type":"accordion","settings":{"title":"The amount on my dashboard is not the same as my payout amount! What to do?","content":"<p>If there is an amount difference, it could be for the following reasons:<\/p><p>• The dashboard updates every 24-48 hours. Please wait for the stipulated time period before checking an order update. <\/p><p>• If there is still a discrepancy, it could be because cancelled or returned orders are not reflecting on the dashboard.<\/p><p>• Also, orders that have not yet been paid will show as pending until the payment is done<\/p>","open":false}},"b56fee8f-b53b-483a-8540-c2ee47cc1bcc":{"type":"accordion","settings":{"title":"Are the reports updated in real-time on the dashboard?","content":"<p>- It takes around 24 hours for the analytics to get updated.<\/p>","open":false}},"395f8efe-beb1-4acd-970b-49c31f2747c2":{"type":"accordion","settings":{"title":"Whom do I contact if I need more information about the partnership?","content":"<p>- If you need assistance or additional information, please contact us at <a href=\"mailto:affiliates@discoverpilgrim.com\"><span style=\"text-decoration:underline\">affiliates@discoverpilgrim.com<\/span><\/a>.<\/p>","open":false}},"e5b2d336-c425-40da-9dea-3c8e30bd3372":{"type":"content","settings":{"content":"<h2 id=\"tnc\" style='\"font-size:vw;\"\"'>Terms &amp; Conditions<\/h2>"}},"6ade924b-6642-4824-8b04-4182d9dd7f96":{"type":"accordion","settings":{"title":"PILGRIM AFFILIATE PROGRAM","content":"<p>• The Pilgrim Ambassador program is Pilgrim's affiliate program which is open to registered users on <a href=\"\/collections\/frontpage\" title=\"Home page\">discoverpilgrim.com<\/a> platform.<\/p>","open":false}},"81509b6d-10cb-4c8c-b765-77c562a8dd96":{"type":"accordion","settings":{"title":"PILGRIM AMBASSADOR","content":"<p>• The Pilgrim Ambassador is associated with the Company only for the particular event\/period as stipulated in this Agreement. He\/She is not an employee of Pilgrim.<\/p><p>• The Pilgrim Ambassador will be given a commission on the actual net invoice value. The returns will be accounted for as per the Company’s policy.<\/p><p>• All commercials will be as per GST and tax laws.<\/p><p>• The Pilgrim Ambassador will be given a unique code offering of 15% discount to their audience. The sales data for the UTM link & code will be accessible to the Pilgrim Ambassador at all times for better transparency. <\/p><p>• All information shared with the customers\/followers regarding the products & the brand will be as per the guidelines given by the Company.<\/p><p>• The  Pilgrim Ambassador will not solicit new business using the name of the brand or the name of the Company unless written permission is granted by the Company to do so.<\/p><p>• The Company shall have the right to withhold payments post-issuance of the termination notice to the  Pilgrim Ambassador. The said withheld payments will only be processed after any loss or liabilities if any occurred on the Company due to the  Pilgrim Ambassador are settled.<\/p>","open":false}},"41c5767b-ab6a-4983-af08-8d1bb55bb7f9":{"type":"accordion","settings":{"title":"PAYMENT TERMS","content":"<p>• The Company shall make the payment within 30 working days from the date of the invoice being generated by the Pilgrim Ambassador by way of Bank Transfer.<\/p>","open":false}},"79c35eab-9307-4e32-8e28-4a23527ac1cd":{"type":"accordion","settings":{"title":"CONFIDENTIALITY (Non-Disclosure Agreement)","content":"<p>• The Pilgrim Ambassador shall not disclose to any third party or use any Confidential Information of the other Party (the “Disclosing Party\") in any manner whatsoever. All information exchanged of any nature whatsoever under this Agreement is confidential.<\/p>","open":false}},"82cfb1fa-3664-42f9-93dd-38ac97f769cc":{"type":"accordion","settings":{"title":"AMENDMENT","content":"<p>• No change, amendment or modification of any provision of this Agreement shall be valid unless outlined in a written instrument signed by both the parties. This Agreement sets forth the entire agreement and supersedes any and all prior agreements, written or oral, of the parties concerning the transactions set forth herein.<\/p>","open":false}},"085645f5-5c0a-4367-a8bd-3017962a0ab4":{"type":"accordion","settings":{"title":"TERMINATION","content":"<p>The Company shall have the right to terminate this Agreement in the following circumstances:<\/p><p>• For breach of any of the terms of this Agreement (express or implied), a notice period of 5 days would be given by the Company prior to such termination;<\/p><p><\/p><p>• In cases where any act done by the Pilgrim Ambassador is prejudicial to the interest of the Company and\/ or its associates\/affiliates and\/or the content and\/or is defamatory under the laws of India, the Company shall have the right to terminate this Agreement without notice.<\/p><p><\/p><p>• In the event of termination of this Agreement, the Pilgrim Ambassador shall return all the Confidential Information to the Company and shall immediately cease to promote the products of the Company.<\/p>","open":false}}},"block_order":["c38a0941-42c9-40cf-874e-5cdb0a9423d1","22fba691-3251-4b32-89d4-e6c5b0715be5","ddc179f1-141c-4d3a-ac50-467f906dd690","a2d8b198-e3d7-46cb-81ff-bb57bd693593","b6728891-0b96-47aa-84f3-2dca0b8d90a8","e117bae4-82a2-4842-9be5-d8f5ae33ca7b","7d110688-3297-4f5d-8040-22f430c27063","d6063299-e885-41f1-871b-48298f8c61dc","0ffdf00a-c4ae-4b7e-8cba-80476094790c","b043c9cb-014d-4f52-8d6e-4282ad7408fa","054b49c5-8483-419c-b8fa-4d933ad3f828","23e154bb-eb4e-462a-a6c5-7460c6964ac8","73e40abd-bbe2-496a-9a95-c79f03be8170","c310f8eb-ba45-4a32-8425-d800a3751b0b","03a8174d-1575-4ff2-ae06-090c1cd0278f","f5eac9c7-85bd-4648-890a-07189ea3dc02","41f86238-5931-4f4e-851c-0c6e000e54cf","b56fee8f-b53b-483a-8540-c2ee47cc1bcc","395f8efe-beb1-4acd-970b-49c31f2747c2","e5b2d336-c425-40da-9dea-3c8e30bd3372","6ade924b-6642-4824-8b04-4182d9dd7f96","81509b6d-10cb-4c8c-b765-77c562a8dd96","41c5767b-ab6a-4983-af08-8d1bb55bb7f9","79c35eab-9307-4e32-8e28-4a23527ac1cd","82cfb1fa-3664-42f9-93dd-38ac97f769cc","085645f5-5c0a-4367-a8bd-3017962a0ab4"],"settings":{"container":"container","menu":""}},"deef683d-68a1-42fe-93db-280ed4858aa8":{"type":"custom-content","blocks":{"template--16615436550373__deef683d-68a1-42fe-93db-280ed4858aa8-16661720216461ab3f-0":{"type":"text","settings":{"title":"","subheading":"","text":"<p>If you have any questions regarding these Terms & Conditions, please mail at <a href=\"mailto:affiliates@discoverpilgrim.com\"><span style=\"text-decoration:underline\">affiliates@discoverpilgrim.com<\/span><\/a>.<\/p>","width":"50%","alignment":"center","align_text":"left","text_size":"medium","text_color":"black","button_label":"","button_link":"","button_style":"sf__btn-primary","button_size":"","block_custom_class":""}}},"block_order":["template--16615436550373__deef683d-68a1-42fe-93db-280ed4858aa8-16661720216461ab3f-0"],"settings":{"heading":"","subheading":"","description":"","header_alignment":"center","container":"container-fluid","background_color":"","gap":30,"use_scroll_mobile":false,"gap_mobile":16,"custom_class":""}}},"order":["main","deef683d-68a1-42fe-93db-280ed4858aa8"]}