{"sections":{"main":{"type":"main-product","blocks":{"4c3fe1af-3a3a-4b49-a834-fe645ac8c948":{"type":"custom_text","disabled":true,"settings":{"content":"<p><strong>{{ product.title }}<\/strong><\/p>"}},"1e4f3e3f-f1bd-402b-a43d-ba59ae45e0cd":{"type":"custom_liquid","settings":{"custom_liquid":"<html>\n<div style=\"font-size: 30px; padding-top: 5px;\"> <strong> {{ product.title }} <\/strong> <\/div><\/html>"}},"279ef478-3cfb-47c8-8fb5-8ee105881e2b":{"type":"custom_liquid","disabled":true,"settings":{"custom_liquid":"<div class=\"B1G1\" style=\"width:20%;\">B1G1<\/div>"}},"96e0d497-691e-47b4-9bb9-77c4efa475c2":{"type":"custom_text","disabled":true,"settings":{"content":"<p><strong>{{ product.title }}<\/strong><\/p>"}},"6fdcc8bc-3d20-4ef3-975e-f5b408078378":{"type":"badge","settings":{}},"title":{"type":"title","disabled":true,"settings":{}},"9254da6c-36a5-481b-967a-e8316a844800":{"type":"text","disabled":true,"settings":{"text":"{{ product.metafields.my_fields.after_atc_single_line_text.value }}","text_style":"subtitle"}},"fc817cd4-5da6-4582-9ea9-f38d291462e4":{"type":"text","settings":{"text":"MRP:","text_style":"uppercase"}},"price":{"type":"price","settings":{"show_saving":true}},"b90547e3-4ff9-4c96-8e29-ba62028f3c33":{"type":"text","settings":{"text":"Inclusive of all taxes.","text_style":"subtitle"}},"variant_picker":{"type":"variant_picker","disabled":true,"settings":{"size_title":"Style"}},"buy_buttons":{"type":"buy_buttons","settings":{"show_quantity_selector":false,"show_atc_button":true,"show_dynamic_checkout":false}},"75cd31ab-7b9c-4ebc-a330-bac6a8791a70":{"type":"image","disabled":true,"settings":{"image":"shopify:\/\/shop_images\/Fabulous-Friday-Buy-Any-3-At-1099-PDP-Offer-Banner-800px.jpg","image_link":"","image_width":100,"image_alignment":"start"}},"3c252586-d180-470f-bc03-521a714f69e4":{"type":"image","disabled":true,"settings":{"image":"shopify:\/\/shop_images\/mobileBanner.png","image_link":"","image_width":100,"image_alignment":"center"}},"e0878431-d3db-4537-ac2e-373a773450c7":{"type":"short_description","disabled":true,"settings":{}},"3e4d565e-a72d-4d4b-b534-b03dda33f967":{"type":"custom_field","disabled":true,"settings":{"title":"Custom text","field_type":"text","field_options":"","field_placeholder":"","field_required":false,"show_at_checkout":true}}},"block_order":["4c3fe1af-3a3a-4b49-a834-fe645ac8c948","1e4f3e3f-f1bd-402b-a43d-ba59ae45e0cd","279ef478-3cfb-47c8-8fb5-8ee105881e2b","96e0d497-691e-47b4-9bb9-77c4efa475c2","6fdcc8bc-3d20-4ef3-975e-f5b408078378","title","9254da6c-36a5-481b-967a-e8316a844800","fc817cd4-5da6-4582-9ea9-f38d291462e4","price","b90547e3-4ff9-4c96-8e29-ba62028f3c33","variant_picker","buy_buttons","75cd31ab-7b9c-4ebc-a330-bac6a8791a70","3c252586-d180-470f-bc03-521a714f69e4","e0878431-d3db-4537-ac2e-373a773450c7","3e4d565e-a72d-4d4b-b534-b03dda33f967"],"settings":{"container":"container","layout":"layout-4","show_atwl":false,"enable_history_state":true,"show_zoom_button":true,"enable_video_autoplay":false,"show_nav_media_mobile":false,"show_pagination_mobile":true,"use_sticky_atc":true,"use_sticky_atc_on_mobile":true,"enable_dynamic_checkout":false,"sticky_atc_wishtlist":false,"sticky_atc_compare":false}},"165233526202ef3ffb":{"type":"brands-list","disabled":true,"blocks":{"16523352625088d8c4-0":{"type":"image","settings":{"image_by_url":"{{ product.metafields.my_fields.ingredients1_url.value }}","image_link":"","max_width":"350px"}},"16523352625088d8c4-1":{"type":"image","settings":{"image_by_url":"{{ product.metafields.my_fields.ingredients2_url.value }}","image_link":"","max_width":"350px"}},"16523352625088d8c4-2":{"type":"image","settings":{"image_by_url":"{{ product.metafields.my_fields.ingredients3_url.value }}","image_link":"","max_width":"350px"}}},"block_order":["16523352625088d8c4-0","16523352625088d8c4-1","16523352625088d8c4-2"],"settings":{"heading":"Powerful Ingredients","subheading":"","header_alignment":"center","container":"container","background_color":"rgba(0,0,0,0)","item_per_row":3,"enable_slider":true,"autorotate":true,"autorotate_speed":3,"custom_class":""}},"16494867301842afff":{"type":"collapsible-tabs","disabled":true,"blocks":{"16494867307dbee142-0":{"type":"item","settings":{"header":"See All Ingredients","content":"<p>{{ product.metafields.my_fields.after_atc_test_ingrdients.value }}<\/p>","content_page":"","open":false}}},"block_order":["16494867307dbee142-0"],"settings":{"container":"container-narrow"}},"1648124814f79336e0":{"type":"collection-list","disabled":true,"blocks":{"16481248138709d903-0":{"type":"collection_block","settings":{"collection":"","title":"Step 1","item_image":"shopify:\/\/shop_images\/LANEIGE_WSM_HowToUse_242x242-1alt_240x240_crop_center_ada43e4e-2300-4787-a9e1-78ef28bedea0.gif"}},"16481248138709d903-1":{"type":"collection_block","settings":{"collection":"","title":"Step 2","item_image":"shopify:\/\/shop_images\/LANEIGE_WSM_HowToUse_242x242-2_240x240_crop_center_1d71a59e-dc60-4938-976d-91148b105b35.gif"}},"16481248138709d903-2":{"type":"collection_block","settings":{"collection":"","title":"Step 3","item_image":"shopify:\/\/shop_images\/LANEIGE_WSM_HowToUse_242x242-3_240x240_crop_center_d27e728c-84f6-4a19-9fd6-be09be96766d.gif"}}},"block_order":["16481248138709d903-0","16481248138709d903-1","16481248138709d903-2"],"settings":{"heading":"How to use?","subheading":"","description":"","header_alignment":"center","container":"container-fluid","background_color":"","layout":"grid","card_style":"standard","text_alignment":"left","hover_effect":"scaling-down","show_product_count":true,"count_inline_title":true,"image_rounded":false,"items_per_row":3,"item_gap":30,"enable_slider":true,"show_pagination":false,"show_navigation":false,"autorotate":false,"autorotate_speed":5,"use_scroll_mobile":true,"mobile_gap":26,"hidden_slide_control_mobile":false,"custom_class":""}},"1651576694774d624e":{"type":"collapsible-tabs","blocks":{"16515766949eabb77e-0":{"type":"item","disabled":true,"settings":{"header":"Additional Information","content":"<p>{{ product.metafields.my_fields.additional_information | metafield_tag }}<\/p>","content_page":"","open":false}},"16515766949eabb77e-1":{"type":"item","settings":{"header":"How to Redeem","content":"<p>{{ product.metafields.my_fields.how_to_use | metafield_tag }}<\/p>","content_page":"","open":true}},"38f9beb2-573f-4112-b464-81ea872eff23":{"type":"liquid","disabled":true,"settings":{"header":"{{ product.metafields.my_fields.product_range.value }}","custom_liquid":"{{ product.metafields.my_fields.faq_products.value }}"}}},"block_order":["16515766949eabb77e-0","16515766949eabb77e-1","38f9beb2-573f-4112-b464-81ea872eff23"],"settings":{"container":"container-narrow"}},"1651935717456da1da":{"type":"custom-content","blocks":{"1651935716b1cc0b7b-0":{"type":"text","settings":{"title":"","subheading":"","text":"<p><\/p>","width":"50%","alignment":"center","align_text":"left","text_size":"medium","text_color":"black","button_label":"","button_link":"","button_style":"sf__btn-primary","button_size":"","block_custom_class":"faq-header"}}},"block_order":["1651935716b1cc0b7b-0"],"settings":{"heading":"Frequently Asked","subheading":"","description":"","header_alignment":"center","container":"w-full","background_color":"","gap":30,"use_scroll_mobile":false,"gap_mobile":16,"custom_class":""}},"1651929136acb2fa69":{"type":"collapsible-tabs","blocks":{"16519291366d4bcadb-0":{"type":"item","settings":{"header":"• {{ product.metafields.my_fields.question1.value }}","content":"<p>» {{ product.metafields.my_fields.answer1 | metafield_tag }}<\/p>","content_page":"","open":false}},"16519291366d4bcadb-1":{"type":"item","settings":{"header":"• {{ product.metafields.my_fields.question2.value }}","content":"<p>» {{ product.metafields.my_fields.answer2 | metafield_tag }}<\/p>","content_page":"","open":false}},"98ffb8ef-7cdf-4787-bf8e-ef73a005dfc3":{"type":"item","settings":{"header":"• {{ product.metafields.my_fields.question3.value }}","content":"<p>» {{ product.metafields.my_fields.answer3 | metafield_tag }}<\/p>","content_page":"","open":false}},"961cea91-f9cb-4d3a-a1bc-0ace5e6ae223":{"type":"item","settings":{"header":"• {{ product.metafields.my_fields.question4.value }}","content":"<p>» {{ product.metafields.my_fields.answer4 | metafield_tag }}<\/p>","content_page":"","open":false}},"02916977-e9f2-4d67-8206-b72aa4149767":{"type":"item","settings":{"header":"• {{ product.metafields.my_fields.question5.value }}","content":"<p>» {{ product.metafields.my_fields.answer5 | metafield_tag }}<\/p>","content_page":"","open":false}},"62f2c1f7-1bd5-4835-a645-c7e10a147359":{"type":"item","settings":{"header":"• {{ product.metafields.my_fields.question6.value }}","content":"<p>» {{ product.metafields.my_fields.answer6 | metafield_tag }}<\/p>","content_page":"","open":false}},"07f5802c-4cfc-4b4c-88a8-1471cf84367f":{"type":"item","settings":{"header":"• {{ product.metafields.my_fields.question7.value }}","content":"<p>» {{ product.metafields.my_fields.answer7 | metafield_tag }} <\/p>","content_page":"","open":false}},"1527e8c4-8573-41ff-882f-8eecca1eb443":{"type":"item","settings":{"header":"• {{ product.metafields.my_fields.question8.value }}","content":"<p>» {{ product.metafields.my_fields.answer8 | metafield_tag }}<\/p>","content_page":"","open":false}},"7e4929fd-561d-4088-99c6-e76439bd6fcc":{"type":"item","settings":{"header":"• {{ product.metafields.my_fields.question9.value }}","content":"<p>» {{ product.metafields.my_fields.answer9 | metafield_tag }}<\/p>","content_page":"","open":false}},"1a8d4444-d96c-49c1-8c2e-34b537101fe7":{"type":"item","settings":{"header":"• {{ product.metafields.my_fields.question10.value }}","content":"<p>» {{ product.metafields.my_fields.answer10 | metafield_tag }} <\/p>","content_page":"","open":false}}},"block_order":["16519291366d4bcadb-0","16519291366d4bcadb-1","98ffb8ef-7cdf-4787-bf8e-ef73a005dfc3","961cea91-f9cb-4d3a-a1bc-0ace5e6ae223","02916977-e9f2-4d67-8206-b72aa4149767","62f2c1f7-1bd5-4835-a645-c7e10a147359","07f5802c-4cfc-4b4c-88a8-1471cf84367f","1527e8c4-8573-41ff-882f-8eecca1eb443","7e4929fd-561d-4088-99c6-e76439bd6fcc","1a8d4444-d96c-49c1-8c2e-34b537101fe7"],"settings":{"container":"container"}},"16603138547230ec98":{"type":"image-with-text-2","settings":{"container":"w-full","hero_size":"adapt","show_overlay":false,"image":"shopify:\/\/shop_images\/desktop-pdp-pilgrim-code_2.png","bg_position":"center","image_link":"","parallax":false,"content_in_container":false,"content_position":"center middle","text_alignment":"center","text_size":"medium","text_color":"white","title":"","subtitle":"","text":"","button_label":"","button_link":"","button_style":"sf__btn-primary","button_size":"","mb_image":"shopify:\/\/shop_images\/pdp-pilgrim-code-mobile-1_2.png","use_content_above":false,"custom_class":""}},"product-recommendations":{"type":"product-recommendations","disabled":true,"settings":{"container":"container","heading":"Frequently Bought Together","limit":4,"columns":4,"column_gap":30,"enable_slider":true}},"product-details-tabs":{"type":"product-details-tabs","disabled":true,"blocks":{"e3684d89-7992-4811-98a0-4e38529b4fbb":{"type":"reviews","settings":{"header":"Customer Reviews","container":"container-fluid","custom_liquid":""}},"tab":{"type":"tab","settings":{"header":"Shipping & Return","content":"<p><\/p>","content_page":"shipping-returns"}},"description":{"type":"description","disabled":true,"settings":{"header":"Know more about {{ product.title }}"}}},"block_order":["e3684d89-7992-4811-98a0-4e38529b4fbb","tab","description"],"settings":{"container":"container","bg_color":"","default_open":false}}},"order":["main","165233526202ef3ffb","16494867301842afff","1648124814f79336e0","1651576694774d624e","1651935717456da1da","1651929136acb2fa69","16603138547230ec98","product-recommendations","product-details-tabs"]}