{"type":"footer","name":"Footer group","sections":{"text-with-icons":{"type":"text-with-icons","blocks":{"item-1":{"type":"item","settings":{"icon":"picto-box","title":"Free shipping","content":"<p>Free worldwide shipping and returns - customs and duties taxes included<\/p>"}},"item-2":{"type":"item","settings":{"icon":"picto-phone","title":"Customer service","content":"<p>We are available from monday to friday to answer your questions.<\/p>"}},"item-3":{"type":"item","settings":{"icon":"picto-lock","title":"Secure payment","content":"<p>Your payment information is processed securely.<\/p>"}},"item-4":{"type":"item","settings":{"icon":"picto-email","title":"Contact us","content":"<p>Need to contact us ? Just send us an e-mail at info@yourstore.com<\/p>"}}},"block_order":["item-1","item-2","item-3","item-4"],"settings":{}},"newsletter":{"type":"newsletter","settings":{}},"footer":{"type":"footer","blocks":{"text":{"type":"text","settings":{}},"links":{"type":"links","settings":{"menu":"footer"}},"newsletter":{"type":"newsletter","settings":{}},"social_media":{"type":"social_media","settings":{}}},"block_order":["text","links","newsletter","social_media"],"settings":{}}},"order":["text-with-icons","newsletter","footer"]}