{"type":"header","name":"Header group","sections":{"announcement-bar":{"type":"announcement-bar","blocks":{"message-1":{"type":"message","settings":{"text":"Announce something here","learn_more_text":"Learn more","title":"","content":"","button_text":"","button_link":""}}},"block_order":["message-1"],"disabled":true,"settings":{"announcement_bar_position":"non_sticky","announcement_text_size":"normal","autoplay":true,"cycle_speed":5,"background":"#f7aea6","text_color":"#56112a","button_background":"#56112a","button_text_color":"#ffffff"}},"header":{"type":"header","settings":{"enable_sticky_header":true,"logo":"{{ shop.brand.logo }}","logo_max_width":140,"mobile_logo_max_width":100,"navigation_menu":"main-menu","sidebar_navigation_menu":"","header_layout":"logo_left_navigation_center","show_icons":false,"reduce_desktop_padding":false,"show_locale_selector":true,"show_country_selector":false,"enable_transparent_header":false,"transparent_header_text_color":"#ffffff","search_menu":""}}},"order":["announcement-bar","header"]}